ISO-10303-21;
HEADER;
FILE_DESCRIPTION(('KiCad electronic assembly'),'2;1');
FILE_NAME('keyboard_shortcut_board.step','2026-08-30T11:27:30',('Pcbnew'
    ),('Kicad'),'Open CASCADE STEP processor 7.9',
  'KiCad to STEP converter','Unknown');
FILE_SCHEMA(('AUTOMOTIVE_DESIGN { 1 0 10303 214 1 1 1 1 }'));
ENDSEC;
DATA;
#1 = APPLICATION_PROTOCOL_DEFINITION('international standard',
  'automotive_design',2000,#2);
#2 = APPLICATION_CONTEXT(
  'core data for automotive mechanical design processes');
#3 = SHAPE_DEFINITION_REPRESENTATION(#4,#10);
#4 = PRODUCT_DEFINITION_SHAPE('','',#5);
#5 = PRODUCT_DEFINITION('design','',#6,#9);
#6 = PRODUCT_DEFINITION_FORMATION('','',#7);
#7 = PRODUCT('keyboard_shortcut_board 1','keyboard_shortcut_board 1','',
  (#8));
#8 = PRODUCT_CONTEXT('',#2,'mechanical');
#9 = PRODUCT_DEFINITION_CONTEXT('part definition',#2,'design');
#10 = SHAPE_REPRESENTATION('',(#11,#15,#19,#23,#27,#31,#35,#39,#43,#47,
    #51,#55,#59,#63,#67,#71,#75,#79,#83,#87),#91);
#11 = AXIS2_PLACEMENT_3D('',#12,#13,#14);
#12 = CARTESIAN_POINT('',(0.,0.,0.));
#13 = DIRECTION('',(0.,0.,1.));
#14 = DIRECTION('',(1.,0.,-0.));
#15 = AXIS2_PLACEMENT_3D('',#16,#17,#18);
#16 = CARTESIAN_POINT('',(48.86,-62.05,1.595));
#17 = DIRECTION('',(0.,0.,1.));
#18 = DIRECTION('',(1.,0.,0.));
#19 = AXIS2_PLACEMENT_3D('',#20,#21,#22);
#20 = CARTESIAN_POINT('',(105.31,-48.9875,1.595));
#21 = DIRECTION('',(0.,0.,1.));
#22 = DIRECTION('',(1.,0.,0.));
#23 = AXIS2_PLACEMENT_3D('',#24,#25,#26);
#24 = CARTESIAN_POINT('',(105.31,-30.05,1.595));
#25 = DIRECTION('',(0.,0.,1.));
#26 = DIRECTION('',(1.,0.,0.));
#27 = AXIS2_PLACEMENT_3D('',#28,#29,#30);
#28 = CARTESIAN_POINT('',(87.26,-62.4028,1.595));
#29 = DIRECTION('',(0.,0.,1.));
#30 = DIRECTION('',(1.,0.,0.));
#31 = AXIS2_PLACEMENT_3D('',#32,#33,#34);
#32 = CARTESIAN_POINT('',(105.31,-61.6125,1.595));
#33 = DIRECTION('',(0.,0.,1.));
#34 = DIRECTION('',(1.,0.,0.));
#35 = AXIS2_PLACEMENT_3D('',#36,#37,#38);
#36 = CARTESIAN_POINT('',(87.36,-100.05,1.595));
#37 = DIRECTION('',(0.,0.,1.));
#38 = DIRECTION('',(1.,0.,0.));
#39 = AXIS2_PLACEMENT_3D('',#40,#41,#42);
#40 = CARTESIAN_POINT('',(105.31,-42.675,1.595));
#41 = DIRECTION('',(0.,0.,1.));
#42 = DIRECTION('',(1.,0.,0.));
#43 = AXIS2_PLACEMENT_3D('',#44,#45,#46);
#44 = CARTESIAN_POINT('',(67.86,-100.05,1.595));
#45 = DIRECTION('',(0.,0.,1.));
#46 = DIRECTION('',(1.,0.,0.));
#47 = AXIS2_PLACEMENT_3D('',#48,#49,#50);
#48 = CARTESIAN_POINT('',(48.86,-81.05,1.595));
#49 = DIRECTION('',(0.,0.,1.));
#50 = DIRECTION('',(1.,0.,0.));
#51 = AXIS2_PLACEMENT_3D('',#52,#53,#54);
#52 = CARTESIAN_POINT('',(67.86,-81.05,1.595));
#53 = DIRECTION('',(0.,0.,1.));
#54 = DIRECTION('',(1.,0.,0.));
#55 = AXIS2_PLACEMENT_3D('',#56,#57,#58);
#56 = CARTESIAN_POINT('',(105.31,-55.3,1.595));
#57 = DIRECTION('',(0.,0.,1.));
#58 = DIRECTION('',(1.,0.,0.));
#59 = AXIS2_PLACEMENT_3D('',#60,#61,#62);
#60 = CARTESIAN_POINT('',(48.86,-100.55,1.595));
#61 = DIRECTION('',(0.,0.,1.));
#62 = DIRECTION('',(1.,0.,0.));
#63 = AXIS2_PLACEMENT_3D('',#64,#65,#66);
#64 = CARTESIAN_POINT('',(105.31,-67.925,1.595));
#65 = DIRECTION('',(0.,0.,1.));
#66 = DIRECTION('',(1.,0.,0.));
#67 = AXIS2_PLACEMENT_3D('',#68,#69,#70);
#68 = CARTESIAN_POINT('',(67.86,-62.55,1.595));
#69 = DIRECTION('',(0.,0.,1.));
#70 = DIRECTION('',(1.,0.,0.));
#71 = AXIS2_PLACEMENT_3D('',#72,#73,#74);
#72 = CARTESIAN_POINT('',(105.31,-36.3625,1.595));
#73 = DIRECTION('',(0.,0.,1.));
#74 = DIRECTION('',(1.,0.,0.));
#75 = AXIS2_PLACEMENT_3D('',#76,#77,#78);
#76 = CARTESIAN_POINT('',(87.36,-81.05,1.595));
#77 = DIRECTION('',(0.,0.,1.));
#78 = DIRECTION('',(1.,0.,0.));
#79 = AXIS2_PLACEMENT_3D('',#80,#81,#82);
#80 = CARTESIAN_POINT('',(105.31,-80.55,1.595));
#81 = DIRECTION('',(0.,0.,1.));
#82 = DIRECTION('',(1.,0.,0.));
#83 = AXIS2_PLACEMENT_3D('',#84,#85,#86);
#84 = CARTESIAN_POINT('',(105.31,-74.2375,1.595));
#85 = DIRECTION('',(0.,0.,1.));
#86 = DIRECTION('',(1.,0.,0.));
#87 = AXIS2_PLACEMENT_3D('',#88,#89,#90);
#88 = CARTESIAN_POINT('',(0.,0.,0.));
#89 = DIRECTION('',(0.,0.,1.));
#90 = DIRECTION('',(1.,0.,-0.));
#91 = ( GEOMETRIC_REPRESENTATION_CONTEXT(3) 
GLOBAL_UNCERTAINTY_ASSIGNED_CONTEXT((#95)) GLOBAL_UNIT_ASSIGNED_CONTEXT(
(#92,#93,#94)) REPRESENTATION_CONTEXT('Context #1',
  '3D Context with UNIT and UNCERTAINTY') );
#92 = ( LENGTH_UNIT() NAMED_UNIT(*) SI_UNIT(.MILLI.,.METRE.) );
#93 = ( NAMED_UNIT(*) PLANE_ANGLE_UNIT() SI_UNIT($,.RADIAN.) );
#94 = ( NAMED_UNIT(*) SI_UNIT($,.STERADIAN.) SOLID_ANGLE_UNIT() );
#95 = UNCERTAINTY_MEASURE_WITH_UNIT(LENGTH_MEASURE(1.E-06),#92,
  'distance_accuracy_value','confusion accuracy');
#96 = PRODUCT_RELATED_PRODUCT_CATEGORY('part',$,(#7));
#97 = SHAPE_DEFINITION_REPRESENTATION(#98,#104);
#98 = PRODUCT_DEFINITION_SHAPE('','',#99);
#99 = PRODUCT_DEFINITION('design','',#100,#103);
#100 = PRODUCT_DEFINITION_FORMATION('','',#101);
#101 = PRODUCT('LED_SK6812MINI-E_3.2x2.8mm_P1.5mm_ReverseMount',
  'LED_SK6812MINI-E_3.2x2.8mm_P1.5mm_ReverseMount','',(#102));
#102 = PRODUCT_CONTEXT('',#2,'mechanical');
#103 = PRODUCT_DEFINITION_CONTEXT('part definition',#2,'design');
#104 = SHAPE_REPRESENTATION('',(#11,#105),#109);
#105 = AXIS2_PLACEMENT_3D('',#106,#107,#108);
#106 = CARTESIAN_POINT('',(0.,0.,0.));
#107 = DIRECTION('',(0.,0.,1.));
#108 = DIRECTION('',(1.,0.,-0.));
#109 = ( GEOMETRIC_REPRESENTATION_CONTEXT(3) 
GLOBAL_UNCERTAINTY_ASSIGNED_CONTEXT((#113)) GLOBAL_UNIT_ASSIGNED_CONTEXT
((#110,#111,#112)) REPRESENTATION_CONTEXT('Context #1',
  '3D Context with UNIT and UNCERTAINTY') );
#110 = ( LENGTH_UNIT() NAMED_UNIT(*) SI_UNIT(.MILLI.,.METRE.) );
#111 = ( NAMED_UNIT(*) PLANE_ANGLE_UNIT() SI_UNIT($,.RADIAN.) );
#112 = ( NAMED_UNIT(*) SI_UNIT($,.STERADIAN.) SOLID_ANGLE_UNIT() );
#113 = UNCERTAINTY_MEASURE_WITH_UNIT(LENGTH_MEASURE(2.E-06),#110,
  'distance_accuracy_value','confusion accuracy');
#114 = CONTEXT_DEPENDENT_SHAPE_REPRESENTATION(#115,#117);
#115 = ( REPRESENTATION_RELATIONSHIP('','',#104,#10) 
REPRESENTATION_RELATIONSHIP_WITH_TRANSFORMATION(#116) 
SHAPE_REPRESENTATION_RELATIONSHIP() );
#116 = ITEM_DEFINED_TRANSFORMATION('','',#11,#15);
#117 = PRODUCT_DEFINITION_SHAPE('Placement','Placement of an item',#118
  );
#118 = NEXT_ASSEMBLY_USAGE_OCCURRENCE('7','D1','',#5,#99,$);
#119 = PRODUCT_RELATED_PRODUCT_CATEGORY('part',$,(#101));
#120 = SHAPE_DEFINITION_REPRESENTATION(#121,#127);
#121 = PRODUCT_DEFINITION_SHAPE('','',#122);
#122 = PRODUCT_DEFINITION('design','',#123,#126);
#123 = PRODUCT_DEFINITION_FORMATION('','',#124);
#124 = PRODUCT('LED_SK6812MINI_E_3_2x2_8mm_P1_5mm',
  'LED_SK6812MINI_E_3_2x2_8mm_P1_5mm','',(#125));
#125 = PRODUCT_CONTEXT('',#2,'mechanical');
#126 = PRODUCT_DEFINITION_CONTEXT('part definition',#2,'design');
#127 = SHAPE_REPRESENTATION('',(#11,#128,#132,#136,#140,#144),#148);
#128 = AXIS2_PLACEMENT_3D('',#129,#130,#131);
#129 = CARTESIAN_POINT('',(0.,0.,0.));
#130 = DIRECTION('',(0.,0.,1.));
#131 = DIRECTION('',(1.,0.,0.));
#132 = AXIS2_PLACEMENT_3D('',#133,#134,#135);
#133 = CARTESIAN_POINT('',(0.,0.,0.));
#134 = DIRECTION('',(0.,0.,1.));
#135 = DIRECTION('',(1.,0.,0.));
#136 = AXIS2_PLACEMENT_3D('',#137,#138,#139);
#137 = CARTESIAN_POINT('',(0.,0.,0.));
#138 = DIRECTION('',(0.,0.,1.));
#139 = DIRECTION('',(1.,0.,0.));
#140 = AXIS2_PLACEMENT_3D('',#141,#142,#143);
#141 = CARTESIAN_POINT('',(0.,0.,0.));
#142 = DIRECTION('',(0.,0.,1.));
#143 = DIRECTION('',(1.,0.,0.));
#144 = AXIS2_PLACEMENT_3D('',#145,#146,#147);
#145 = CARTESIAN_POINT('',(0.,0.,0.));
#146 = DIRECTION('',(0.,0.,1.));
#147 = DIRECTION('',(1.,0.,0.));
#148 = ( GEOMETRIC_REPRESENTATION_CONTEXT(3) 
GLOBAL_UNCERTAINTY_ASSIGNED_CONTEXT((#152)) GLOBAL_UNIT_ASSIGNED_CONTEXT
((#149,#150,#151)) REPRESENTATION_CONTEXT('Context #1',
  '3D Context with UNIT and UNCERTAINTY') );
#149 = ( LENGTH_UNIT() NAMED_UNIT(*) SI_UNIT(.MILLI.,.METRE.) );
#150 = ( NAMED_UNIT(*) PLANE_ANGLE_UNIT() SI_UNIT($,.RADIAN.) );
#151 = ( NAMED_UNIT(*) SI_UNIT($,.STERADIAN.) SOLID_ANGLE_UNIT() );
#152 = UNCERTAINTY_MEASURE_WITH_UNIT(LENGTH_MEASURE(2.E-06),#149,
  'distance_accuracy_value','confusion accuracy');
#153 = CONTEXT_DEPENDENT_SHAPE_REPRESENTATION(#154,#156);
#154 = ( REPRESENTATION_RELATIONSHIP('','',#127,#104) 
REPRESENTATION_RELATIONSHIP_WITH_TRANSFORMATION(#155) 
SHAPE_REPRESENTATION_RELATIONSHIP() );
#155 = ITEM_DEFINED_TRANSFORMATION('','',#11,#105);
#156 = PRODUCT_DEFINITION_SHAPE('Placement','Placement of an item',#157
  );
#157 = NEXT_ASSEMBLY_USAGE_OCCURRENCE('6','=>[0:1:1:3]','',#99,#122,$);
#158 = PRODUCT_RELATED_PRODUCT_CATEGORY('part',$,(#124));
#159 = SHAPE_DEFINITION_REPRESENTATION(#160,#166);
#160 = PRODUCT_DEFINITION_SHAPE('','',#161);
#161 = PRODUCT_DEFINITION('design','',#162,#165);
#162 = PRODUCT_DEFINITION_FORMATION('','',#163);
#163 = PRODUCT('Body','Body','',(#164));
#164 = PRODUCT_CONTEXT('',#2,'mechanical');
#165 = PRODUCT_DEFINITION_CONTEXT('part definition',#2,'design');
#166 = ADVANCED_BREP_SHAPE_REPRESENTATION('',(#11,#167),#1017);
#167 = MANIFOLD_SOLID_BREP('',#168);
#168 = CLOSED_SHELL('',(#169,#225,#272,#305,#329,#370,#417,#428,#453,
    #475,#574,#591,#627,#651,#669,#761,#773,#790,#807,#824,#841,#858,
    #886,#903,#920,#937,#949,#974,#999,#1008));
#169 = ADVANCED_FACE('',(#170),#220,.F.);
#170 = FACE_BOUND('',#171,.F.);
#171 = EDGE_LOOP('',(#172,#182,#190,#198,#206,#214));
#172 = ORIENTED_EDGE('',*,*,#173,.F.);
#173 = EDGE_CURVE('',#174,#176,#178,.T.);
#174 = VERTEX_POINT('',#175);
#175 = CARTESIAN_POINT('',(-1.6,1.4,0.15));
#176 = VERTEX_POINT('',#177);
#177 = CARTESIAN_POINT('',(-1.6,1.4,-0.83995));
#178 = LINE('',#179,#180);
#179 = CARTESIAN_POINT('',(-1.6,1.4,0.15));
#180 = VECTOR('',#181,1.);
#181 = DIRECTION('',(0.,2.2E-16,-1.));
#182 = ORIENTED_EDGE('',*,*,#183,.T.);
#183 = EDGE_CURVE('',#174,#184,#186,.T.);
#184 = VERTEX_POINT('',#185);
#185 = CARTESIAN_POINT('',(-1.6,-1.4,0.15));
#186 = LINE('',#187,#188);
#187 = CARTESIAN_POINT('',(-1.6,1.4,0.15));
#188 = VECTOR('',#189,1.);
#189 = DIRECTION('',(0.,-1.,2.2E-16));
#190 = ORIENTED_EDGE('',*,*,#191,.T.);
#191 = EDGE_CURVE('',#184,#192,#194,.T.);
#192 = VERTEX_POINT('',#193);
#193 = CARTESIAN_POINT('',(-1.6,-1.4,-0.34));
#194 = LINE('',#195,#196);
#195 = CARTESIAN_POINT('',(-1.6,-1.4,0.15));
#196 = VECTOR('',#197,1.);
#197 = DIRECTION('',(0.,2.2E-16,-1.));
#198 = ORIENTED_EDGE('',*,*,#199,.F.);
#199 = EDGE_CURVE('',#200,#192,#202,.T.);
#200 = VERTEX_POINT('',#201);
#201 = CARTESIAN_POINT('',(-1.6,-0.586827201635,-0.34));
#202 = LINE('',#203,#204);
#203 = CARTESIAN_POINT('',(-1.6,-0.586827201635,-0.34));
#204 = VECTOR('',#205,1.);
#205 = DIRECTION('',(0.,-1.,-2.2E-16));
#206 = ORIENTED_EDGE('',*,*,#207,.F.);
#207 = EDGE_CURVE('',#208,#200,#210,.T.);
#208 = VERTEX_POINT('',#209);
#209 = CARTESIAN_POINT('',(-1.6,-0.586827201635,-0.83995));
#210 = LINE('',#211,#212);
#211 = CARTESIAN_POINT('',(-1.6,-0.586827201635,-0.84));
#212 = VECTOR('',#213,1.);
#213 = DIRECTION('',(0.,0.,1.));
#214 = ORIENTED_EDGE('',*,*,#215,.F.);
#215 = EDGE_CURVE('',#176,#208,#216,.T.);
#216 = LINE('',#217,#218);
#217 = CARTESIAN_POINT('',(-1.6,1.4,-0.83995));
#218 = VECTOR('',#219,1.);
#219 = DIRECTION('',(0.,-1.,2.2E-16));
#220 = PLANE('',#221);
#221 = AXIS2_PLACEMENT_3D('',#222,#223,#224);
#222 = CARTESIAN_POINT('',(-1.6,1.4,0.15));
#223 = DIRECTION('',(1.,0.,0.));
#224 = DIRECTION('',(0.,-2.2E-16,-1.));
#225 = ADVANCED_FACE('',(#226),#267,.T.);
#226 = FACE_BOUND('',#227,.T.);
#227 = EDGE_LOOP('',(#228,#229,#237,#245,#253,#261));
#228 = ORIENTED_EDGE('',*,*,#173,.F.);
#229 = ORIENTED_EDGE('',*,*,#230,.F.);
#230 = EDGE_CURVE('',#231,#174,#233,.T.);
#231 = VERTEX_POINT('',#232);
#232 = CARTESIAN_POINT('',(-1.555,1.4,0.15));
#233 = LINE('',#234,#235);
#234 = CARTESIAN_POINT('',(1.6,1.4,0.15));
#235 = VECTOR('',#236,1.);
#236 = DIRECTION('',(-1.,0.,0.));
#237 = ORIENTED_EDGE('',*,*,#238,.F.);
#238 = EDGE_CURVE('',#239,#231,#241,.T.);
#239 = VERTEX_POINT('',#240);
#240 = CARTESIAN_POINT('',(1.555,1.4,0.15));
#241 = LINE('',#242,#243);
#242 = CARTESIAN_POINT('',(4.655694667823,1.4,0.15));
#243 = VECTOR('',#244,1.);
#244 = DIRECTION('',(-1.,-1.1E-16,1.1E-16));
#245 = ORIENTED_EDGE('',*,*,#246,.F.);
#246 = EDGE_CURVE('',#247,#239,#249,.T.);
#247 = VERTEX_POINT('',#248);
#248 = CARTESIAN_POINT('',(1.6,1.4,0.15));
#249 = LINE('',#250,#251);
#250 = CARTESIAN_POINT('',(1.6,1.4,0.15));
#251 = VECTOR('',#252,1.);
#252 = DIRECTION('',(-1.,0.,0.));
#253 = ORIENTED_EDGE('',*,*,#254,.F.);
#254 = EDGE_CURVE('',#255,#247,#257,.T.);
#255 = VERTEX_POINT('',#256);
#256 = CARTESIAN_POINT('',(1.6,1.4,-0.83995));
#257 = LINE('',#258,#259);
#258 = CARTESIAN_POINT('',(1.6,1.4,-0.84));
#259 = VECTOR('',#260,1.);
#260 = DIRECTION('',(0.,-2.2E-16,1.));
#261 = ORIENTED_EDGE('',*,*,#262,.F.);
#262 = EDGE_CURVE('',#176,#255,#263,.T.);
#263 = LINE('',#264,#265);
#264 = CARTESIAN_POINT('',(-1.6,1.4,-0.83995));
#265 = VECTOR('',#266,1.);
#266 = DIRECTION('',(1.,0.,0.));
#267 = PLANE('',#268);
#268 = AXIS2_PLACEMENT_3D('',#269,#270,#271);
#269 = CARTESIAN_POINT('',(-1.6814E-13,1.4,-2.455333978938E-02));
#270 = DIRECTION('',(0.,1.,-2.5E-16));
#271 = DIRECTION('',(0.,-2.5E-16,-1.));
#272 = ADVANCED_FACE('',(#273),#300,.T.);
#273 = FACE_BOUND('',#274,.T.);
#274 = EDGE_LOOP('',(#275,#284,#292,#299));
#275 = ORIENTED_EDGE('',*,*,#276,.T.);
#276 = EDGE_CURVE('',#176,#277,#279,.T.);
#277 = VERTEX_POINT('',#278);
#278 = CARTESIAN_POINT('',(-1.59995,1.39995,-0.84));
#279 = ELLIPSE('',#280,7.071067811865E-05,5.E-05);
#280 = AXIS2_PLACEMENT_3D('',#281,#282,#283);
#281 = CARTESIAN_POINT('',(-1.59995,1.39995,-0.83995));
#282 = DIRECTION('',(-0.707106781187,-0.707106781187,1.599999999999E-16)
  );
#283 = DIRECTION('',(0.707106781187,-0.707106781187,1.599999999999E-16)
  );
#284 = ORIENTED_EDGE('',*,*,#285,.T.);
#285 = EDGE_CURVE('',#277,#286,#288,.T.);
#286 = VERTEX_POINT('',#287);
#287 = CARTESIAN_POINT('',(-1.59995,-0.586877201635,-0.84));
#288 = LINE('',#289,#290);
#289 = CARTESIAN_POINT('',(-1.59995,1.4,-0.84));
#290 = VECTOR('',#291,1.);
#291 = DIRECTION('',(0.,-1.,2.2E-16));
#292 = ORIENTED_EDGE('',*,*,#293,.F.);
#293 = EDGE_CURVE('',#208,#286,#294,.T.);
#294 = CIRCLE('',#295,5.E-05);
#295 = AXIS2_PLACEMENT_3D('',#296,#297,#298);
#296 = CARTESIAN_POINT('',(-1.59995,-0.586877201635,-0.83995));
#297 = DIRECTION('',(0.,-1.,2.2E-16));
#298 = DIRECTION('',(0.,-2.2E-16,-1.));
#299 = ORIENTED_EDGE('',*,*,#215,.F.);
#300 = CYLINDRICAL_SURFACE('',#301,5.E-05);
#301 = AXIS2_PLACEMENT_3D('',#302,#303,#304);
#302 = CARTESIAN_POINT('',(-1.59995,1.4,-0.83995));
#303 = DIRECTION('',(0.,-1.,2.2E-16));
#304 = DIRECTION('',(-1.,0.,0.));
#305 = ADVANCED_FACE('',(#306),#324,.F.);
#306 = FACE_BOUND('',#307,.F.);
#307 = EDGE_LOOP('',(#308,#309,#317,#323));
#308 = ORIENTED_EDGE('',*,*,#230,.F.);
#309 = ORIENTED_EDGE('',*,*,#310,.T.);
#310 = EDGE_CURVE('',#231,#311,#313,.T.);
#311 = VERTEX_POINT('',#312);
#312 = CARTESIAN_POINT('',(-1.555,-1.4,0.15));
#313 = LINE('',#314,#315);
#314 = CARTESIAN_POINT('',(-1.555,1.4,0.15));
#315 = VECTOR('',#316,1.);
#316 = DIRECTION('',(0.,-1.,2.2E-16));
#317 = ORIENTED_EDGE('',*,*,#318,.T.);
#318 = EDGE_CURVE('',#311,#184,#319,.T.);
#319 = LINE('',#320,#321);
#320 = CARTESIAN_POINT('',(1.6,-1.4,0.15));
#321 = VECTOR('',#322,1.);
#322 = DIRECTION('',(-1.,0.,0.));
#323 = ORIENTED_EDGE('',*,*,#183,.F.);
#324 = PLANE('',#325);
#325 = AXIS2_PLACEMENT_3D('',#326,#327,#328);
#326 = CARTESIAN_POINT('',(1.6,1.4,0.15));
#327 = DIRECTION('',(0.,-2.2E-16,-1.));
#328 = DIRECTION('',(-1.,-0.,0.));
#329 = ADVANCED_FACE('',(#330),#365,.T.);
#330 = FACE_BOUND('',#331,.T.);
#331 = EDGE_LOOP('',(#332,#342,#348,#349,#350,#358));
#332 = ORIENTED_EDGE('',*,*,#333,.T.);
#333 = EDGE_CURVE('',#334,#336,#338,.T.);
#334 = VERTEX_POINT('',#335);
#335 = CARTESIAN_POINT('',(-0.786827201636,-1.4,-0.83995));
#336 = VERTEX_POINT('',#337);
#337 = CARTESIAN_POINT('',(-0.786827201636,-1.4,-0.34));
#338 = LINE('',#339,#340);
#339 = CARTESIAN_POINT('',(-0.786827201636,-1.4,-0.84));
#340 = VECTOR('',#341,1.);
#341 = DIRECTION('',(0.,0.,1.));
#342 = ORIENTED_EDGE('',*,*,#343,.T.);
#343 = EDGE_CURVE('',#336,#200,#344,.T.);
#344 = LINE('',#345,#346);
#345 = CARTESIAN_POINT('',(-0.786827201636,-1.4,-0.34));
#346 = VECTOR('',#347,1.);
#347 = DIRECTION('',(-0.707106781187,0.707106781187,1.599999999999E-16)
  );
#348 = ORIENTED_EDGE('',*,*,#207,.F.);
#349 = ORIENTED_EDGE('',*,*,#293,.T.);
#350 = ORIENTED_EDGE('',*,*,#351,.F.);
#351 = EDGE_CURVE('',#352,#286,#354,.T.);
#352 = VERTEX_POINT('',#353);
#353 = CARTESIAN_POINT('',(-0.786877201636,-1.39995,-0.84));
#354 = LINE('',#355,#356);
#355 = CARTESIAN_POINT('',(-0.786827201636,-1.4,-0.84));
#356 = VECTOR('',#357,1.);
#357 = DIRECTION('',(-0.707106781187,0.707106781187,1.599999999999E-16)
  );
#358 = ORIENTED_EDGE('',*,*,#359,.T.);
#359 = EDGE_CURVE('',#352,#334,#360,.T.);
#360 = CIRCLE('',#361,5.E-05);
#361 = AXIS2_PLACEMENT_3D('',#362,#363,#364);
#362 = CARTESIAN_POINT('',(-0.786877201636,-1.39995,-0.83995));
#363 = DIRECTION('',(-1.,-0.,0.));
#364 = DIRECTION('',(0.,-1.,-2.2E-16));
#365 = PLANE('',#366);
#366 = AXIS2_PLACEMENT_3D('',#367,#368,#369);
#367 = CARTESIAN_POINT('',(-0.786827201636,-1.4,-0.84));
#368 = DIRECTION('',(-0.707106781187,-0.707106781187,0.));
#369 = DIRECTION('',(-0.707106781187,0.707106781187,0.));
#370 = ADVANCED_FACE('',(#371),#412,.T.);
#371 = FACE_BOUND('',#372,.T.);
#372 = EDGE_LOOP('',(#373,#383,#391,#397,#398,#399,#405,#406));
#373 = ORIENTED_EDGE('',*,*,#374,.T.);
#374 = EDGE_CURVE('',#375,#377,#379,.T.);
#375 = VERTEX_POINT('',#376);
#376 = CARTESIAN_POINT('',(1.6,-1.4,-0.83995));
#377 = VERTEX_POINT('',#378);
#378 = CARTESIAN_POINT('',(1.6,-1.4,0.15));
#379 = LINE('',#380,#381);
#380 = CARTESIAN_POINT('',(1.6,-1.4,-0.84));
#381 = VECTOR('',#382,1.);
#382 = DIRECTION('',(0.,-2.2E-16,1.));
#383 = ORIENTED_EDGE('',*,*,#384,.T.);
#384 = EDGE_CURVE('',#377,#385,#387,.T.);
#385 = VERTEX_POINT('',#386);
#386 = CARTESIAN_POINT('',(1.555,-1.4,0.15));
#387 = LINE('',#388,#389);
#388 = CARTESIAN_POINT('',(1.6,-1.4,0.15));
#389 = VECTOR('',#390,1.);
#390 = DIRECTION('',(-1.,0.,0.));
#391 = ORIENTED_EDGE('',*,*,#392,.T.);
#392 = EDGE_CURVE('',#385,#311,#393,.T.);
#393 = LINE('',#394,#395);
#394 = CARTESIAN_POINT('',(4.655694667823,-1.4,0.15));
#395 = VECTOR('',#396,1.);
#396 = DIRECTION('',(-1.,0.,0.));
#397 = ORIENTED_EDGE('',*,*,#318,.T.);
#398 = ORIENTED_EDGE('',*,*,#191,.T.);
#399 = ORIENTED_EDGE('',*,*,#400,.T.);
#400 = EDGE_CURVE('',#192,#336,#401,.T.);
#401 = LINE('',#402,#403);
#402 = CARTESIAN_POINT('',(-1.6,-1.4,-0.34));
#403 = VECTOR('',#404,1.);
#404 = DIRECTION('',(1.,5.5E-16,0.));
#405 = ORIENTED_EDGE('',*,*,#333,.F.);
#406 = ORIENTED_EDGE('',*,*,#407,.T.);
#407 = EDGE_CURVE('',#334,#375,#408,.T.);
#408 = LINE('',#409,#410);
#409 = CARTESIAN_POINT('',(-0.786827201636,-1.4,-0.83995));
#410 = VECTOR('',#411,1.);
#411 = DIRECTION('',(1.,0.,0.));
#412 = PLANE('',#413);
#413 = AXIS2_PLACEMENT_3D('',#414,#415,#416);
#414 = CARTESIAN_POINT('',(-1.6822E-13,-1.4,-2.455333978938E-02));
#415 = DIRECTION('',(0.,-1.,2.5E-16));
#416 = DIRECTION('',(0.,2.5E-16,1.));
#417 = ADVANCED_FACE('',(#418),#423,.F.);
#418 = FACE_BOUND('',#419,.F.);
#419 = EDGE_LOOP('',(#420,#421,#422));
#420 = ORIENTED_EDGE('',*,*,#400,.T.);
#421 = ORIENTED_EDGE('',*,*,#343,.T.);
#422 = ORIENTED_EDGE('',*,*,#199,.T.);
#423 = PLANE('',#424);
#424 = AXIS2_PLACEMENT_3D('',#425,#426,#427);
#425 = CARTESIAN_POINT('',(-1.3125,-1.1125,-0.34));
#426 = DIRECTION('',(0.,-2.2E-16,1.));
#427 = DIRECTION('',(1.,0.,0.));
#428 = ADVANCED_FACE('',(#429),#448,.T.);
#429 = FACE_BOUND('',#430,.T.);
#430 = EDGE_LOOP('',(#431,#432,#441,#447));
#431 = ORIENTED_EDGE('',*,*,#262,.T.);
#432 = ORIENTED_EDGE('',*,*,#433,.F.);
#433 = EDGE_CURVE('',#434,#255,#436,.T.);
#434 = VERTEX_POINT('',#435);
#435 = CARTESIAN_POINT('',(1.59995,1.39995,-0.84));
#436 = ELLIPSE('',#437,7.071067811865E-05,5.E-05);
#437 = AXIS2_PLACEMENT_3D('',#438,#439,#440);
#438 = CARTESIAN_POINT('',(1.59995,1.39995,-0.83995));
#439 = DIRECTION('',(0.707106781187,-0.707106781187,1.599999999999E-16)
  );
#440 = DIRECTION('',(-0.707106781187,-0.707106781187,1.599999999999E-16)
  );
#441 = ORIENTED_EDGE('',*,*,#442,.F.);
#442 = EDGE_CURVE('',#277,#434,#443,.T.);
#443 = LINE('',#444,#445);
#444 = CARTESIAN_POINT('',(-1.6,1.39995,-0.84));
#445 = VECTOR('',#446,1.);
#446 = DIRECTION('',(1.,0.,0.));
#447 = ORIENTED_EDGE('',*,*,#276,.F.);
#448 = CYLINDRICAL_SURFACE('',#449,5.E-05);
#449 = AXIS2_PLACEMENT_3D('',#450,#451,#452);
#450 = CARTESIAN_POINT('',(-1.6,1.39995,-0.83995));
#451 = DIRECTION('',(1.,0.,0.));
#452 = DIRECTION('',(0.,1.,-2.5E-16));
#453 = ADVANCED_FACE('',(#454),#470,.F.);
#454 = FACE_BOUND('',#455,.F.);
#455 = EDGE_LOOP('',(#456,#457,#463,#464));
#456 = ORIENTED_EDGE('',*,*,#254,.F.);
#457 = ORIENTED_EDGE('',*,*,#458,.T.);
#458 = EDGE_CURVE('',#255,#375,#459,.T.);
#459 = LINE('',#460,#461);
#460 = CARTESIAN_POINT('',(1.6,1.4,-0.83995));
#461 = VECTOR('',#462,1.);
#462 = DIRECTION('',(0.,-1.,2.2E-16));
#463 = ORIENTED_EDGE('',*,*,#374,.T.);
#464 = ORIENTED_EDGE('',*,*,#465,.F.);
#465 = EDGE_CURVE('',#247,#377,#466,.T.);
#466 = LINE('',#467,#468);
#467 = CARTESIAN_POINT('',(1.6,1.4,0.15));
#468 = VECTOR('',#469,1.);
#469 = DIRECTION('',(0.,-1.,2.2E-16));
#470 = PLANE('',#471);
#471 = AXIS2_PLACEMENT_3D('',#472,#473,#474);
#472 = CARTESIAN_POINT('',(1.6,1.4,-0.84));
#473 = DIRECTION('',(-1.,0.,0.));
#474 = DIRECTION('',(0.,2.2E-16,1.));
#475 = ADVANCED_FACE('',(#476),#569,.T.);
#476 = FACE_BOUND('',#477,.T.);
#477 = EDGE_LOOP('',(#478,#486,#487,#495,#504,#512,#520,#529,#537,#546,
    #554,#562));
#478 = ORIENTED_EDGE('',*,*,#479,.T.);
#479 = EDGE_CURVE('',#480,#239,#482,.T.);
#480 = VERTEX_POINT('',#481);
#481 = CARTESIAN_POINT('',(1.464049765445,1.313472197661,0.640723552549)
  );
#482 = LINE('',#483,#484);
#483 = CARTESIAN_POINT('',(1.604984244352,1.447553773077,-0.119690848846
    ));
#484 = VECTOR('',#485,1.);
#485 = DIRECTION('',(0.179556884817,0.17082597658,-0.968802255798));
#486 = ORIENTED_EDGE('',*,*,#238,.T.);
#487 = ORIENTED_EDGE('',*,*,#488,.F.);
#488 = EDGE_CURVE('',#489,#231,#491,.T.);
#489 = VERTEX_POINT('',#490);
#490 = CARTESIAN_POINT('',(-1.464049765445,1.313472197661,0.640723552549
    ));
#491 = LINE('',#492,#493);
#492 = CARTESIAN_POINT('',(-1.454881506202,1.304749742711,0.690191052756
    ));
#493 = VECTOR('',#494,1.);
#494 = DIRECTION('',(-0.179556884817,0.17082597658,-0.968802255798));
#495 = ORIENTED_EDGE('',*,*,#496,.T.);
#496 = EDGE_CURVE('',#489,#497,#499,.T.);
#497 = VERTEX_POINT('',#498);
#498 = CARTESIAN_POINT('',(-1.365724274689,1.299052803596,0.7225));
#499 = ELLIPSE('',#500,0.101542661187,0.1);
#500 = AXIS2_PLACEMENT_3D('',#501,#502,#503);
#501 = CARTESIAN_POINT('',(-1.365724274689,1.316685501658,0.6225));
#502 = DIRECTION('',(-8.999999999996E-17,0.984807753028,0.17364817758));
#503 = DIRECTION('',(5.099999999998E-16,0.17364817758,-0.984807753028));
#504 = ORIENTED_EDGE('',*,*,#505,.F.);
#505 = EDGE_CURVE('',#506,#497,#508,.T.);
#506 = VERTEX_POINT('',#507);
#507 = CARTESIAN_POINT('',(-0.794,1.299052803596,0.7225));
#508 = LINE('',#509,#510);
#509 = CARTESIAN_POINT('',(1.644985196567,1.299052803596,0.7225));
#510 = VECTOR('',#511,1.);
#511 = DIRECTION('',(-1.,-9.E-17,0.));
#512 = ORIENTED_EDGE('',*,*,#513,.F.);
#513 = EDGE_CURVE('',#514,#506,#516,.T.);
#514 = VERTEX_POINT('',#515);
#515 = CARTESIAN_POINT('',(-0.755580934477,1.273770705299,0.86588190451)
  );
#516 = LINE('',#517,#518);
#517 = CARTESIAN_POINT('',(-0.690485079301,1.230933645445,1.108822943391
    ));
#518 = VECTOR('',#519,1.);
#519 = DIRECTION('',(-0.255144817825,0.167900917853,-0.95221342341));
#520 = ORIENTED_EDGE('',*,*,#521,.T.);
#521 = EDGE_CURVE('',#514,#522,#524,.T.);
#522 = VERTEX_POINT('',#523);
#523 = CARTESIAN_POINT('',(-0.658988351848,1.260701685312,0.94));
#524 = ELLIPSE('',#525,0.101542661187,0.1);
#525 = AXIS2_PLACEMENT_3D('',#526,#527,#528);
#526 = CARTESIAN_POINT('',(-0.658988351848,1.278334383374,0.84));
#527 = DIRECTION('',(-8.999999999996E-17,0.984807753028,0.17364817758));
#528 = DIRECTION('',(5.099999999998E-16,0.17364817758,-0.984807753028));
#529 = ORIENTED_EDGE('',*,*,#530,.F.);
#530 = EDGE_CURVE('',#531,#522,#533,.T.);
#531 = VERTEX_POINT('',#532);
#532 = CARTESIAN_POINT('',(0.658988351848,1.260701685312,0.94));
#533 = LINE('',#534,#535);
#534 = CARTESIAN_POINT('',(4.655694667823,1.260701685312,0.94));
#535 = VECTOR('',#536,1.);
#536 = DIRECTION('',(-1.,-1.1E-16,1.1E-16));
#537 = ORIENTED_EDGE('',*,*,#538,.T.);
#538 = EDGE_CURVE('',#531,#539,#541,.T.);
#539 = VERTEX_POINT('',#540);
#540 = CARTESIAN_POINT('',(0.755580934477,1.273770705299,0.86588190451)
  );
#541 = ELLIPSE('',#542,0.101542661187,0.1);
#542 = AXIS2_PLACEMENT_3D('',#543,#544,#545);
#543 = CARTESIAN_POINT('',(0.658988351848,1.278334383374,0.84));
#544 = DIRECTION('',(-8.999999999996E-17,0.984807753028,0.17364817758));
#545 = DIRECTION('',(5.099999999998E-16,0.17364817758,-0.984807753028));
#546 = ORIENTED_EDGE('',*,*,#547,.T.);
#547 = EDGE_CURVE('',#539,#548,#550,.T.);
#548 = VERTEX_POINT('',#549);
#549 = CARTESIAN_POINT('',(0.794,1.299052803596,0.7225));
#550 = LINE('',#551,#552);
#551 = CARTESIAN_POINT('',(0.993565578779,1.430379177906,
    -2.22888794447E-02));
#552 = VECTOR('',#553,1.);
#553 = DIRECTION('',(0.255144817825,0.167900917853,-0.95221342341));
#554 = ORIENTED_EDGE('',*,*,#555,.T.);
#555 = EDGE_CURVE('',#548,#556,#558,.T.);
#556 = VERTEX_POINT('',#557);
#557 = CARTESIAN_POINT('',(1.365724274689,1.299052803596,0.7225));
#558 = LINE('',#559,#560);
#559 = CARTESIAN_POINT('',(3.010709471256,1.299052803596,0.7225));
#560 = VECTOR('',#561,1.);
#561 = DIRECTION('',(1.,9.E-17,0.));
#562 = ORIENTED_EDGE('',*,*,#563,.T.);
#563 = EDGE_CURVE('',#556,#480,#564,.T.);
#564 = ELLIPSE('',#565,0.101542661187,0.1);
#565 = AXIS2_PLACEMENT_3D('',#566,#567,#568);
#566 = CARTESIAN_POINT('',(1.365724274689,1.316685501658,0.6225));
#567 = DIRECTION('',(-8.999999999996E-17,0.984807753028,0.17364817758));
#568 = DIRECTION('',(5.099999999998E-16,0.17364817758,-0.984807753028));
#569 = PLANE('',#570);
#570 = AXIS2_PLACEMENT_3D('',#571,#572,#573);
#571 = CARTESIAN_POINT('',(4.655694667823,1.4,0.15));
#572 = DIRECTION('',(-8.999999999996E-17,0.984807753028,0.17364817758));
#573 = DIRECTION('',(2.999999999999E-16,-0.17364817758,0.984807753028));
#574 = ADVANCED_FACE('',(#575),#586,.F.);
#575 = FACE_BOUND('',#576,.F.);
#576 = EDGE_LOOP('',(#577,#578,#579,#580));
#577 = ORIENTED_EDGE('',*,*,#246,.F.);
#578 = ORIENTED_EDGE('',*,*,#465,.T.);
#579 = ORIENTED_EDGE('',*,*,#384,.T.);
#580 = ORIENTED_EDGE('',*,*,#581,.F.);
#581 = EDGE_CURVE('',#239,#385,#582,.T.);
#582 = LINE('',#583,#584);
#583 = CARTESIAN_POINT('',(1.555,1.4,0.15));
#584 = VECTOR('',#585,1.);
#585 = DIRECTION('',(0.,-1.,2.2E-16));
#586 = PLANE('',#587);
#587 = AXIS2_PLACEMENT_3D('',#588,#589,#590);
#588 = CARTESIAN_POINT('',(1.6,1.4,0.15));
#589 = DIRECTION('',(0.,-2.2E-16,-1.));
#590 = DIRECTION('',(-1.,-0.,0.));
#591 = ADVANCED_FACE('',(#592,#611),#622,.F.);
#592 = FACE_BOUND('',#593,.F.);
#593 = EDGE_LOOP('',(#594,#595,#603,#609,#610));
#594 = ORIENTED_EDGE('',*,*,#351,.F.);
#595 = ORIENTED_EDGE('',*,*,#596,.T.);
#596 = EDGE_CURVE('',#352,#597,#599,.T.);
#597 = VERTEX_POINT('',#598);
#598 = CARTESIAN_POINT('',(1.59995,-1.39995,-0.84));
#599 = LINE('',#600,#601);
#600 = CARTESIAN_POINT('',(-0.786827201636,-1.39995,-0.84));
#601 = VECTOR('',#602,1.);
#602 = DIRECTION('',(1.,0.,0.));
#603 = ORIENTED_EDGE('',*,*,#604,.F.);
#604 = EDGE_CURVE('',#434,#597,#605,.T.);
#605 = LINE('',#606,#607);
#606 = CARTESIAN_POINT('',(1.59995,1.4,-0.84));
#607 = VECTOR('',#608,1.);
#608 = DIRECTION('',(0.,-1.,2.2E-16));
#609 = ORIENTED_EDGE('',*,*,#442,.F.);
#610 = ORIENTED_EDGE('',*,*,#285,.T.);
#611 = FACE_BOUND('',#612,.F.);
#612 = EDGE_LOOP('',(#613));
#613 = ORIENTED_EDGE('',*,*,#614,.F.);
#614 = EDGE_CURVE('',#615,#615,#617,.T.);
#615 = VERTEX_POINT('',#616);
#616 = CARTESIAN_POINT('',(1.2,0.,-0.84));
#617 = CIRCLE('',#618,1.2);
#618 = AXIS2_PLACEMENT_3D('',#619,#620,#621);
#619 = CARTESIAN_POINT('',(0.,-1.9E-16,-0.84));
#620 = DIRECTION('',(-0.,2.2E-16,1.));
#621 = DIRECTION('',(1.,0.,0.));
#622 = PLANE('',#623);
#623 = AXIS2_PLACEMENT_3D('',#624,#625,#626);
#624 = CARTESIAN_POINT('',(-1.6,1.4,-0.84));
#625 = DIRECTION('',(0.,2.2E-16,1.));
#626 = DIRECTION('',(1.,0.,-0.));
#627 = ADVANCED_FACE('',(#628),#646,.T.);
#628 = FACE_BOUND('',#629,.T.);
#629 = EDGE_LOOP('',(#630,#631,#632,#640));
#630 = ORIENTED_EDGE('',*,*,#488,.T.);
#631 = ORIENTED_EDGE('',*,*,#310,.T.);
#632 = ORIENTED_EDGE('',*,*,#633,.F.);
#633 = EDGE_CURVE('',#634,#311,#636,.T.);
#634 = VERTEX_POINT('',#635);
#635 = CARTESIAN_POINT('',(-1.464049765445,-1.313472197661,
    0.640723552549));
#636 = LINE('',#637,#638);
#637 = CARTESIAN_POINT('',(-1.411939333921,-1.263895622726,0.9218862808)
  );
#638 = VECTOR('',#639,1.);
#639 = DIRECTION('',(-0.179556884817,-0.17082597658,-0.968802255798));
#640 = ORIENTED_EDGE('',*,*,#641,.F.);
#641 = EDGE_CURVE('',#489,#634,#642,.T.);
#642 = LINE('',#643,#644);
#643 = CARTESIAN_POINT('',(-1.464049765445,1.4,0.640723552549));
#644 = VECTOR('',#645,1.);
#645 = DIRECTION('',(0.,-1.,2.2E-16));
#646 = PLANE('',#647);
#647 = AXIS2_PLACEMENT_3D('',#648,#649,#650);
#648 = CARTESIAN_POINT('',(-1.555,1.4,0.15));
#649 = DIRECTION('',(-0.983254907564,4.E-17,0.182235525492));
#650 = DIRECTION('',(0.182235525492,2.2E-16,0.983254907564));
#651 = ADVANCED_FACE('',(#652),#664,.T.);
#652 = FACE_BOUND('',#653,.T.);
#653 = EDGE_LOOP('',(#654,#655,#662,#663));
#654 = ORIENTED_EDGE('',*,*,#596,.T.);
#655 = ORIENTED_EDGE('',*,*,#656,.T.);
#656 = EDGE_CURVE('',#597,#375,#657,.T.);
#657 = ELLIPSE('',#658,7.071067811865E-05,5.E-05);
#658 = AXIS2_PLACEMENT_3D('',#659,#660,#661);
#659 = CARTESIAN_POINT('',(1.59995,-1.39995,-0.83995));
#660 = DIRECTION('',(-0.707106781187,-0.707106781187,1.599999999999E-16)
  );
#661 = DIRECTION('',(0.707106781187,-0.707106781187,1.599999999999E-16)
  );
#662 = ORIENTED_EDGE('',*,*,#407,.F.);
#663 = ORIENTED_EDGE('',*,*,#359,.F.);
#664 = CYLINDRICAL_SURFACE('',#665,5.E-05);
#665 = AXIS2_PLACEMENT_3D('',#666,#667,#668);
#666 = CARTESIAN_POINT('',(-0.786827201636,-1.39995,-0.83995));
#667 = DIRECTION('',(1.,0.,0.));
#668 = DIRECTION('',(0.,-2.2E-16,-1.));
#669 = ADVANCED_FACE('',(#670),#756,.F.);
#670 = FACE_BOUND('',#671,.F.);
#671 = EDGE_LOOP('',(#672,#680,#681,#682,#691,#699,#707,#716,#724,#733,
    #741,#749));
#672 = ORIENTED_EDGE('',*,*,#673,.T.);
#673 = EDGE_CURVE('',#674,#385,#676,.T.);
#674 = VERTEX_POINT('',#675);
#675 = CARTESIAN_POINT('',(1.464049765445,-1.313472197661,0.640723552549
    ));
#676 = LINE('',#677,#678);
#677 = CARTESIAN_POINT('',(1.562042072071,-1.406699653093,0.112004379198
    ));
#678 = VECTOR('',#679,1.);
#679 = DIRECTION('',(0.179556884817,-0.17082597658,-0.968802255798));
#680 = ORIENTED_EDGE('',*,*,#392,.T.);
#681 = ORIENTED_EDGE('',*,*,#633,.F.);
#682 = ORIENTED_EDGE('',*,*,#683,.T.);
#683 = EDGE_CURVE('',#634,#684,#686,.T.);
#684 = VERTEX_POINT('',#685);
#685 = CARTESIAN_POINT('',(-1.365724274689,-1.299052803596,0.7225));
#686 = ELLIPSE('',#687,0.101542661187,0.1);
#687 = AXIS2_PLACEMENT_3D('',#688,#689,#690);
#688 = CARTESIAN_POINT('',(-1.365724274689,-1.316685501658,0.6225));
#689 = DIRECTION('',(0.,0.984807753028,-0.17364817758));
#690 = DIRECTION('',(0.,0.17364817758,0.984807753028));
#691 = ORIENTED_EDGE('',*,*,#692,.F.);
#692 = EDGE_CURVE('',#693,#684,#695,.T.);
#693 = VERTEX_POINT('',#694);
#694 = CARTESIAN_POINT('',(-0.794,-1.299052803596,0.7225));
#695 = LINE('',#696,#697);
#696 = CARTESIAN_POINT('',(1.644985196567,-1.299052803596,0.7225));
#697 = VECTOR('',#698,1.);
#698 = DIRECTION('',(-1.,0.,0.));
#699 = ORIENTED_EDGE('',*,*,#700,.F.);
#700 = EDGE_CURVE('',#701,#693,#703,.T.);
#701 = VERTEX_POINT('',#702);
#702 = CARTESIAN_POINT('',(-0.755580934477,-1.273770705299,0.86588190451
    ));
#703 = LINE('',#704,#705);
#704 = CARTESIAN_POINT('',(-0.630510410563,-1.191466639943,
    1.332651454287));
#705 = VECTOR('',#706,1.);
#706 = DIRECTION('',(-0.255144817825,-0.167900917853,-0.95221342341));
#707 = ORIENTED_EDGE('',*,*,#708,.T.);
#708 = EDGE_CURVE('',#701,#709,#711,.T.);
#709 = VERTEX_POINT('',#710);
#710 = CARTESIAN_POINT('',(-0.658988351848,-1.260701685312,0.94));
#711 = ELLIPSE('',#712,0.101542661187,0.1);
#712 = AXIS2_PLACEMENT_3D('',#713,#714,#715);
#713 = CARTESIAN_POINT('',(-0.658988351848,-1.278334383374,0.84));
#714 = DIRECTION('',(0.,0.984807753028,-0.17364817758));
#715 = DIRECTION('',(0.,0.17364817758,0.984807753028));
#716 = ORIENTED_EDGE('',*,*,#717,.F.);
#717 = EDGE_CURVE('',#718,#709,#720,.T.);
#718 = VERTEX_POINT('',#719);
#719 = CARTESIAN_POINT('',(0.658988351848,-1.260701685312,0.94));
#720 = LINE('',#721,#722);
#721 = CARTESIAN_POINT('',(4.655694667823,-1.260701685312,0.94));
#722 = VECTOR('',#723,1.);
#723 = DIRECTION('',(-1.,0.,0.));
#724 = ORIENTED_EDGE('',*,*,#725,.T.);
#725 = EDGE_CURVE('',#718,#726,#728,.T.);
#726 = VERTEX_POINT('',#727);
#727 = CARTESIAN_POINT('',(0.755580934477,-1.273770705299,0.86588190451)
  );
#728 = ELLIPSE('',#729,0.101542661187,0.1);
#729 = AXIS2_PLACEMENT_3D('',#730,#731,#732);
#730 = CARTESIAN_POINT('',(0.658988351848,-1.278334383374,0.84));
#731 = DIRECTION('',(0.,0.984807753028,-0.17364817758));
#732 = DIRECTION('',(0.,0.17364817758,0.984807753028));
#733 = ORIENTED_EDGE('',*,*,#734,.T.);
#734 = EDGE_CURVE('',#726,#735,#737,.T.);
#735 = VERTEX_POINT('',#736);
#736 = CARTESIAN_POINT('',(0.794,-1.299052803596,0.7225));
#737 = LINE('',#738,#739);
#738 = CARTESIAN_POINT('',(0.933590910041,-1.390912172404,0.201539631451
    ));
#739 = VECTOR('',#740,1.);
#740 = DIRECTION('',(0.255144817825,-0.167900917853,-0.95221342341));
#741 = ORIENTED_EDGE('',*,*,#742,.T.);
#742 = EDGE_CURVE('',#735,#743,#745,.T.);
#743 = VERTEX_POINT('',#744);
#744 = CARTESIAN_POINT('',(1.365724274689,-1.299052803596,0.7225));
#745 = LINE('',#746,#747);
#746 = CARTESIAN_POINT('',(3.010709471256,-1.299052803596,0.7225));
#747 = VECTOR('',#748,1.);
#748 = DIRECTION('',(1.,0.,0.));
#749 = ORIENTED_EDGE('',*,*,#750,.T.);
#750 = EDGE_CURVE('',#743,#674,#751,.T.);
#751 = ELLIPSE('',#752,0.101542661187,0.1);
#752 = AXIS2_PLACEMENT_3D('',#753,#754,#755);
#753 = CARTESIAN_POINT('',(1.365724274689,-1.316685501658,0.6225));
#754 = DIRECTION('',(0.,0.984807753028,-0.17364817758));
#755 = DIRECTION('',(0.,0.17364817758,0.984807753028));
#756 = PLANE('',#757);
#757 = AXIS2_PLACEMENT_3D('',#758,#759,#760);
#758 = CARTESIAN_POINT('',(4.655694667823,-1.4,0.15));
#759 = DIRECTION('',(0.,0.984807753028,-0.17364817758));
#760 = DIRECTION('',(0.,0.17364817758,0.984807753028));
#761 = ADVANCED_FACE('',(#762),#768,.T.);
#762 = FACE_BOUND('',#763,.T.);
#763 = EDGE_LOOP('',(#764,#765,#766,#767));
#764 = ORIENTED_EDGE('',*,*,#433,.T.);
#765 = ORIENTED_EDGE('',*,*,#458,.T.);
#766 = ORIENTED_EDGE('',*,*,#656,.F.);
#767 = ORIENTED_EDGE('',*,*,#604,.F.);
#768 = CYLINDRICAL_SURFACE('',#769,5.E-05);
#769 = AXIS2_PLACEMENT_3D('',#770,#771,#772);
#770 = CARTESIAN_POINT('',(1.59995,1.4,-0.83995));
#771 = DIRECTION('',(0.,-1.,2.2E-16));
#772 = DIRECTION('',(0.,-2.2E-16,-1.));
#773 = ADVANCED_FACE('',(#774),#785,.T.);
#774 = FACE_BOUND('',#775,.F.);
#775 = EDGE_LOOP('',(#776,#777,#778,#779));
#776 = ORIENTED_EDGE('',*,*,#479,.T.);
#777 = ORIENTED_EDGE('',*,*,#581,.T.);
#778 = ORIENTED_EDGE('',*,*,#673,.F.);
#779 = ORIENTED_EDGE('',*,*,#780,.F.);
#780 = EDGE_CURVE('',#480,#674,#781,.T.);
#781 = LINE('',#782,#783);
#782 = CARTESIAN_POINT('',(1.464049765445,1.4,0.640723552549));
#783 = VECTOR('',#784,1.);
#784 = DIRECTION('',(0.,-1.,2.2E-16));
#785 = PLANE('',#786);
#786 = AXIS2_PLACEMENT_3D('',#787,#788,#789);
#787 = CARTESIAN_POINT('',(1.555,1.4,0.15));
#788 = DIRECTION('',(0.983254907564,4.E-17,0.182235525492));
#789 = DIRECTION('',(0.182235525492,-2.2E-16,-0.983254907564));
#790 = ADVANCED_FACE('',(#791),#802,.T.);
#791 = FACE_BOUND('',#792,.T.);
#792 = EDGE_LOOP('',(#793,#794,#800,#801));
#793 = ORIENTED_EDGE('',*,*,#563,.F.);
#794 = ORIENTED_EDGE('',*,*,#795,.T.);
#795 = EDGE_CURVE('',#556,#743,#796,.T.);
#796 = LINE('',#797,#798);
#797 = CARTESIAN_POINT('',(1.365724274689,1.4,0.7225));
#798 = VECTOR('',#799,1.);
#799 = DIRECTION('',(0.,-1.,2.2E-16));
#800 = ORIENTED_EDGE('',*,*,#750,.T.);
#801 = ORIENTED_EDGE('',*,*,#780,.F.);
#802 = CYLINDRICAL_SURFACE('',#803,0.1);
#803 = AXIS2_PLACEMENT_3D('',#804,#805,#806);
#804 = CARTESIAN_POINT('',(1.365724274689,1.4,0.6225));
#805 = DIRECTION('',(0.,1.,-2.2E-16));
#806 = DIRECTION('',(-1.,0.,0.));
#807 = ADVANCED_FACE('',(#808),#819,.T.);
#808 = FACE_BOUND('',#809,.F.);
#809 = EDGE_LOOP('',(#810,#811,#812,#813));
#810 = ORIENTED_EDGE('',*,*,#555,.T.);
#811 = ORIENTED_EDGE('',*,*,#795,.T.);
#812 = ORIENTED_EDGE('',*,*,#742,.F.);
#813 = ORIENTED_EDGE('',*,*,#814,.F.);
#814 = EDGE_CURVE('',#548,#735,#815,.T.);
#815 = LINE('',#816,#817);
#816 = CARTESIAN_POINT('',(0.794,1.4,0.7225));
#817 = VECTOR('',#818,1.);
#818 = DIRECTION('',(0.,-1.,2.2E-16));
#819 = PLANE('',#820);
#820 = AXIS2_PLACEMENT_3D('',#821,#822,#823);
#821 = CARTESIAN_POINT('',(1.365724274689,1.4,0.7225));
#822 = DIRECTION('',(0.,2.2E-16,1.));
#823 = DIRECTION('',(1.,0.,-0.));
#824 = ADVANCED_FACE('',(#825),#836,.T.);
#825 = FACE_BOUND('',#826,.F.);
#826 = EDGE_LOOP('',(#827,#828,#829,#830));
#827 = ORIENTED_EDGE('',*,*,#547,.T.);
#828 = ORIENTED_EDGE('',*,*,#814,.T.);
#829 = ORIENTED_EDGE('',*,*,#734,.F.);
#830 = ORIENTED_EDGE('',*,*,#831,.F.);
#831 = EDGE_CURVE('',#539,#726,#832,.T.);
#832 = LINE('',#833,#834);
#833 = CARTESIAN_POINT('',(0.755580934477,1.4,0.86588190451));
#834 = VECTOR('',#835,1.);
#835 = DIRECTION('',(0.,-1.,2.2E-16));
#836 = PLANE('',#837);
#837 = AXIS2_PLACEMENT_3D('',#838,#839,#840);
#838 = CARTESIAN_POINT('',(0.794,1.4,0.7225));
#839 = DIRECTION('',(0.965925826289,6.E-17,0.258819045103));
#840 = DIRECTION('',(0.258819045103,-2.1E-16,-0.965925826289));
#841 = ADVANCED_FACE('',(#842),#853,.T.);
#842 = FACE_BOUND('',#843,.T.);
#843 = EDGE_LOOP('',(#844,#845,#851,#852));
#844 = ORIENTED_EDGE('',*,*,#538,.F.);
#845 = ORIENTED_EDGE('',*,*,#846,.T.);
#846 = EDGE_CURVE('',#531,#718,#847,.T.);
#847 = LINE('',#848,#849);
#848 = CARTESIAN_POINT('',(0.658988351848,1.4,0.94));
#849 = VECTOR('',#850,1.);
#850 = DIRECTION('',(0.,-1.,2.2E-16));
#851 = ORIENTED_EDGE('',*,*,#725,.T.);
#852 = ORIENTED_EDGE('',*,*,#831,.F.);
#853 = CYLINDRICAL_SURFACE('',#854,0.1);
#854 = AXIS2_PLACEMENT_3D('',#855,#856,#857);
#855 = CARTESIAN_POINT('',(0.658988351848,1.4,0.84));
#856 = DIRECTION('',(0.,1.,-2.2E-16));
#857 = DIRECTION('',(-1.,0.,0.));
#858 = ADVANCED_FACE('',(#859,#870),#881,.T.);
#859 = FACE_BOUND('',#860,.T.);
#860 = EDGE_LOOP('',(#861,#862,#868,#869));
#861 = ORIENTED_EDGE('',*,*,#530,.T.);
#862 = ORIENTED_EDGE('',*,*,#863,.T.);
#863 = EDGE_CURVE('',#522,#709,#864,.T.);
#864 = LINE('',#865,#866);
#865 = CARTESIAN_POINT('',(-0.658988351848,1.4,0.94));
#866 = VECTOR('',#867,1.);
#867 = DIRECTION('',(0.,-1.,2.2E-16));
#868 = ORIENTED_EDGE('',*,*,#717,.F.);
#869 = ORIENTED_EDGE('',*,*,#846,.F.);
#870 = FACE_BOUND('',#871,.T.);
#871 = EDGE_LOOP('',(#872));
#872 = ORIENTED_EDGE('',*,*,#873,.F.);
#873 = EDGE_CURVE('',#874,#874,#876,.T.);
#874 = VERTEX_POINT('',#875);
#875 = CARTESIAN_POINT('',(0.475,0.,0.94));
#876 = CIRCLE('',#877,0.475);
#877 = AXIS2_PLACEMENT_3D('',#878,#879,#880);
#878 = CARTESIAN_POINT('',(0.,2.1E-16,0.94));
#879 = DIRECTION('',(-0.,2.2E-16,1.));
#880 = DIRECTION('',(1.,0.,0.));
#881 = PLANE('',#882);
#882 = AXIS2_PLACEMENT_3D('',#883,#884,#885);
#883 = CARTESIAN_POINT('',(0.,2.4E-16,0.94));
#884 = DIRECTION('',(0.,2.3E-16,1.));
#885 = DIRECTION('',(0.,-1.,2.3E-16));
#886 = ADVANCED_FACE('',(#887),#898,.T.);
#887 = FACE_BOUND('',#888,.T.);
#888 = EDGE_LOOP('',(#889,#895,#896,#897));
#889 = ORIENTED_EDGE('',*,*,#890,.T.);
#890 = EDGE_CURVE('',#514,#701,#891,.T.);
#891 = LINE('',#892,#893);
#892 = CARTESIAN_POINT('',(-0.755580934477,1.4,0.86588190451));
#893 = VECTOR('',#894,1.);
#894 = DIRECTION('',(0.,-1.,2.2E-16));
#895 = ORIENTED_EDGE('',*,*,#708,.T.);
#896 = ORIENTED_EDGE('',*,*,#863,.F.);
#897 = ORIENTED_EDGE('',*,*,#521,.F.);
#898 = CYLINDRICAL_SURFACE('',#899,0.1);
#899 = AXIS2_PLACEMENT_3D('',#900,#901,#902);
#900 = CARTESIAN_POINT('',(-0.658988351848,1.4,0.84));
#901 = DIRECTION('',(0.,1.,-2.2E-16));
#902 = DIRECTION('',(1.,0.,0.));
#903 = ADVANCED_FACE('',(#904),#915,.T.);
#904 = FACE_BOUND('',#905,.T.);
#905 = EDGE_LOOP('',(#906,#907,#913,#914));
#906 = ORIENTED_EDGE('',*,*,#513,.T.);
#907 = ORIENTED_EDGE('',*,*,#908,.T.);
#908 = EDGE_CURVE('',#506,#693,#909,.T.);
#909 = LINE('',#910,#911);
#910 = CARTESIAN_POINT('',(-0.794,1.4,0.7225));
#911 = VECTOR('',#912,1.);
#912 = DIRECTION('',(0.,-1.,2.2E-16));
#913 = ORIENTED_EDGE('',*,*,#700,.F.);
#914 = ORIENTED_EDGE('',*,*,#890,.F.);
#915 = PLANE('',#916);
#916 = AXIS2_PLACEMENT_3D('',#917,#918,#919);
#917 = CARTESIAN_POINT('',(-0.794,1.4,0.7225));
#918 = DIRECTION('',(-0.965925826289,6.E-17,0.258819045103));
#919 = DIRECTION('',(0.258819045103,2.1E-16,0.965925826289));
#920 = ADVANCED_FACE('',(#921),#932,.T.);
#921 = FACE_BOUND('',#922,.T.);
#922 = EDGE_LOOP('',(#923,#924,#930,#931));
#923 = ORIENTED_EDGE('',*,*,#505,.T.);
#924 = ORIENTED_EDGE('',*,*,#925,.T.);
#925 = EDGE_CURVE('',#497,#684,#926,.T.);
#926 = LINE('',#927,#928);
#927 = CARTESIAN_POINT('',(-1.365724274689,1.4,0.7225));
#928 = VECTOR('',#929,1.);
#929 = DIRECTION('',(0.,-1.,2.2E-16));
#930 = ORIENTED_EDGE('',*,*,#692,.F.);
#931 = ORIENTED_EDGE('',*,*,#908,.F.);
#932 = PLANE('',#933);
#933 = AXIS2_PLACEMENT_3D('',#934,#935,#936);
#934 = CARTESIAN_POINT('',(-1.365724274689,1.4,0.7225));
#935 = DIRECTION('',(0.,2.2E-16,1.));
#936 = DIRECTION('',(1.,0.,-0.));
#937 = ADVANCED_FACE('',(#938),#944,.T.);
#938 = FACE_BOUND('',#939,.T.);
#939 = EDGE_LOOP('',(#940,#941,#942,#943));
#940 = ORIENTED_EDGE('',*,*,#641,.T.);
#941 = ORIENTED_EDGE('',*,*,#683,.T.);
#942 = ORIENTED_EDGE('',*,*,#925,.F.);
#943 = ORIENTED_EDGE('',*,*,#496,.F.);
#944 = CYLINDRICAL_SURFACE('',#945,0.1);
#945 = AXIS2_PLACEMENT_3D('',#946,#947,#948);
#946 = CARTESIAN_POINT('',(-1.365724274689,1.4,0.6225));
#947 = DIRECTION('',(0.,1.,-2.2E-16));
#948 = DIRECTION('',(1.,0.,0.));
#949 = ADVANCED_FACE('',(#950),#969,.F.);
#950 = FACE_BOUND('',#951,.F.);
#951 = EDGE_LOOP('',(#952,#953,#961,#968));
#952 = ORIENTED_EDGE('',*,*,#614,.T.);
#953 = ORIENTED_EDGE('',*,*,#954,.F.);
#954 = EDGE_CURVE('',#955,#615,#957,.T.);
#955 = VERTEX_POINT('',#956);
#956 = CARTESIAN_POINT('',(0.9,0.,0.15));
#957 = LINE('',#958,#959);
#958 = CARTESIAN_POINT('',(0.9,-3.E-17,0.15));
#959 = VECTOR('',#960,1.);
#960 = DIRECTION('',(0.290007395283,2.099999999999E-16,-0.957024404433)
  );
#961 = ORIENTED_EDGE('',*,*,#962,.F.);
#962 = EDGE_CURVE('',#955,#955,#963,.T.);
#963 = CIRCLE('',#964,0.9);
#964 = AXIS2_PLACEMENT_3D('',#965,#966,#967);
#965 = CARTESIAN_POINT('',(0.,3.E-17,0.15));
#966 = DIRECTION('',(-0.,2.2E-16,1.));
#967 = DIRECTION('',(1.,0.,0.));
#968 = ORIENTED_EDGE('',*,*,#954,.T.);
#969 = CONICAL_SURFACE('',#970,0.9,0.294234565111);
#970 = AXIS2_PLACEMENT_3D('',#971,#972,#973);
#971 = CARTESIAN_POINT('',(0.,3.E-17,0.15));
#972 = DIRECTION('',(0.,-2.2E-16,-1.));
#973 = DIRECTION('',(1.,0.,0.));
#974 = ADVANCED_FACE('',(#975),#994,.F.);
#975 = FACE_BOUND('',#976,.F.);
#976 = EDGE_LOOP('',(#977,#986,#992,#993));
#977 = ORIENTED_EDGE('',*,*,#978,.T.);
#978 = EDGE_CURVE('',#979,#979,#981,.T.);
#979 = VERTEX_POINT('',#980);
#980 = CARTESIAN_POINT('',(0.475,0.,0.79));
#981 = CIRCLE('',#982,0.475);
#982 = AXIS2_PLACEMENT_3D('',#983,#984,#985);
#983 = CARTESIAN_POINT('',(0.,1.8E-16,0.79));
#984 = DIRECTION('',(-0.,2.2E-16,1.));
#985 = DIRECTION('',(1.,0.,0.));
#986 = ORIENTED_EDGE('',*,*,#987,.F.);
#987 = EDGE_CURVE('',#874,#979,#988,.T.);
#988 = LINE('',#989,#990);
#989 = CARTESIAN_POINT('',(0.475,-2.1E-16,0.94));
#990 = VECTOR('',#991,1.);
#991 = DIRECTION('',(0.,2.2E-16,-1.));
#992 = ORIENTED_EDGE('',*,*,#873,.F.);
#993 = ORIENTED_EDGE('',*,*,#987,.T.);
#994 = CYLINDRICAL_SURFACE('',#995,0.475);
#995 = AXIS2_PLACEMENT_3D('',#996,#997,#998);
#996 = CARTESIAN_POINT('',(0.,2.1E-16,0.94));
#997 = DIRECTION('',(0.,-2.2E-16,-1.));
#998 = DIRECTION('',(1.,0.,0.));
#999 = ADVANCED_FACE('',(#1000),#1003,.F.);
#1000 = FACE_BOUND('',#1001,.T.);
#1001 = EDGE_LOOP('',(#1002));
#1002 = ORIENTED_EDGE('',*,*,#962,.F.);
#1003 = PLANE('',#1004);
#1004 = AXIS2_PLACEMENT_3D('',#1005,#1006,#1007);
#1005 = CARTESIAN_POINT('',(0.,3.E-17,0.15));
#1006 = DIRECTION('',(0.,2.2E-16,1.));
#1007 = DIRECTION('',(1.,0.,-0.));
#1008 = ADVANCED_FACE('',(#1009),#1012,.T.);
#1009 = FACE_BOUND('',#1010,.T.);
#1010 = EDGE_LOOP('',(#1011));
#1011 = ORIENTED_EDGE('',*,*,#978,.T.);
#1012 = PLANE('',#1013);
#1013 = AXIS2_PLACEMENT_3D('',#1014,#1015,#1016);
#1014 = CARTESIAN_POINT('',(0.,1.8E-16,0.79));
#1015 = DIRECTION('',(0.,2.2E-16,1.));
#1016 = DIRECTION('',(1.,0.,-0.));
#1017 = ( GEOMETRIC_REPRESENTATION_CONTEXT(3) 
GLOBAL_UNCERTAINTY_ASSIGNED_CONTEXT((#1021)) 
GLOBAL_UNIT_ASSIGNED_CONTEXT((#1018,#1019,#1020)) REPRESENTATION_CONTEXT
('Context #1','3D Context with UNIT and UNCERTAINTY') );
#1018 = ( LENGTH_UNIT() NAMED_UNIT(*) SI_UNIT(.MILLI.,.METRE.) );
#1019 = ( NAMED_UNIT(*) PLANE_ANGLE_UNIT() SI_UNIT($,.RADIAN.) );
#1020 = ( NAMED_UNIT(*) SI_UNIT($,.STERADIAN.) SOLID_ANGLE_UNIT() );
#1021 = UNCERTAINTY_MEASURE_WITH_UNIT(LENGTH_MEASURE(2.E-06),#1018,
  'distance_accuracy_value','confusion accuracy');
#1022 = CONTEXT_DEPENDENT_SHAPE_REPRESENTATION(#1023,#1025);
#1023 = ( REPRESENTATION_RELATIONSHIP('','',#166,#127) 
REPRESENTATION_RELATIONSHIP_WITH_TRANSFORMATION(#1024) 
SHAPE_REPRESENTATION_RELATIONSHIP() );
#1024 = ITEM_DEFINED_TRANSFORMATION('','',#11,#128);
#1025 = PRODUCT_DEFINITION_SHAPE('Placement','Placement of an item',
  #1026);
#1026 = NEXT_ASSEMBLY_USAGE_OCCURRENCE('1','Body','',#122,#161,$);
#1027 = PRODUCT_RELATED_PRODUCT_CATEGORY('part',$,(#163));
#1028 = SHAPE_DEFINITION_REPRESENTATION(#1029,#1035);
#1029 = PRODUCT_DEFINITION_SHAPE('','',#1030);
#1030 = PRODUCT_DEFINITION('design','',#1031,#1034);
#1031 = PRODUCT_DEFINITION_FORMATION('','',#1032);
#1032 = PRODUCT('Pin1','Pin1','',(#1033));
#1033 = PRODUCT_CONTEXT('',#2,'mechanical');
#1034 = PRODUCT_DEFINITION_CONTEXT('part definition',#2,'design');
#1035 = ADVANCED_BREP_SHAPE_REPRESENTATION('',(#11,#1036),#1186);
#1036 = MANIFOLD_SOLID_BREP('',#1037);
#1037 = CLOSED_SHELL('',(#1038,#1078,#1109,#1140,#1162,#1174));
#1038 = ADVANCED_FACE('',(#1039),#1073,.F.);
#1039 = FACE_BOUND('',#1040,.F.);
#1040 = EDGE_LOOP('',(#1041,#1051,#1059,#1067));
#1041 = ORIENTED_EDGE('',*,*,#1042,.T.);
#1042 = EDGE_CURVE('',#1043,#1045,#1047,.T.);
#1043 = VERTEX_POINT('',#1044);
#1044 = CARTESIAN_POINT('',(-2.94,1.09,0.));
#1045 = VERTEX_POINT('',#1046);
#1046 = CARTESIAN_POINT('',(-2.94,1.09,0.15));
#1047 = LINE('',#1048,#1049);
#1048 = CARTESIAN_POINT('',(-2.94,1.09,0.));
#1049 = VECTOR('',#1050,1.);
#1050 = DIRECTION('',(0.,0.,1.));
#1051 = ORIENTED_EDGE('',*,*,#1052,.T.);
#1052 = EDGE_CURVE('',#1045,#1053,#1055,.T.);
#1053 = VERTEX_POINT('',#1054);
#1054 = CARTESIAN_POINT('',(-2.94,0.41,0.15));
#1055 = LINE('',#1056,#1057);
#1056 = CARTESIAN_POINT('',(-2.94,1.09,0.15));
#1057 = VECTOR('',#1058,1.);
#1058 = DIRECTION('',(0.,-1.,0.));
#1059 = ORIENTED_EDGE('',*,*,#1060,.F.);
#1060 = EDGE_CURVE('',#1061,#1053,#1063,.T.);
#1061 = VERTEX_POINT('',#1062);
#1062 = CARTESIAN_POINT('',(-2.94,0.41,0.));
#1063 = LINE('',#1064,#1065);
#1064 = CARTESIAN_POINT('',(-2.94,0.41,0.));
#1065 = VECTOR('',#1066,1.);
#1066 = DIRECTION('',(0.,0.,1.));
#1067 = ORIENTED_EDGE('',*,*,#1068,.F.);
#1068 = EDGE_CURVE('',#1043,#1061,#1069,.T.);
#1069 = LINE('',#1070,#1071);
#1070 = CARTESIAN_POINT('',(-2.94,1.09,0.));
#1071 = VECTOR('',#1072,1.);
#1072 = DIRECTION('',(0.,-1.,0.));
#1073 = PLANE('',#1074);
#1074 = AXIS2_PLACEMENT_3D('',#1075,#1076,#1077);
#1075 = CARTESIAN_POINT('',(-2.94,1.09,0.));
#1076 = DIRECTION('',(1.,0.,0.));
#1077 = DIRECTION('',(0.,-1.,0.));
#1078 = ADVANCED_FACE('',(#1079),#1104,.F.);
#1079 = FACE_BOUND('',#1080,.F.);
#1080 = EDGE_LOOP('',(#1081,#1082,#1090,#1098));
#1081 = ORIENTED_EDGE('',*,*,#1060,.T.);
#1082 = ORIENTED_EDGE('',*,*,#1083,.T.);
#1083 = EDGE_CURVE('',#1053,#1084,#1086,.T.);
#1084 = VERTEX_POINT('',#1085);
#1085 = CARTESIAN_POINT('',(-1.6,0.41,0.15));
#1086 = LINE('',#1087,#1088);
#1087 = CARTESIAN_POINT('',(-2.94,0.41,0.15));
#1088 = VECTOR('',#1089,1.);
#1089 = DIRECTION('',(1.,0.,0.));
#1090 = ORIENTED_EDGE('',*,*,#1091,.F.);
#1091 = EDGE_CURVE('',#1092,#1084,#1094,.T.);
#1092 = VERTEX_POINT('',#1093);
#1093 = CARTESIAN_POINT('',(-1.6,0.41,0.));
#1094 = LINE('',#1095,#1096);
#1095 = CARTESIAN_POINT('',(-1.6,0.41,0.));
#1096 = VECTOR('',#1097,1.);
#1097 = DIRECTION('',(0.,0.,1.));
#1098 = ORIENTED_EDGE('',*,*,#1099,.F.);
#1099 = EDGE_CURVE('',#1061,#1092,#1100,.T.);
#1100 = LINE('',#1101,#1102);
#1101 = CARTESIAN_POINT('',(-2.94,0.41,0.));
#1102 = VECTOR('',#1103,1.);
#1103 = DIRECTION('',(1.,0.,0.));
#1104 = PLANE('',#1105);
#1105 = AXIS2_PLACEMENT_3D('',#1106,#1107,#1108);
#1106 = CARTESIAN_POINT('',(-2.94,0.41,0.));
#1107 = DIRECTION('',(0.,1.,0.));
#1108 = DIRECTION('',(1.,0.,0.));
#1109 = ADVANCED_FACE('',(#1110),#1135,.F.);
#1110 = FACE_BOUND('',#1111,.F.);
#1111 = EDGE_LOOP('',(#1112,#1113,#1121,#1129));
#1112 = ORIENTED_EDGE('',*,*,#1091,.T.);
#1113 = ORIENTED_EDGE('',*,*,#1114,.T.);
#1114 = EDGE_CURVE('',#1084,#1115,#1117,.T.);
#1115 = VERTEX_POINT('',#1116);
#1116 = CARTESIAN_POINT('',(-1.6,1.09,0.15));
#1117 = LINE('',#1118,#1119);
#1118 = CARTESIAN_POINT('',(-1.6,0.41,0.15));
#1119 = VECTOR('',#1120,1.);
#1120 = DIRECTION('',(0.,1.,0.));
#1121 = ORIENTED_EDGE('',*,*,#1122,.F.);
#1122 = EDGE_CURVE('',#1123,#1115,#1125,.T.);
#1123 = VERTEX_POINT('',#1124);
#1124 = CARTESIAN_POINT('',(-1.6,1.09,0.));
#1125 = LINE('',#1126,#1127);
#1126 = CARTESIAN_POINT('',(-1.6,1.09,0.));
#1127 = VECTOR('',#1128,1.);
#1128 = DIRECTION('',(0.,0.,1.));
#1129 = ORIENTED_EDGE('',*,*,#1130,.F.);
#1130 = EDGE_CURVE('',#1092,#1123,#1131,.T.);
#1131 = LINE('',#1132,#1133);
#1132 = CARTESIAN_POINT('',(-1.6,0.41,0.));
#1133 = VECTOR('',#1134,1.);
#1134 = DIRECTION('',(0.,1.,0.));
#1135 = PLANE('',#1136);
#1136 = AXIS2_PLACEMENT_3D('',#1137,#1138,#1139);
#1137 = CARTESIAN_POINT('',(-1.6,0.41,0.));
#1138 = DIRECTION('',(-1.,0.,0.));
#1139 = DIRECTION('',(0.,1.,0.));
#1140 = ADVANCED_FACE('',(#1141),#1157,.F.);
#1141 = FACE_BOUND('',#1142,.F.);
#1142 = EDGE_LOOP('',(#1143,#1144,#1150,#1151));
#1143 = ORIENTED_EDGE('',*,*,#1122,.T.);
#1144 = ORIENTED_EDGE('',*,*,#1145,.T.);
#1145 = EDGE_CURVE('',#1115,#1045,#1146,.T.);
#1146 = LINE('',#1147,#1148);
#1147 = CARTESIAN_POINT('',(-1.6,1.09,0.15));
#1148 = VECTOR('',#1149,1.);
#1149 = DIRECTION('',(-1.,0.,0.));
#1150 = ORIENTED_EDGE('',*,*,#1042,.F.);
#1151 = ORIENTED_EDGE('',*,*,#1152,.F.);
#1152 = EDGE_CURVE('',#1123,#1043,#1153,.T.);
#1153 = LINE('',#1154,#1155);
#1154 = CARTESIAN_POINT('',(-1.6,1.09,0.));
#1155 = VECTOR('',#1156,1.);
#1156 = DIRECTION('',(-1.,0.,0.));
#1157 = PLANE('',#1158);
#1158 = AXIS2_PLACEMENT_3D('',#1159,#1160,#1161);
#1159 = CARTESIAN_POINT('',(-1.6,1.09,0.));
#1160 = DIRECTION('',(0.,-1.,0.));
#1161 = DIRECTION('',(-1.,0.,0.));
#1162 = ADVANCED_FACE('',(#1163),#1169,.F.);
#1163 = FACE_BOUND('',#1164,.F.);
#1164 = EDGE_LOOP('',(#1165,#1166,#1167,#1168));
#1165 = ORIENTED_EDGE('',*,*,#1068,.T.);
#1166 = ORIENTED_EDGE('',*,*,#1099,.T.);
#1167 = ORIENTED_EDGE('',*,*,#1130,.T.);
#1168 = ORIENTED_EDGE('',*,*,#1152,.T.);
#1169 = PLANE('',#1170);
#1170 = AXIS2_PLACEMENT_3D('',#1171,#1172,#1173);
#1171 = CARTESIAN_POINT('',(-2.27,0.75,0.));
#1172 = DIRECTION('',(0.,0.,1.));
#1173 = DIRECTION('',(1.,0.,-0.));
#1174 = ADVANCED_FACE('',(#1175),#1181,.T.);
#1175 = FACE_BOUND('',#1176,.T.);
#1176 = EDGE_LOOP('',(#1177,#1178,#1179,#1180));
#1177 = ORIENTED_EDGE('',*,*,#1052,.T.);
#1178 = ORIENTED_EDGE('',*,*,#1083,.T.);
#1179 = ORIENTED_EDGE('',*,*,#1114,.T.);
#1180 = ORIENTED_EDGE('',*,*,#1145,.T.);
#1181 = PLANE('',#1182);
#1182 = AXIS2_PLACEMENT_3D('',#1183,#1184,#1185);
#1183 = CARTESIAN_POINT('',(-2.27,0.75,0.15));
#1184 = DIRECTION('',(0.,0.,1.));
#1185 = DIRECTION('',(1.,0.,-0.));
#1186 = ( GEOMETRIC_REPRESENTATION_CONTEXT(3) 
GLOBAL_UNCERTAINTY_ASSIGNED_CONTEXT((#1190)) 
GLOBAL_UNIT_ASSIGNED_CONTEXT((#1187,#1188,#1189)) REPRESENTATION_CONTEXT
('Context #1','3D Context with UNIT and UNCERTAINTY') );
#1187 = ( LENGTH_UNIT() NAMED_UNIT(*) SI_UNIT(.MILLI.,.METRE.) );
#1188 = ( NAMED_UNIT(*) PLANE_ANGLE_UNIT() SI_UNIT($,.RADIAN.) );
#1189 = ( NAMED_UNIT(*) SI_UNIT($,.STERADIAN.) SOLID_ANGLE_UNIT() );
#1190 = UNCERTAINTY_MEASURE_WITH_UNIT(LENGTH_MEASURE(1.E-07),#1187,
  'distance_accuracy_value','confusion accuracy');
#1191 = CONTEXT_DEPENDENT_SHAPE_REPRESENTATION(#1192,#1194);
#1192 = ( REPRESENTATION_RELATIONSHIP('','',#1035,#127) 
REPRESENTATION_RELATIONSHIP_WITH_TRANSFORMATION(#1193) 
SHAPE_REPRESENTATION_RELATIONSHIP() );
#1193 = ITEM_DEFINED_TRANSFORMATION('','',#11,#132);
#1194 = PRODUCT_DEFINITION_SHAPE('Placement','Placement of an item',
  #1195);
#1195 = NEXT_ASSEMBLY_USAGE_OCCURRENCE('2','Pin1','',#122,#1030,$);
#1196 = PRODUCT_RELATED_PRODUCT_CATEGORY('part',$,(#1032));
#1197 = SHAPE_DEFINITION_REPRESENTATION(#1198,#1204);
#1198 = PRODUCT_DEFINITION_SHAPE('','',#1199);
#1199 = PRODUCT_DEFINITION('design','',#1200,#1203);
#1200 = PRODUCT_DEFINITION_FORMATION('','',#1201);
#1201 = PRODUCT('Pin2','Pin2','',(#1202));
#1202 = PRODUCT_CONTEXT('',#2,'mechanical');
#1203 = PRODUCT_DEFINITION_CONTEXT('part definition',#2,'design');
#1204 = ADVANCED_BREP_SHAPE_REPRESENTATION('',(#11,#1205),#1388);
#1205 = MANIFOLD_SOLID_BREP('',#1206);
#1206 = CLOSED_SHELL('',(#1207,#1247,#1278,#1309,#1340,#1362,#1375));
#1207 = ADVANCED_FACE('',(#1208),#1242,.T.);
#1208 = FACE_BOUND('',#1209,.T.);
#1209 = EDGE_LOOP('',(#1210,#1220,#1228,#1236));
#1210 = ORIENTED_EDGE('',*,*,#1211,.T.);
#1211 = EDGE_CURVE('',#1212,#1214,#1216,.T.);
#1212 = VERTEX_POINT('',#1213);
#1213 = CARTESIAN_POINT('',(-2.94186252285,-0.751760725813,0.));
#1214 = VERTEX_POINT('',#1215);
#1215 = CARTESIAN_POINT('',(-2.94186252285,-0.751760725813,0.15));
#1216 = LINE('',#1217,#1218);
#1217 = CARTESIAN_POINT('',(-2.94186252285,-0.751760725813,0.));
#1218 = VECTOR('',#1219,1.);
#1219 = DIRECTION('',(0.,0.,1.));
#1220 = ORIENTED_EDGE('',*,*,#1221,.T.);
#1221 = EDGE_CURVE('',#1214,#1222,#1224,.T.);
#1222 = VERTEX_POINT('',#1223);
#1223 = CARTESIAN_POINT('',(-2.94186252285,-0.41,0.15));
#1224 = LINE('',#1225,#1226);
#1225 = CARTESIAN_POINT('',(-2.94186252285,-0.751760725813,0.15));
#1226 = VECTOR('',#1227,1.);
#1227 = DIRECTION('',(0.,1.,0.));
#1228 = ORIENTED_EDGE('',*,*,#1229,.F.);
#1229 = EDGE_CURVE('',#1230,#1222,#1232,.T.);
#1230 = VERTEX_POINT('',#1231);
#1231 = CARTESIAN_POINT('',(-2.94186252285,-0.41,0.));
#1232 = LINE('',#1233,#1234);
#1233 = CARTESIAN_POINT('',(-2.94186252285,-0.41,0.));
#1234 = VECTOR('',#1235,1.);
#1235 = DIRECTION('',(0.,0.,1.));
#1236 = ORIENTED_EDGE('',*,*,#1237,.F.);
#1237 = EDGE_CURVE('',#1212,#1230,#1238,.T.);
#1238 = LINE('',#1239,#1240);
#1239 = CARTESIAN_POINT('',(-2.94186252285,-0.751760725813,0.));
#1240 = VECTOR('',#1241,1.);
#1241 = DIRECTION('',(0.,1.,0.));
#1242 = PLANE('',#1243);
#1243 = AXIS2_PLACEMENT_3D('',#1244,#1245,#1246);
#1244 = CARTESIAN_POINT('',(-2.94186252285,-0.751760725813,0.));
#1245 = DIRECTION('',(-1.,0.,0.));
#1246 = DIRECTION('',(0.,1.,0.));
#1247 = ADVANCED_FACE('',(#1248),#1273,.T.);
#1248 = FACE_BOUND('',#1249,.T.);
#1249 = EDGE_LOOP('',(#1250,#1251,#1259,#1267));
#1250 = ORIENTED_EDGE('',*,*,#1229,.T.);
#1251 = ORIENTED_EDGE('',*,*,#1252,.T.);
#1252 = EDGE_CURVE('',#1222,#1253,#1255,.T.);
#1253 = VERTEX_POINT('',#1254);
#1254 = CARTESIAN_POINT('',(-1.6,-0.41,0.15));
#1255 = LINE('',#1256,#1257);
#1256 = CARTESIAN_POINT('',(-2.94186252285,-0.41,0.15));
#1257 = VECTOR('',#1258,1.);
#1258 = DIRECTION('',(1.,0.,0.));
#1259 = ORIENTED_EDGE('',*,*,#1260,.F.);
#1260 = EDGE_CURVE('',#1261,#1253,#1263,.T.);
#1261 = VERTEX_POINT('',#1262);
#1262 = CARTESIAN_POINT('',(-1.6,-0.41,0.));
#1263 = LINE('',#1264,#1265);
#1264 = CARTESIAN_POINT('',(-1.6,-0.41,0.));
#1265 = VECTOR('',#1266,1.);
#1266 = DIRECTION('',(0.,0.,1.));
#1267 = ORIENTED_EDGE('',*,*,#1268,.F.);
#1268 = EDGE_CURVE('',#1230,#1261,#1269,.T.);
#1269 = LINE('',#1270,#1271);
#1270 = CARTESIAN_POINT('',(-2.94186252285,-0.41,0.));
#1271 = VECTOR('',#1272,1.);
#1272 = DIRECTION('',(1.,0.,0.));
#1273 = PLANE('',#1274);
#1274 = AXIS2_PLACEMENT_3D('',#1275,#1276,#1277);
#1275 = CARTESIAN_POINT('',(-2.94186252285,-0.41,0.));
#1276 = DIRECTION('',(0.,1.,0.));
#1277 = DIRECTION('',(1.,0.,0.));
#1278 = ADVANCED_FACE('',(#1279),#1304,.T.);
#1279 = FACE_BOUND('',#1280,.T.);
#1280 = EDGE_LOOP('',(#1281,#1282,#1290,#1298));
#1281 = ORIENTED_EDGE('',*,*,#1260,.T.);
#1282 = ORIENTED_EDGE('',*,*,#1283,.T.);
#1283 = EDGE_CURVE('',#1253,#1284,#1286,.T.);
#1284 = VERTEX_POINT('',#1285);
#1285 = CARTESIAN_POINT('',(-1.6,-1.093521451625,0.15));
#1286 = LINE('',#1287,#1288);
#1287 = CARTESIAN_POINT('',(-1.6,-0.41,0.15));
#1288 = VECTOR('',#1289,1.);
#1289 = DIRECTION('',(0.,-1.,0.));
#1290 = ORIENTED_EDGE('',*,*,#1291,.F.);
#1291 = EDGE_CURVE('',#1292,#1284,#1294,.T.);
#1292 = VERTEX_POINT('',#1293);
#1293 = CARTESIAN_POINT('',(-1.6,-1.093521451625,0.));
#1294 = LINE('',#1295,#1296);
#1295 = CARTESIAN_POINT('',(-1.6,-1.093521451625,0.));
#1296 = VECTOR('',#1297,1.);
#1297 = DIRECTION('',(0.,0.,1.));
#1298 = ORIENTED_EDGE('',*,*,#1299,.F.);
#1299 = EDGE_CURVE('',#1261,#1292,#1300,.T.);
#1300 = LINE('',#1301,#1302);
#1301 = CARTESIAN_POINT('',(-1.6,-0.41,0.));
#1302 = VECTOR('',#1303,1.);
#1303 = DIRECTION('',(0.,-1.,0.));
#1304 = PLANE('',#1305);
#1305 = AXIS2_PLACEMENT_3D('',#1306,#1307,#1308);
#1306 = CARTESIAN_POINT('',(-1.6,-0.41,0.));
#1307 = DIRECTION('',(1.,0.,0.));
#1308 = DIRECTION('',(0.,-1.,0.));
#1309 = ADVANCED_FACE('',(#1310),#1335,.T.);
#1310 = FACE_BOUND('',#1311,.T.);
#1311 = EDGE_LOOP('',(#1312,#1313,#1321,#1329));
#1312 = ORIENTED_EDGE('',*,*,#1291,.T.);
#1313 = ORIENTED_EDGE('',*,*,#1314,.T.);
#1314 = EDGE_CURVE('',#1284,#1315,#1317,.T.);
#1315 = VERTEX_POINT('',#1316);
#1316 = CARTESIAN_POINT('',(-2.600101797037,-1.093521451625,0.15));
#1317 = LINE('',#1318,#1319);
#1318 = CARTESIAN_POINT('',(-1.6,-1.093521451625,0.15));
#1319 = VECTOR('',#1320,1.);
#1320 = DIRECTION('',(-1.,0.,0.));
#1321 = ORIENTED_EDGE('',*,*,#1322,.F.);
#1322 = EDGE_CURVE('',#1323,#1315,#1325,.T.);
#1323 = VERTEX_POINT('',#1324);
#1324 = CARTESIAN_POINT('',(-2.600101797037,-1.093521451625,0.));
#1325 = LINE('',#1326,#1327);
#1326 = CARTESIAN_POINT('',(-2.600101797037,-1.093521451625,0.));
#1327 = VECTOR('',#1328,1.);
#1328 = DIRECTION('',(0.,0.,1.));
#1329 = ORIENTED_EDGE('',*,*,#1330,.F.);
#1330 = EDGE_CURVE('',#1292,#1323,#1331,.T.);
#1331 = LINE('',#1332,#1333);
#1332 = CARTESIAN_POINT('',(-1.6,-1.093521451625,0.));
#1333 = VECTOR('',#1334,1.);
#1334 = DIRECTION('',(-1.,0.,0.));
#1335 = PLANE('',#1336);
#1336 = AXIS2_PLACEMENT_3D('',#1337,#1338,#1339);
#1337 = CARTESIAN_POINT('',(-1.6,-1.093521451625,0.));
#1338 = DIRECTION('',(0.,-1.,0.));
#1339 = DIRECTION('',(-1.,0.,0.));
#1340 = ADVANCED_FACE('',(#1341),#1357,.F.);
#1341 = FACE_BOUND('',#1342,.F.);
#1342 = EDGE_LOOP('',(#1343,#1344,#1350,#1351));
#1343 = ORIENTED_EDGE('',*,*,#1211,.T.);
#1344 = ORIENTED_EDGE('',*,*,#1345,.T.);
#1345 = EDGE_CURVE('',#1214,#1315,#1346,.T.);
#1346 = LINE('',#1347,#1348);
#1347 = CARTESIAN_POINT('',(-2.94186252285,-0.751760725813,0.15));
#1348 = VECTOR('',#1349,1.);
#1349 = DIRECTION('',(0.707106781187,-0.707106781187,0.));
#1350 = ORIENTED_EDGE('',*,*,#1322,.F.);
#1351 = ORIENTED_EDGE('',*,*,#1352,.F.);
#1352 = EDGE_CURVE('',#1212,#1323,#1353,.T.);
#1353 = LINE('',#1354,#1355);
#1354 = CARTESIAN_POINT('',(-2.94186252285,-0.751760725813,0.));
#1355 = VECTOR('',#1356,1.);
#1356 = DIRECTION('',(0.707106781187,-0.707106781187,0.));
#1357 = PLANE('',#1358);
#1358 = AXIS2_PLACEMENT_3D('',#1359,#1360,#1361);
#1359 = CARTESIAN_POINT('',(-2.94186252285,-0.751760725813,0.));
#1360 = DIRECTION('',(0.707106781187,0.707106781187,0.));
#1361 = DIRECTION('',(0.707106781187,-0.707106781187,0.));
#1362 = ADVANCED_FACE('',(#1363),#1370,.F.);
#1363 = FACE_BOUND('',#1364,.T.);
#1364 = EDGE_LOOP('',(#1365,#1366,#1367,#1368,#1369));
#1365 = ORIENTED_EDGE('',*,*,#1237,.T.);
#1366 = ORIENTED_EDGE('',*,*,#1268,.T.);
#1367 = ORIENTED_EDGE('',*,*,#1299,.T.);
#1368 = ORIENTED_EDGE('',*,*,#1330,.T.);
#1369 = ORIENTED_EDGE('',*,*,#1352,.F.);
#1370 = PLANE('',#1371);
#1371 = AXIS2_PLACEMENT_3D('',#1372,#1373,#1374);
#1372 = CARTESIAN_POINT('',(-2.229765974031,-0.727709673488,0.));
#1373 = DIRECTION('',(0.,0.,1.));
#1374 = DIRECTION('',(1.,0.,-0.));
#1375 = ADVANCED_FACE('',(#1376),#1383,.T.);
#1376 = FACE_BOUND('',#1377,.F.);
#1377 = EDGE_LOOP('',(#1378,#1379,#1380,#1381,#1382));
#1378 = ORIENTED_EDGE('',*,*,#1221,.T.);
#1379 = ORIENTED_EDGE('',*,*,#1252,.T.);
#1380 = ORIENTED_EDGE('',*,*,#1283,.T.);
#1381 = ORIENTED_EDGE('',*,*,#1314,.T.);
#1382 = ORIENTED_EDGE('',*,*,#1345,.F.);
#1383 = PLANE('',#1384);
#1384 = AXIS2_PLACEMENT_3D('',#1385,#1386,#1387);
#1385 = CARTESIAN_POINT('',(-2.229765974031,-0.727709673488,0.15));
#1386 = DIRECTION('',(0.,0.,1.));
#1387 = DIRECTION('',(1.,0.,-0.));
#1388 = ( GEOMETRIC_REPRESENTATION_CONTEXT(3) 
GLOBAL_UNCERTAINTY_ASSIGNED_CONTEXT((#1392)) 
GLOBAL_UNIT_ASSIGNED_CONTEXT((#1389,#1390,#1391)) REPRESENTATION_CONTEXT
('Context #1','3D Context with UNIT and UNCERTAINTY') );
#1389 = ( LENGTH_UNIT() NAMED_UNIT(*) SI_UNIT(.MILLI.,.METRE.) );
#1390 = ( NAMED_UNIT(*) PLANE_ANGLE_UNIT() SI_UNIT($,.RADIAN.) );
#1391 = ( NAMED_UNIT(*) SI_UNIT($,.STERADIAN.) SOLID_ANGLE_UNIT() );
#1392 = UNCERTAINTY_MEASURE_WITH_UNIT(LENGTH_MEASURE(1.E-07),#1389,
  'distance_accuracy_value','confusion accuracy');
#1393 = CONTEXT_DEPENDENT_SHAPE_REPRESENTATION(#1394,#1396);
#1394 = ( REPRESENTATION_RELATIONSHIP('','',#1204,#127) 
REPRESENTATION_RELATIONSHIP_WITH_TRANSFORMATION(#1395) 
SHAPE_REPRESENTATION_RELATIONSHIP() );
#1395 = ITEM_DEFINED_TRANSFORMATION('','',#11,#136);
#1396 = PRODUCT_DEFINITION_SHAPE('Placement','Placement of an item',
  #1397);
#1397 = NEXT_ASSEMBLY_USAGE_OCCURRENCE('3','Pin2','',#122,#1199,$);
#1398 = PRODUCT_RELATED_PRODUCT_CATEGORY('part',$,(#1201));
#1399 = SHAPE_DEFINITION_REPRESENTATION(#1400,#1406);
#1400 = PRODUCT_DEFINITION_SHAPE('','',#1401);
#1401 = PRODUCT_DEFINITION('design','',#1402,#1405);
#1402 = PRODUCT_DEFINITION_FORMATION('','',#1403);
#1403 = PRODUCT('Pin3','Pin3','',(#1404));
#1404 = PRODUCT_CONTEXT('',#2,'mechanical');
#1405 = PRODUCT_DEFINITION_CONTEXT('part definition',#2,'design');
#1406 = ADVANCED_BREP_SHAPE_REPRESENTATION('',(#11,#1407),#1557);
#1407 = MANIFOLD_SOLID_BREP('',#1408);
#1408 = CLOSED_SHELL('',(#1409,#1449,#1480,#1511,#1533,#1545));
#1409 = ADVANCED_FACE('',(#1410),#1444,.T.);
#1410 = FACE_BOUND('',#1411,.T.);
#1411 = EDGE_LOOP('',(#1412,#1422,#1430,#1438));
#1412 = ORIENTED_EDGE('',*,*,#1413,.T.);
#1413 = EDGE_CURVE('',#1414,#1416,#1418,.T.);
#1414 = VERTEX_POINT('',#1415);
#1415 = CARTESIAN_POINT('',(2.94,1.09,0.));
#1416 = VERTEX_POINT('',#1417);
#1417 = CARTESIAN_POINT('',(2.94,1.09,0.15));
#1418 = LINE('',#1419,#1420);
#1419 = CARTESIAN_POINT('',(2.94,1.09,0.));
#1420 = VECTOR('',#1421,1.);
#1421 = DIRECTION('',(0.,0.,1.));
#1422 = ORIENTED_EDGE('',*,*,#1423,.T.);
#1423 = EDGE_CURVE('',#1416,#1424,#1426,.T.);
#1424 = VERTEX_POINT('',#1425);
#1425 = CARTESIAN_POINT('',(2.94,0.41,0.15));
#1426 = LINE('',#1427,#1428);
#1427 = CARTESIAN_POINT('',(2.94,1.09,0.15));
#1428 = VECTOR('',#1429,1.);
#1429 = DIRECTION('',(0.,-1.,0.));
#1430 = ORIENTED_EDGE('',*,*,#1431,.F.);
#1431 = EDGE_CURVE('',#1432,#1424,#1434,.T.);
#1432 = VERTEX_POINT('',#1433);
#1433 = CARTESIAN_POINT('',(2.94,0.41,0.));
#1434 = LINE('',#1435,#1436);
#1435 = CARTESIAN_POINT('',(2.94,0.41,0.));
#1436 = VECTOR('',#1437,1.);
#1437 = DIRECTION('',(0.,0.,1.));
#1438 = ORIENTED_EDGE('',*,*,#1439,.F.);
#1439 = EDGE_CURVE('',#1414,#1432,#1440,.T.);
#1440 = LINE('',#1441,#1442);
#1441 = CARTESIAN_POINT('',(2.94,1.09,0.));
#1442 = VECTOR('',#1443,1.);
#1443 = DIRECTION('',(0.,-1.,0.));
#1444 = PLANE('',#1445);
#1445 = AXIS2_PLACEMENT_3D('',#1446,#1447,#1448);
#1446 = CARTESIAN_POINT('',(2.94,1.09,0.));
#1447 = DIRECTION('',(1.,0.,0.));
#1448 = DIRECTION('',(0.,-1.,0.));
#1449 = ADVANCED_FACE('',(#1450),#1475,.T.);
#1450 = FACE_BOUND('',#1451,.T.);
#1451 = EDGE_LOOP('',(#1452,#1453,#1461,#1469));
#1452 = ORIENTED_EDGE('',*,*,#1431,.T.);
#1453 = ORIENTED_EDGE('',*,*,#1454,.T.);
#1454 = EDGE_CURVE('',#1424,#1455,#1457,.T.);
#1455 = VERTEX_POINT('',#1456);
#1456 = CARTESIAN_POINT('',(1.6,0.41,0.15));
#1457 = LINE('',#1458,#1459);
#1458 = CARTESIAN_POINT('',(2.94,0.41,0.15));
#1459 = VECTOR('',#1460,1.);
#1460 = DIRECTION('',(-1.,0.,0.));
#1461 = ORIENTED_EDGE('',*,*,#1462,.F.);
#1462 = EDGE_CURVE('',#1463,#1455,#1465,.T.);
#1463 = VERTEX_POINT('',#1464);
#1464 = CARTESIAN_POINT('',(1.6,0.41,0.));
#1465 = LINE('',#1466,#1467);
#1466 = CARTESIAN_POINT('',(1.6,0.41,0.));
#1467 = VECTOR('',#1468,1.);
#1468 = DIRECTION('',(0.,0.,1.));
#1469 = ORIENTED_EDGE('',*,*,#1470,.F.);
#1470 = EDGE_CURVE('',#1432,#1463,#1471,.T.);
#1471 = LINE('',#1472,#1473);
#1472 = CARTESIAN_POINT('',(2.94,0.41,0.));
#1473 = VECTOR('',#1474,1.);
#1474 = DIRECTION('',(-1.,0.,0.));
#1475 = PLANE('',#1476);
#1476 = AXIS2_PLACEMENT_3D('',#1477,#1478,#1479);
#1477 = CARTESIAN_POINT('',(2.94,0.41,0.));
#1478 = DIRECTION('',(0.,-1.,0.));
#1479 = DIRECTION('',(-1.,0.,0.));
#1480 = ADVANCED_FACE('',(#1481),#1506,.T.);
#1481 = FACE_BOUND('',#1482,.T.);
#1482 = EDGE_LOOP('',(#1483,#1484,#1492,#1500));
#1483 = ORIENTED_EDGE('',*,*,#1462,.T.);
#1484 = ORIENTED_EDGE('',*,*,#1485,.T.);
#1485 = EDGE_CURVE('',#1455,#1486,#1488,.T.);
#1486 = VERTEX_POINT('',#1487);
#1487 = CARTESIAN_POINT('',(1.6,1.09,0.15));
#1488 = LINE('',#1489,#1490);
#1489 = CARTESIAN_POINT('',(1.6,0.41,0.15));
#1490 = VECTOR('',#1491,1.);
#1491 = DIRECTION('',(0.,1.,0.));
#1492 = ORIENTED_EDGE('',*,*,#1493,.F.);
#1493 = EDGE_CURVE('',#1494,#1486,#1496,.T.);
#1494 = VERTEX_POINT('',#1495);
#1495 = CARTESIAN_POINT('',(1.6,1.09,0.));
#1496 = LINE('',#1497,#1498);
#1497 = CARTESIAN_POINT('',(1.6,1.09,0.));
#1498 = VECTOR('',#1499,1.);
#1499 = DIRECTION('',(0.,0.,1.));
#1500 = ORIENTED_EDGE('',*,*,#1501,.F.);
#1501 = EDGE_CURVE('',#1463,#1494,#1502,.T.);
#1502 = LINE('',#1503,#1504);
#1503 = CARTESIAN_POINT('',(1.6,0.41,0.));
#1504 = VECTOR('',#1505,1.);
#1505 = DIRECTION('',(0.,1.,0.));
#1506 = PLANE('',#1507);
#1507 = AXIS2_PLACEMENT_3D('',#1508,#1509,#1510);
#1508 = CARTESIAN_POINT('',(1.6,0.41,0.));
#1509 = DIRECTION('',(-1.,0.,0.));
#1510 = DIRECTION('',(0.,1.,0.));
#1511 = ADVANCED_FACE('',(#1512),#1528,.T.);
#1512 = FACE_BOUND('',#1513,.T.);
#1513 = EDGE_LOOP('',(#1514,#1515,#1521,#1522));
#1514 = ORIENTED_EDGE('',*,*,#1493,.T.);
#1515 = ORIENTED_EDGE('',*,*,#1516,.T.);
#1516 = EDGE_CURVE('',#1486,#1416,#1517,.T.);
#1517 = LINE('',#1518,#1519);
#1518 = CARTESIAN_POINT('',(1.6,1.09,0.15));
#1519 = VECTOR('',#1520,1.);
#1520 = DIRECTION('',(1.,0.,0.));
#1521 = ORIENTED_EDGE('',*,*,#1413,.F.);
#1522 = ORIENTED_EDGE('',*,*,#1523,.F.);
#1523 = EDGE_CURVE('',#1494,#1414,#1524,.T.);
#1524 = LINE('',#1525,#1526);
#1525 = CARTESIAN_POINT('',(1.6,1.09,0.));
#1526 = VECTOR('',#1527,1.);
#1527 = DIRECTION('',(1.,0.,0.));
#1528 = PLANE('',#1529);
#1529 = AXIS2_PLACEMENT_3D('',#1530,#1531,#1532);
#1530 = CARTESIAN_POINT('',(1.6,1.09,0.));
#1531 = DIRECTION('',(0.,1.,0.));
#1532 = DIRECTION('',(1.,0.,0.));
#1533 = ADVANCED_FACE('',(#1534),#1540,.F.);
#1534 = FACE_BOUND('',#1535,.T.);
#1535 = EDGE_LOOP('',(#1536,#1537,#1538,#1539));
#1536 = ORIENTED_EDGE('',*,*,#1439,.T.);
#1537 = ORIENTED_EDGE('',*,*,#1470,.T.);
#1538 = ORIENTED_EDGE('',*,*,#1501,.T.);
#1539 = ORIENTED_EDGE('',*,*,#1523,.T.);
#1540 = PLANE('',#1541);
#1541 = AXIS2_PLACEMENT_3D('',#1542,#1543,#1544);
#1542 = CARTESIAN_POINT('',(2.27,0.75,0.));
#1543 = DIRECTION('',(0.,0.,1.));
#1544 = DIRECTION('',(1.,0.,-0.));
#1545 = ADVANCED_FACE('',(#1546),#1552,.T.);
#1546 = FACE_BOUND('',#1547,.F.);
#1547 = EDGE_LOOP('',(#1548,#1549,#1550,#1551));
#1548 = ORIENTED_EDGE('',*,*,#1423,.T.);
#1549 = ORIENTED_EDGE('',*,*,#1454,.T.);
#1550 = ORIENTED_EDGE('',*,*,#1485,.T.);
#1551 = ORIENTED_EDGE('',*,*,#1516,.T.);
#1552 = PLANE('',#1553);
#1553 = AXIS2_PLACEMENT_3D('',#1554,#1555,#1556);
#1554 = CARTESIAN_POINT('',(2.27,0.75,0.15));
#1555 = DIRECTION('',(0.,0.,1.));
#1556 = DIRECTION('',(1.,0.,-0.));
#1557 = ( GEOMETRIC_REPRESENTATION_CONTEXT(3) 
GLOBAL_UNCERTAINTY_ASSIGNED_CONTEXT((#1561)) 
GLOBAL_UNIT_ASSIGNED_CONTEXT((#1558,#1559,#1560)) REPRESENTATION_CONTEXT
('Context #1','3D Context with UNIT and UNCERTAINTY') );
#1558 = ( LENGTH_UNIT() NAMED_UNIT(*) SI_UNIT(.MILLI.,.METRE.) );
#1559 = ( NAMED_UNIT(*) PLANE_ANGLE_UNIT() SI_UNIT($,.RADIAN.) );
#1560 = ( NAMED_UNIT(*) SI_UNIT($,.STERADIAN.) SOLID_ANGLE_UNIT() );
#1561 = UNCERTAINTY_MEASURE_WITH_UNIT(LENGTH_MEASURE(1.E-07),#1558,
  'distance_accuracy_value','confusion accuracy');
#1562 = CONTEXT_DEPENDENT_SHAPE_REPRESENTATION(#1563,#1565);
#1563 = ( REPRESENTATION_RELATIONSHIP('','',#1406,#127) 
REPRESENTATION_RELATIONSHIP_WITH_TRANSFORMATION(#1564) 
SHAPE_REPRESENTATION_RELATIONSHIP() );
#1564 = ITEM_DEFINED_TRANSFORMATION('','',#11,#140);
#1565 = PRODUCT_DEFINITION_SHAPE('Placement','Placement of an item',
  #1566);
#1566 = NEXT_ASSEMBLY_USAGE_OCCURRENCE('4','Pin3','',#122,#1401,$);
#1567 = PRODUCT_RELATED_PRODUCT_CATEGORY('part',$,(#1403));
#1568 = SHAPE_DEFINITION_REPRESENTATION(#1569,#1575);
#1569 = PRODUCT_DEFINITION_SHAPE('','',#1570);
#1570 = PRODUCT_DEFINITION('design','',#1571,#1574);
#1571 = PRODUCT_DEFINITION_FORMATION('','',#1572);
#1572 = PRODUCT('Pin4','Pin4','',(#1573));
#1573 = PRODUCT_CONTEXT('',#2,'mechanical');
#1574 = PRODUCT_DEFINITION_CONTEXT('part definition',#2,'design');
#1575 = ADVANCED_BREP_SHAPE_REPRESENTATION('',(#11,#1576),#1726);
#1576 = MANIFOLD_SOLID_BREP('',#1577);
#1577 = CLOSED_SHELL('',(#1578,#1618,#1649,#1680,#1702,#1714));
#1578 = ADVANCED_FACE('',(#1579),#1613,.F.);
#1579 = FACE_BOUND('',#1580,.F.);
#1580 = EDGE_LOOP('',(#1581,#1591,#1599,#1607));
#1581 = ORIENTED_EDGE('',*,*,#1582,.T.);
#1582 = EDGE_CURVE('',#1583,#1585,#1587,.T.);
#1583 = VERTEX_POINT('',#1584);
#1584 = CARTESIAN_POINT('',(2.94,-1.09,0.));
#1585 = VERTEX_POINT('',#1586);
#1586 = CARTESIAN_POINT('',(2.94,-1.09,0.15));
#1587 = LINE('',#1588,#1589);
#1588 = CARTESIAN_POINT('',(2.94,-1.09,0.));
#1589 = VECTOR('',#1590,1.);
#1590 = DIRECTION('',(0.,0.,1.));
#1591 = ORIENTED_EDGE('',*,*,#1592,.T.);
#1592 = EDGE_CURVE('',#1585,#1593,#1595,.T.);
#1593 = VERTEX_POINT('',#1594);
#1594 = CARTESIAN_POINT('',(2.94,-0.41,0.15));
#1595 = LINE('',#1596,#1597);
#1596 = CARTESIAN_POINT('',(2.94,-1.09,0.15));
#1597 = VECTOR('',#1598,1.);
#1598 = DIRECTION('',(0.,1.,0.));
#1599 = ORIENTED_EDGE('',*,*,#1600,.F.);
#1600 = EDGE_CURVE('',#1601,#1593,#1603,.T.);
#1601 = VERTEX_POINT('',#1602);
#1602 = CARTESIAN_POINT('',(2.94,-0.41,0.));
#1603 = LINE('',#1604,#1605);
#1604 = CARTESIAN_POINT('',(2.94,-0.41,0.));
#1605 = VECTOR('',#1606,1.);
#1606 = DIRECTION('',(0.,0.,1.));
#1607 = ORIENTED_EDGE('',*,*,#1608,.F.);
#1608 = EDGE_CURVE('',#1583,#1601,#1609,.T.);
#1609 = LINE('',#1610,#1611);
#1610 = CARTESIAN_POINT('',(2.94,-1.09,0.));
#1611 = VECTOR('',#1612,1.);
#1612 = DIRECTION('',(0.,1.,0.));
#1613 = PLANE('',#1614);
#1614 = AXIS2_PLACEMENT_3D('',#1615,#1616,#1617);
#1615 = CARTESIAN_POINT('',(2.94,-1.09,0.));
#1616 = DIRECTION('',(-1.,0.,0.));
#1617 = DIRECTION('',(0.,1.,0.));
#1618 = ADVANCED_FACE('',(#1619),#1644,.F.);
#1619 = FACE_BOUND('',#1620,.F.);
#1620 = EDGE_LOOP('',(#1621,#1622,#1630,#1638));
#1621 = ORIENTED_EDGE('',*,*,#1600,.T.);
#1622 = ORIENTED_EDGE('',*,*,#1623,.T.);
#1623 = EDGE_CURVE('',#1593,#1624,#1626,.T.);
#1624 = VERTEX_POINT('',#1625);
#1625 = CARTESIAN_POINT('',(1.6,-0.41,0.15));
#1626 = LINE('',#1627,#1628);
#1627 = CARTESIAN_POINT('',(2.94,-0.41,0.15));
#1628 = VECTOR('',#1629,1.);
#1629 = DIRECTION('',(-1.,0.,0.));
#1630 = ORIENTED_EDGE('',*,*,#1631,.F.);
#1631 = EDGE_CURVE('',#1632,#1624,#1634,.T.);
#1632 = VERTEX_POINT('',#1633);
#1633 = CARTESIAN_POINT('',(1.6,-0.41,0.));
#1634 = LINE('',#1635,#1636);
#1635 = CARTESIAN_POINT('',(1.6,-0.41,0.));
#1636 = VECTOR('',#1637,1.);
#1637 = DIRECTION('',(0.,0.,1.));
#1638 = ORIENTED_EDGE('',*,*,#1639,.F.);
#1639 = EDGE_CURVE('',#1601,#1632,#1640,.T.);
#1640 = LINE('',#1641,#1642);
#1641 = CARTESIAN_POINT('',(2.94,-0.41,0.));
#1642 = VECTOR('',#1643,1.);
#1643 = DIRECTION('',(-1.,0.,0.));
#1644 = PLANE('',#1645);
#1645 = AXIS2_PLACEMENT_3D('',#1646,#1647,#1648);
#1646 = CARTESIAN_POINT('',(2.94,-0.41,0.));
#1647 = DIRECTION('',(0.,-1.,0.));
#1648 = DIRECTION('',(-1.,0.,0.));
#1649 = ADVANCED_FACE('',(#1650),#1675,.F.);
#1650 = FACE_BOUND('',#1651,.F.);
#1651 = EDGE_LOOP('',(#1652,#1653,#1661,#1669));
#1652 = ORIENTED_EDGE('',*,*,#1631,.T.);
#1653 = ORIENTED_EDGE('',*,*,#1654,.T.);
#1654 = EDGE_CURVE('',#1624,#1655,#1657,.T.);
#1655 = VERTEX_POINT('',#1656);
#1656 = CARTESIAN_POINT('',(1.6,-1.09,0.15));
#1657 = LINE('',#1658,#1659);
#1658 = CARTESIAN_POINT('',(1.6,-0.41,0.15));
#1659 = VECTOR('',#1660,1.);
#1660 = DIRECTION('',(0.,-1.,0.));
#1661 = ORIENTED_EDGE('',*,*,#1662,.F.);
#1662 = EDGE_CURVE('',#1663,#1655,#1665,.T.);
#1663 = VERTEX_POINT('',#1664);
#1664 = CARTESIAN_POINT('',(1.6,-1.09,0.));
#1665 = LINE('',#1666,#1667);
#1666 = CARTESIAN_POINT('',(1.6,-1.09,0.));
#1667 = VECTOR('',#1668,1.);
#1668 = DIRECTION('',(0.,0.,1.));
#1669 = ORIENTED_EDGE('',*,*,#1670,.F.);
#1670 = EDGE_CURVE('',#1632,#1663,#1671,.T.);
#1671 = LINE('',#1672,#1673);
#1672 = CARTESIAN_POINT('',(1.6,-0.41,0.));
#1673 = VECTOR('',#1674,1.);
#1674 = DIRECTION('',(0.,-1.,0.));
#1675 = PLANE('',#1676);
#1676 = AXIS2_PLACEMENT_3D('',#1677,#1678,#1679);
#1677 = CARTESIAN_POINT('',(1.6,-0.41,0.));
#1678 = DIRECTION('',(1.,0.,0.));
#1679 = DIRECTION('',(0.,-1.,0.));
#1680 = ADVANCED_FACE('',(#1681),#1697,.F.);
#1681 = FACE_BOUND('',#1682,.F.);
#1682 = EDGE_LOOP('',(#1683,#1684,#1690,#1691));
#1683 = ORIENTED_EDGE('',*,*,#1662,.T.);
#1684 = ORIENTED_EDGE('',*,*,#1685,.T.);
#1685 = EDGE_CURVE('',#1655,#1585,#1686,.T.);
#1686 = LINE('',#1687,#1688);
#1687 = CARTESIAN_POINT('',(1.6,-1.09,0.15));
#1688 = VECTOR('',#1689,1.);
#1689 = DIRECTION('',(1.,0.,0.));
#1690 = ORIENTED_EDGE('',*,*,#1582,.F.);
#1691 = ORIENTED_EDGE('',*,*,#1692,.F.);
#1692 = EDGE_CURVE('',#1663,#1583,#1693,.T.);
#1693 = LINE('',#1694,#1695);
#1694 = CARTESIAN_POINT('',(1.6,-1.09,0.));
#1695 = VECTOR('',#1696,1.);
#1696 = DIRECTION('',(1.,0.,0.));
#1697 = PLANE('',#1698);
#1698 = AXIS2_PLACEMENT_3D('',#1699,#1700,#1701);
#1699 = CARTESIAN_POINT('',(1.6,-1.09,0.));
#1700 = DIRECTION('',(0.,1.,0.));
#1701 = DIRECTION('',(1.,0.,0.));
#1702 = ADVANCED_FACE('',(#1703),#1709,.F.);
#1703 = FACE_BOUND('',#1704,.F.);
#1704 = EDGE_LOOP('',(#1705,#1706,#1707,#1708));
#1705 = ORIENTED_EDGE('',*,*,#1608,.T.);
#1706 = ORIENTED_EDGE('',*,*,#1639,.T.);
#1707 = ORIENTED_EDGE('',*,*,#1670,.T.);
#1708 = ORIENTED_EDGE('',*,*,#1692,.T.);
#1709 = PLANE('',#1710);
#1710 = AXIS2_PLACEMENT_3D('',#1711,#1712,#1713);
#1711 = CARTESIAN_POINT('',(2.27,-0.75,0.));
#1712 = DIRECTION('',(0.,0.,1.));
#1713 = DIRECTION('',(1.,0.,-0.));
#1714 = ADVANCED_FACE('',(#1715),#1721,.T.);
#1715 = FACE_BOUND('',#1716,.T.);
#1716 = EDGE_LOOP('',(#1717,#1718,#1719,#1720));
#1717 = ORIENTED_EDGE('',*,*,#1592,.T.);
#1718 = ORIENTED_EDGE('',*,*,#1623,.T.);
#1719 = ORIENTED_EDGE('',*,*,#1654,.T.);
#1720 = ORIENTED_EDGE('',*,*,#1685,.T.);
#1721 = PLANE('',#1722);
#1722 = AXIS2_PLACEMENT_3D('',#1723,#1724,#1725);
#1723 = CARTESIAN_POINT('',(2.27,-0.75,0.15));
#1724 = DIRECTION('',(0.,0.,1.));
#1725 = DIRECTION('',(1.,0.,-0.));
#1726 = ( GEOMETRIC_REPRESENTATION_CONTEXT(3) 
GLOBAL_UNCERTAINTY_ASSIGNED_CONTEXT((#1730)) 
GLOBAL_UNIT_ASSIGNED_CONTEXT((#1727,#1728,#1729)) REPRESENTATION_CONTEXT
('Context #1','3D Context with UNIT and UNCERTAINTY') );
#1727 = ( LENGTH_UNIT() NAMED_UNIT(*) SI_UNIT(.MILLI.,.METRE.) );
#1728 = ( NAMED_UNIT(*) PLANE_ANGLE_UNIT() SI_UNIT($,.RADIAN.) );
#1729 = ( NAMED_UNIT(*) SI_UNIT($,.STERADIAN.) SOLID_ANGLE_UNIT() );
#1730 = UNCERTAINTY_MEASURE_WITH_UNIT(LENGTH_MEASURE(1.E-07),#1727,
  'distance_accuracy_value','confusion accuracy');
#1731 = CONTEXT_DEPENDENT_SHAPE_REPRESENTATION(#1732,#1734);
#1732 = ( REPRESENTATION_RELATIONSHIP('','',#1575,#127) 
REPRESENTATION_RELATIONSHIP_WITH_TRANSFORMATION(#1733) 
SHAPE_REPRESENTATION_RELATIONSHIP() );
#1733 = ITEM_DEFINED_TRANSFORMATION('','',#11,#144);
#1734 = PRODUCT_DEFINITION_SHAPE('Placement','Placement of an item',
  #1735);
#1735 = NEXT_ASSEMBLY_USAGE_OCCURRENCE('5','Pin4','',#122,#1570,$);
#1736 = PRODUCT_RELATED_PRODUCT_CATEGORY('part',$,(#1572));
#1737 = SHAPE_DEFINITION_REPRESENTATION(#1738,#1744);
#1738 = PRODUCT_DEFINITION_SHAPE('','',#1739);
#1739 = PRODUCT_DEFINITION('design','',#1740,#1743);
#1740 = PRODUCT_DEFINITION_FORMATION('','',#1741);
#1741 = PRODUCT('D_DO-35_SOD27_P7.62mm_Horizontal',
  'D_DO-35_SOD27_P7.62mm_Horizontal','',(#1742));
#1742 = PRODUCT_CONTEXT('',#2,'mechanical');
#1743 = PRODUCT_DEFINITION_CONTEXT('part definition',#2,'design');
#1744 = SHAPE_REPRESENTATION('',(#11,#1745),#1749);
#1745 = AXIS2_PLACEMENT_3D('',#1746,#1747,#1748);
#1746 = CARTESIAN_POINT('',(0.,0.,0.));
#1747 = DIRECTION('',(0.,0.,1.));
#1748 = DIRECTION('',(1.,0.,-0.));
#1749 = ( GEOMETRIC_REPRESENTATION_CONTEXT(3) 
GLOBAL_UNCERTAINTY_ASSIGNED_CONTEXT((#1753)) 
GLOBAL_UNIT_ASSIGNED_CONTEXT((#1750,#1751,#1752)) REPRESENTATION_CONTEXT
('Context #1','3D Context with UNIT and UNCERTAINTY') );
#1750 = ( LENGTH_UNIT() NAMED_UNIT(*) SI_UNIT(.MILLI.,.METRE.) );
#1751 = ( NAMED_UNIT(*) PLANE_ANGLE_UNIT() SI_UNIT($,.RADIAN.) );
#1752 = ( NAMED_UNIT(*) SI_UNIT($,.STERADIAN.) SOLID_ANGLE_UNIT() );
#1753 = UNCERTAINTY_MEASURE_WITH_UNIT(LENGTH_MEASURE(1.E-07),#1750,
  'distance_accuracy_value','confusion accuracy');
#1754 = CONTEXT_DEPENDENT_SHAPE_REPRESENTATION(#1755,#1757);
#1755 = ( REPRESENTATION_RELATIONSHIP('','',#1744,#10) 
REPRESENTATION_RELATIONSHIP_WITH_TRANSFORMATION(#1756) 
SHAPE_REPRESENTATION_RELATIONSHIP() );
#1756 = ITEM_DEFINED_TRANSFORMATION('','',#11,#19);
#1757 = PRODUCT_DEFINITION_SHAPE('Placement','Placement of an item',
  #1758);
#1758 = NEXT_ASSEMBLY_USAGE_OCCURRENCE('9','D13','',#5,#1739,$);
#1759 = PRODUCT_RELATED_PRODUCT_CATEGORY('part',$,(#1741));
#1760 = SHAPE_DEFINITION_REPRESENTATION(#1761,#1767);
#1761 = PRODUCT_DEFINITION_SHAPE('','',#1762);
#1762 = PRODUCT_DEFINITION('design','',#1763,#1766);
#1763 = PRODUCT_DEFINITION_FORMATION('','',#1764);
#1764 = PRODUCT('D_DO-35_SOD27_P7.62mm_Horizontal',
  'D_DO-35_SOD27_P7.62mm_Horizontal','',(#1765));
#1765 = PRODUCT_CONTEXT('',#2,'mechanical');
#1766 = PRODUCT_DEFINITION_CONTEXT('part definition',#2,'design');
#1767 = SHAPE_REPRESENTATION('',(#11,#1768,#1923),#2118);
#1768 = MANIFOLD_SOLID_BREP('',#1769);
#1769 = CLOSED_SHELL('',(#1770,#1803,#1829,#1854,#1880,#1905,#1914));
#1770 = ADVANCED_FACE('',(#1771),#1798,.T.);
#1771 = FACE_BOUND('',#1772,.T.);
#1772 = EDGE_LOOP('',(#1773,#1783,#1790,#1791));
#1773 = ORIENTED_EDGE('',*,*,#1774,.T.);
#1774 = EDGE_CURVE('',#1775,#1777,#1779,.T.);
#1775 = VERTEX_POINT('',#1776);
#1776 = CARTESIAN_POINT('',(0.25,0.,-2.5));
#1777 = VERTEX_POINT('',#1778);
#1778 = CARTESIAN_POINT('',(0.25,1.E-15,1.));
#1779 = LINE('',#1780,#1781);
#1780 = CARTESIAN_POINT('',(0.25,6.7E-16,1.));
#1781 = VECTOR('',#1782,1.);
#1782 = DIRECTION('',(0.,2.2E-16,1.));
#1783 = ORIENTED_EDGE('',*,*,#1784,.F.);
#1784 = EDGE_CURVE('',#1777,#1777,#1785,.T.);
#1785 = CIRCLE('',#1786,0.25);
#1786 = AXIS2_PLACEMENT_3D('',#1787,#1788,#1789);
#1787 = CARTESIAN_POINT('',(0.,6.7E-16,1.));
#1788 = DIRECTION('',(-0.,2.2E-16,1.));
#1789 = DIRECTION('',(1.,0.,0.));
#1790 = ORIENTED_EDGE('',*,*,#1774,.F.);
#1791 = ORIENTED_EDGE('',*,*,#1792,.T.);
#1792 = EDGE_CURVE('',#1775,#1775,#1793,.T.);
#1793 = CIRCLE('',#1794,0.25);
#1794 = AXIS2_PLACEMENT_3D('',#1795,#1796,#1797);
#1795 = CARTESIAN_POINT('',(0.,-1.1E-16,-2.5));
#1796 = DIRECTION('',(-0.,2.2E-16,1.));
#1797 = DIRECTION('',(1.,0.,0.));
#1798 = CYLINDRICAL_SURFACE('',#1799,0.25);
#1799 = AXIS2_PLACEMENT_3D('',#1800,#1801,#1802);
#1800 = CARTESIAN_POINT('',(0.,6.7E-16,1.));
#1801 = DIRECTION('',(0.,2.2E-16,1.));
#1802 = DIRECTION('',(1.,0.,-0.));
#1803 = ADVANCED_FACE('',(#1804),#1824,.T.);
#1804 = FACE_BOUND('',#1805,.T.);
#1805 = EDGE_LOOP('',(#1806,#1815,#1822,#1823));
#1806 = ORIENTED_EDGE('',*,*,#1807,.T.);
#1807 = EDGE_CURVE('',#1777,#1808,#1810,.T.);
#1808 = VERTEX_POINT('',#1809);
#1809 = CARTESIAN_POINT('',(0.5,1.E-15,1.25));
#1810 = CIRCLE('',#1811,0.25);
#1811 = AXIS2_PLACEMENT_3D('',#1812,#1813,#1814);
#1812 = CARTESIAN_POINT('',(0.5,7.6E-16,1.));
#1813 = DIRECTION('',(0.,1.,-2.2E-16));
#1814 = DIRECTION('',(1.,0.,0.));
#1815 = ORIENTED_EDGE('',*,*,#1816,.T.);
#1816 = EDGE_CURVE('',#1808,#1808,#1817,.T.);
#1817 = CIRCLE('',#1818,0.25);
#1818 = AXIS2_PLACEMENT_3D('',#1819,#1820,#1821);
#1819 = CARTESIAN_POINT('',(0.5,7.8E-16,1.5));
#1820 = DIRECTION('',(-1.,0.,-1.8E-16));
#1821 = DIRECTION('',(-1.8E-16,2.2E-16,1.));
#1822 = ORIENTED_EDGE('',*,*,#1807,.F.);
#1823 = ORIENTED_EDGE('',*,*,#1784,.T.);
#1824 = TOROIDAL_SURFACE('',#1825,0.5,0.25);
#1825 = AXIS2_PLACEMENT_3D('',#1826,#1827,#1828);
#1826 = CARTESIAN_POINT('',(0.5,6.7E-16,1.));
#1827 = DIRECTION('',(0.,1.,-2.2E-16));
#1828 = DIRECTION('',(1.,0.,0.));
#1829 = ADVANCED_FACE('',(#1830),#1849,.T.);
#1830 = FACE_BOUND('',#1831,.T.);
#1831 = EDGE_LOOP('',(#1832,#1840,#1847,#1848));
#1832 = ORIENTED_EDGE('',*,*,#1833,.T.);
#1833 = EDGE_CURVE('',#1808,#1834,#1836,.T.);
#1834 = VERTEX_POINT('',#1835);
#1835 = CARTESIAN_POINT('',(7.12,1.E-15,1.25));
#1836 = LINE('',#1837,#1838);
#1837 = CARTESIAN_POINT('',(0.5,7.2E-16,1.25));
#1838 = VECTOR('',#1839,1.);
#1839 = DIRECTION('',(1.,0.,0.));
#1840 = ORIENTED_EDGE('',*,*,#1841,.F.);
#1841 = EDGE_CURVE('',#1834,#1834,#1842,.T.);
#1842 = CIRCLE('',#1843,0.25);
#1843 = AXIS2_PLACEMENT_3D('',#1844,#1845,#1846);
#1844 = CARTESIAN_POINT('',(7.12,7.8E-16,1.5));
#1845 = DIRECTION('',(1.,0.,0.));
#1846 = DIRECTION('',(0.,-2.2E-16,-1.));
#1847 = ORIENTED_EDGE('',*,*,#1833,.F.);
#1848 = ORIENTED_EDGE('',*,*,#1816,.F.);
#1849 = CYLINDRICAL_SURFACE('',#1850,0.25);
#1850 = AXIS2_PLACEMENT_3D('',#1851,#1852,#1853);
#1851 = CARTESIAN_POINT('',(0.5,7.8E-16,1.5));
#1852 = DIRECTION('',(1.,0.,0.));
#1853 = DIRECTION('',(0.,-2.2E-16,-1.));
#1854 = ADVANCED_FACE('',(#1855),#1875,.T.);
#1855 = FACE_BOUND('',#1856,.T.);
#1856 = EDGE_LOOP('',(#1857,#1866,#1873,#1874));
#1857 = ORIENTED_EDGE('',*,*,#1858,.T.);
#1858 = EDGE_CURVE('',#1834,#1859,#1861,.T.);
#1859 = VERTEX_POINT('',#1860);
#1860 = CARTESIAN_POINT('',(7.37,1.E-15,1.));
#1861 = CIRCLE('',#1862,0.25);
#1862 = AXIS2_PLACEMENT_3D('',#1863,#1864,#1865);
#1863 = CARTESIAN_POINT('',(7.12,7.6E-16,1.));
#1864 = DIRECTION('',(0.,1.,-2.2E-16));
#1865 = DIRECTION('',(1.,0.,0.));
#1866 = ORIENTED_EDGE('',*,*,#1867,.T.);
#1867 = EDGE_CURVE('',#1859,#1859,#1868,.T.);
#1868 = CIRCLE('',#1869,0.25);
#1869 = AXIS2_PLACEMENT_3D('',#1870,#1871,#1872);
#1870 = CARTESIAN_POINT('',(7.62,6.7E-16,1.));
#1871 = DIRECTION('',(-2.4E-16,2.2E-16,1.));
#1872 = DIRECTION('',(1.,0.,2.4E-16));
#1873 = ORIENTED_EDGE('',*,*,#1858,.F.);
#1874 = ORIENTED_EDGE('',*,*,#1841,.T.);
#1875 = TOROIDAL_SURFACE('',#1876,0.5,0.25);
#1876 = AXIS2_PLACEMENT_3D('',#1877,#1878,#1879);
#1877 = CARTESIAN_POINT('',(7.12,6.7E-16,1.));
#1878 = DIRECTION('',(0.,1.,-2.2E-16));
#1879 = DIRECTION('',(1.,0.,0.));
#1880 = ADVANCED_FACE('',(#1881),#1900,.T.);
#1881 = FACE_BOUND('',#1882,.T.);
#1882 = EDGE_LOOP('',(#1883,#1891,#1898,#1899));
#1883 = ORIENTED_EDGE('',*,*,#1884,.T.);
#1884 = EDGE_CURVE('',#1859,#1885,#1887,.T.);
#1885 = VERTEX_POINT('',#1886);
#1886 = CARTESIAN_POINT('',(7.37,0.,-2.5));
#1887 = LINE('',#1888,#1889);
#1888 = CARTESIAN_POINT('',(7.37,6.7E-16,1.));
#1889 = VECTOR('',#1890,1.);
#1890 = DIRECTION('',(0.,-2.2E-16,-1.));
#1891 = ORIENTED_EDGE('',*,*,#1892,.F.);
#1892 = EDGE_CURVE('',#1885,#1885,#1893,.T.);
#1893 = CIRCLE('',#1894,0.25);
#1894 = AXIS2_PLACEMENT_3D('',#1895,#1896,#1897);
#1895 = CARTESIAN_POINT('',(7.62,-1.1E-16,-2.5));
#1896 = DIRECTION('',(-0.,-2.2E-16,-1.));
#1897 = DIRECTION('',(-1.,0.,0.));
#1898 = ORIENTED_EDGE('',*,*,#1884,.F.);
#1899 = ORIENTED_EDGE('',*,*,#1867,.F.);
#1900 = CYLINDRICAL_SURFACE('',#1901,0.25);
#1901 = AXIS2_PLACEMENT_3D('',#1902,#1903,#1904);
#1902 = CARTESIAN_POINT('',(7.62,6.7E-16,1.));
#1903 = DIRECTION('',(0.,-2.2E-16,-1.));
#1904 = DIRECTION('',(-1.,-0.,0.));
#1905 = ADVANCED_FACE('',(#1906),#1909,.T.);
#1906 = FACE_BOUND('',#1907,.F.);
#1907 = EDGE_LOOP('',(#1908));
#1908 = ORIENTED_EDGE('',*,*,#1792,.T.);
#1909 = PLANE('',#1910);
#1910 = AXIS2_PLACEMENT_3D('',#1911,#1912,#1913);
#1911 = CARTESIAN_POINT('',(0.25,-1.1E-16,-2.5));
#1912 = DIRECTION('',(0.,0.,-1.));
#1913 = DIRECTION('',(-1.,0.,0.));
#1914 = ADVANCED_FACE('',(#1915),#1918,.F.);
#1915 = FACE_BOUND('',#1916,.T.);
#1916 = EDGE_LOOP('',(#1917));
#1917 = ORIENTED_EDGE('',*,*,#1892,.T.);
#1918 = PLANE('',#1919);
#1919 = AXIS2_PLACEMENT_3D('',#1920,#1921,#1922);
#1920 = CARTESIAN_POINT('',(7.37,-1.1E-16,-2.5));
#1921 = DIRECTION('',(0.,0.,1.));
#1922 = DIRECTION('',(1.,0.,-0.));
#1923 = MANIFOLD_SOLID_BREP('',#1924);
#1924 = CLOSED_SHELL('',(#1925,#1958,#1978,#1998,#2023,#2048,#2074,#2100
    ,#2109));
#1925 = ADVANCED_FACE('',(#1926),#1953,.T.);
#1926 = FACE_BOUND('',#1927,.T.);
#1927 = EDGE_LOOP('',(#1928,#1937,#1945,#1952));
#1928 = ORIENTED_EDGE('',*,*,#1929,.T.);
#1929 = EDGE_CURVE('',#1930,#1930,#1932,.T.);
#1930 = VERTEX_POINT('',#1931);
#1931 = CARTESIAN_POINT('',(2.41,3.557331958362E-15,2.51));
#1932 = CIRCLE('',#1933,1.01);
#1933 = AXIS2_PLACEMENT_3D('',#1934,#1935,#1936);
#1934 = CARTESIAN_POINT('',(2.41,6.630669073875E-16,1.5));
#1935 = DIRECTION('',(1.,0.,-0.));
#1936 = DIRECTION('',(0.,9.92044604925E-16,1.));
#1937 = ORIENTED_EDGE('',*,*,#1938,.T.);
#1938 = EDGE_CURVE('',#1930,#1939,#1941,.T.);
#1939 = VERTEX_POINT('',#1940);
#1940 = CARTESIAN_POINT('',(3.41,3.557331958362E-15,2.51));
#1941 = LINE('',#1942,#1943);
#1942 = CARTESIAN_POINT('',(2.41,5.573319583618E-16,2.51));
#1943 = VECTOR('',#1944,1.);
#1944 = DIRECTION('',(1.,0.,0.));
#1945 = ORIENTED_EDGE('',*,*,#1946,.F.);
#1946 = EDGE_CURVE('',#1939,#1939,#1947,.T.);
#1947 = CIRCLE('',#1948,1.01);
#1948 = AXIS2_PLACEMENT_3D('',#1949,#1950,#1951);
#1949 = CARTESIAN_POINT('',(3.41,6.630669073875E-16,1.5));
#1950 = DIRECTION('',(1.,0.,-0.));
#1951 = DIRECTION('',(0.,9.92044604925E-16,1.));
#1952 = ORIENTED_EDGE('',*,*,#1938,.F.);
#1953 = CYLINDRICAL_SURFACE('',#1954,1.01);
#1954 = AXIS2_PLACEMENT_3D('',#1955,#1956,#1957);
#1955 = CARTESIAN_POINT('',(2.41,6.630669073875E-16,1.5));
#1956 = DIRECTION('',(1.,0.,0.));
#1957 = DIRECTION('',(-0.,9.92044604925E-16,1.));
#1958 = ADVANCED_FACE('',(#1959,#1962),#1973,.F.);
#1959 = FACE_BOUND('',#1960,.T.);
#1960 = EDGE_LOOP('',(#1961));
#1961 = ORIENTED_EDGE('',*,*,#1929,.F.);
#1962 = FACE_BOUND('',#1963,.T.);
#1963 = EDGE_LOOP('',(#1964));
#1964 = ORIENTED_EDGE('',*,*,#1965,.T.);
#1965 = EDGE_CURVE('',#1966,#1966,#1968,.T.);
#1966 = VERTEX_POINT('',#1967);
#1967 = CARTESIAN_POINT('',(2.41,5.551115123126E-16,2.5));
#1968 = CIRCLE('',#1969,1.);
#1969 = AXIS2_PLACEMENT_3D('',#1970,#1971,#1972);
#1970 = CARTESIAN_POINT('',(2.41,6.630669073875E-16,1.5));
#1971 = DIRECTION('',(1.,0.,-0.));
#1972 = DIRECTION('',(0.,1.002044604925E-15,1.));
#1973 = PLANE('',#1974);
#1974 = AXIS2_PLACEMENT_3D('',#1975,#1976,#1977);
#1975 = CARTESIAN_POINT('',(2.41,6.630669073875E-16,1.5));
#1976 = DIRECTION('',(1.,0.,0.));
#1977 = DIRECTION('',(-0.,1.002044604925E-15,1.));
#1978 = ADVANCED_FACE('',(#1979,#1982),#1993,.T.);
#1979 = FACE_BOUND('',#1980,.T.);
#1980 = EDGE_LOOP('',(#1981));
#1981 = ORIENTED_EDGE('',*,*,#1946,.T.);
#1982 = FACE_BOUND('',#1983,.T.);
#1983 = EDGE_LOOP('',(#1984));
#1984 = ORIENTED_EDGE('',*,*,#1985,.F.);
#1985 = EDGE_CURVE('',#1986,#1986,#1988,.T.);
#1986 = VERTEX_POINT('',#1987);
#1987 = CARTESIAN_POINT('',(3.41,5.551115123126E-16,2.5));
#1988 = CIRCLE('',#1989,1.);
#1989 = AXIS2_PLACEMENT_3D('',#1990,#1991,#1992);
#1990 = CARTESIAN_POINT('',(3.41,6.630669073875E-16,1.5));
#1991 = DIRECTION('',(1.,0.,-0.));
#1992 = DIRECTION('',(0.,1.002044604925E-15,1.));
#1993 = PLANE('',#1994);
#1994 = AXIS2_PLACEMENT_3D('',#1995,#1996,#1997);
#1995 = CARTESIAN_POINT('',(3.41,6.630669073875E-16,1.5));
#1996 = DIRECTION('',(1.,0.,0.));
#1997 = DIRECTION('',(-0.,9.92044604925E-16,1.));
#1998 = ADVANCED_FACE('',(#1999),#2018,.T.);
#1999 = FACE_BOUND('',#2000,.T.);
#2000 = EDGE_LOOP('',(#2001,#2010,#2016,#2017));
#2001 = ORIENTED_EDGE('',*,*,#2002,.T.);
#2002 = EDGE_CURVE('',#2003,#2003,#2005,.T.);
#2003 = VERTEX_POINT('',#2004);
#2004 = CARTESIAN_POINT('',(2.21,3.555111512313E-15,2.5));
#2005 = CIRCLE('',#2006,1.);
#2006 = AXIS2_PLACEMENT_3D('',#2007,#2008,#2009);
#2007 = CARTESIAN_POINT('',(2.21,6.630669073875E-16,1.5));
#2008 = DIRECTION('',(1.,0.,-0.));
#2009 = DIRECTION('',(0.,1.002044604925E-15,1.));
#2010 = ORIENTED_EDGE('',*,*,#2011,.T.);
#2011 = EDGE_CURVE('',#2003,#1966,#2012,.T.);
#2012 = LINE('',#2013,#2014);
#2013 = CARTESIAN_POINT('',(1.81,5.551115123126E-16,2.5));
#2014 = VECTOR('',#2015,1.);
#2015 = DIRECTION('',(1.,0.,0.));
#2016 = ORIENTED_EDGE('',*,*,#1965,.F.);
#2017 = ORIENTED_EDGE('',*,*,#2011,.F.);
#2018 = CYLINDRICAL_SURFACE('',#2019,1.);
#2019 = AXIS2_PLACEMENT_3D('',#2020,#2021,#2022);
#2020 = CARTESIAN_POINT('',(1.81,6.630669073875E-16,1.5));
#2021 = DIRECTION('',(1.,0.,0.));
#2022 = DIRECTION('',(-0.,1.002044604925E-15,1.));
#2023 = ADVANCED_FACE('',(#2024),#2043,.T.);
#2024 = FACE_BOUND('',#2025,.T.);
#2025 = EDGE_LOOP('',(#2026,#2027,#2035,#2042));
#2026 = ORIENTED_EDGE('',*,*,#1985,.T.);
#2027 = ORIENTED_EDGE('',*,*,#2028,.T.);
#2028 = EDGE_CURVE('',#1986,#2029,#2031,.T.);
#2029 = VERTEX_POINT('',#2030);
#2030 = CARTESIAN_POINT('',(5.41,3.555111512313E-15,2.5));
#2031 = LINE('',#2032,#2033);
#2032 = CARTESIAN_POINT('',(1.81,5.551115123126E-16,2.5));
#2033 = VECTOR('',#2034,1.);
#2034 = DIRECTION('',(1.,0.,0.));
#2035 = ORIENTED_EDGE('',*,*,#2036,.F.);
#2036 = EDGE_CURVE('',#2029,#2029,#2037,.T.);
#2037 = CIRCLE('',#2038,1.);
#2038 = AXIS2_PLACEMENT_3D('',#2039,#2040,#2041);
#2039 = CARTESIAN_POINT('',(5.41,6.630669073875E-16,1.5));
#2040 = DIRECTION('',(1.,0.,-0.));
#2041 = DIRECTION('',(0.,1.002044604925E-15,1.));
#2042 = ORIENTED_EDGE('',*,*,#2028,.F.);
#2043 = CYLINDRICAL_SURFACE('',#2044,1.);
#2044 = AXIS2_PLACEMENT_3D('',#2045,#2046,#2047);
#2045 = CARTESIAN_POINT('',(1.81,6.630669073875E-16,1.5));
#2046 = DIRECTION('',(1.,0.,0.));
#2047 = DIRECTION('',(-0.,1.002044604925E-15,1.));
#2048 = ADVANCED_FACE('',(#2049),#2069,.T.);
#2049 = FACE_BOUND('',#2050,.T.);
#2050 = EDGE_LOOP('',(#2051,#2060,#2067,#2068));
#2051 = ORIENTED_EDGE('',*,*,#2052,.T.);
#2052 = EDGE_CURVE('',#2053,#2053,#2055,.T.);
#2053 = VERTEX_POINT('',#2054);
#2054 = CARTESIAN_POINT('',(1.81,1.466293670343E-15,2.1));
#2055 = CIRCLE('',#2056,0.6);
#2056 = AXIS2_PLACEMENT_3D('',#2057,#2058,#2059);
#2057 = CARTESIAN_POINT('',(1.81,6.630669073875E-16,1.5));
#2058 = DIRECTION('',(1.,0.,-0.));
#2059 = DIRECTION('',(0.,1.002044604925E-15,1.));
#2060 = ORIENTED_EDGE('',*,*,#2061,.F.);
#2061 = EDGE_CURVE('',#2003,#2053,#2062,.T.);
#2062 = CIRCLE('',#2063,0.4);
#2063 = AXIS2_PLACEMENT_3D('',#2064,#2065,#2066);
#2064 = CARTESIAN_POINT('',(2.21,1.266293670343E-15,2.1));
#2065 = DIRECTION('',(0.,-1.,1.002044604925E-15));
#2066 = DIRECTION('',(0.,1.002044604925E-15,1.));
#2067 = ORIENTED_EDGE('',*,*,#2002,.F.);
#2068 = ORIENTED_EDGE('',*,*,#2061,.T.);
#2069 = TOROIDAL_SURFACE('',#2070,0.6,0.4);
#2070 = AXIS2_PLACEMENT_3D('',#2071,#2072,#2073);
#2071 = CARTESIAN_POINT('',(2.21,6.630669073875E-16,1.5));
#2072 = DIRECTION('',(-1.,0.,0.));
#2073 = DIRECTION('',(0.,1.002044604925E-15,1.));
#2074 = ADVANCED_FACE('',(#2075),#2095,.T.);
#2075 = FACE_BOUND('',#2076,.T.);
#2076 = EDGE_LOOP('',(#2077,#2078,#2087,#2094));
#2077 = ORIENTED_EDGE('',*,*,#2036,.T.);
#2078 = ORIENTED_EDGE('',*,*,#2079,.F.);
#2079 = EDGE_CURVE('',#2080,#2029,#2082,.T.);
#2080 = VERTEX_POINT('',#2081);
#2081 = CARTESIAN_POINT('',(5.81,1.466293670343E-15,2.1));
#2082 = CIRCLE('',#2083,0.4);
#2083 = AXIS2_PLACEMENT_3D('',#2084,#2085,#2086);
#2084 = CARTESIAN_POINT('',(5.41,1.266293670343E-15,2.1));
#2085 = DIRECTION('',(0.,-1.,1.002044604925E-15));
#2086 = DIRECTION('',(0.,1.002044604925E-15,1.));
#2087 = ORIENTED_EDGE('',*,*,#2088,.F.);
#2088 = EDGE_CURVE('',#2080,#2080,#2089,.T.);
#2089 = CIRCLE('',#2090,0.6);
#2090 = AXIS2_PLACEMENT_3D('',#2091,#2092,#2093);
#2091 = CARTESIAN_POINT('',(5.81,6.630669073875E-16,1.5));
#2092 = DIRECTION('',(1.,0.,-0.));
#2093 = DIRECTION('',(0.,1.002044604925E-15,1.));
#2094 = ORIENTED_EDGE('',*,*,#2079,.T.);
#2095 = TOROIDAL_SURFACE('',#2096,0.6,0.4);
#2096 = AXIS2_PLACEMENT_3D('',#2097,#2098,#2099);
#2097 = CARTESIAN_POINT('',(5.41,6.630669073875E-16,1.5));
#2098 = DIRECTION('',(-1.,0.,0.));
#2099 = DIRECTION('',(0.,1.002044604925E-15,1.));
#2100 = ADVANCED_FACE('',(#2101),#2104,.F.);
#2101 = FACE_BOUND('',#2102,.T.);
#2102 = EDGE_LOOP('',(#2103));
#2103 = ORIENTED_EDGE('',*,*,#2052,.F.);
#2104 = PLANE('',#2105);
#2105 = AXIS2_PLACEMENT_3D('',#2106,#2107,#2108);
#2106 = CARTESIAN_POINT('',(1.81,6.630669073875E-16,1.5));
#2107 = DIRECTION('',(1.,0.,0.));
#2108 = DIRECTION('',(-0.,1.002044604925E-15,1.));
#2109 = ADVANCED_FACE('',(#2110),#2113,.T.);
#2110 = FACE_BOUND('',#2111,.F.);
#2111 = EDGE_LOOP('',(#2112));
#2112 = ORIENTED_EDGE('',*,*,#2088,.F.);
#2113 = PLANE('',#2114);
#2114 = AXIS2_PLACEMENT_3D('',#2115,#2116,#2117);
#2115 = CARTESIAN_POINT('',(5.81,6.630669073875E-16,1.5));
#2116 = DIRECTION('',(1.,0.,0.));
#2117 = DIRECTION('',(-0.,1.002044604925E-15,1.));
#2118 = ( GEOMETRIC_REPRESENTATION_CONTEXT(3) 
GLOBAL_UNCERTAINTY_ASSIGNED_CONTEXT((#2122)) 
GLOBAL_UNIT_ASSIGNED_CONTEXT((#2119,#2120,#2121)) REPRESENTATION_CONTEXT
('Context #1','3D Context with UNIT and UNCERTAINTY') );
#2119 = ( LENGTH_UNIT() NAMED_UNIT(*) SI_UNIT(.MILLI.,.METRE.) );
#2120 = ( NAMED_UNIT(*) PLANE_ANGLE_UNIT() SI_UNIT($,.RADIAN.) );
#2121 = ( NAMED_UNIT(*) SI_UNIT($,.STERADIAN.) SOLID_ANGLE_UNIT() );
#2122 = UNCERTAINTY_MEASURE_WITH_UNIT(LENGTH_MEASURE(1.E-07),#2119,
  'distance_accuracy_value','confusion accuracy');
#2123 = CONTEXT_DEPENDENT_SHAPE_REPRESENTATION(#2124,#2126);
#2124 = ( REPRESENTATION_RELATIONSHIP('','',#1767,#1744) 
REPRESENTATION_RELATIONSHIP_WITH_TRANSFORMATION(#2125) 
SHAPE_REPRESENTATION_RELATIONSHIP() );
#2125 = ITEM_DEFINED_TRANSFORMATION('','',#11,#1745);
#2126 = PRODUCT_DEFINITION_SHAPE('Placement','Placement of an item',
  #2127);
#2127 = NEXT_ASSEMBLY_USAGE_OCCURRENCE('8','=>[0:1:1:10]','',#1739,#1762
  ,$);
#2128 = PRODUCT_RELATED_PRODUCT_CATEGORY('part',$,(#1764));
#2129 = CONTEXT_DEPENDENT_SHAPE_REPRESENTATION(#2130,#2132);
#2130 = ( REPRESENTATION_RELATIONSHIP('','',#1744,#10) 
REPRESENTATION_RELATIONSHIP_WITH_TRANSFORMATION(#2131) 
SHAPE_REPRESENTATION_RELATIONSHIP() );
#2131 = ITEM_DEFINED_TRANSFORMATION('','',#11,#23);
#2132 = PRODUCT_DEFINITION_SHAPE('Placement','Placement of an item',
  #2133);
#2133 = NEXT_ASSEMBLY_USAGE_OCCURRENCE('10','D10','',#5,#1739,$);
#2134 = CONTEXT_DEPENDENT_SHAPE_REPRESENTATION(#2135,#2137);
#2135 = ( REPRESENTATION_RELATIONSHIP('','',#104,#10) 
REPRESENTATION_RELATIONSHIP_WITH_TRANSFORMATION(#2136) 
SHAPE_REPRESENTATION_RELATIONSHIP() );
#2136 = ITEM_DEFINED_TRANSFORMATION('','',#11,#27);
#2137 = PRODUCT_DEFINITION_SHAPE('Placement','Placement of an item',
  #2138);
#2138 = NEXT_ASSEMBLY_USAGE_OCCURRENCE('11','D3','',#5,#99,$);
#2139 = CONTEXT_DEPENDENT_SHAPE_REPRESENTATION(#2140,#2142);
#2140 = ( REPRESENTATION_RELATIONSHIP('','',#1744,#10) 
REPRESENTATION_RELATIONSHIP_WITH_TRANSFORMATION(#2141) 
SHAPE_REPRESENTATION_RELATIONSHIP() );
#2141 = ITEM_DEFINED_TRANSFORMATION('','',#11,#31);
#2142 = PRODUCT_DEFINITION_SHAPE('Placement','Placement of an item',
  #2143);
#2143 = NEXT_ASSEMBLY_USAGE_OCCURRENCE('12','D15','',#5,#1739,$);
#2144 = CONTEXT_DEPENDENT_SHAPE_REPRESENTATION(#2145,#2147);
#2145 = ( REPRESENTATION_RELATIONSHIP('','',#104,#10) 
REPRESENTATION_RELATIONSHIP_WITH_TRANSFORMATION(#2146) 
SHAPE_REPRESENTATION_RELATIONSHIP() );
#2146 = ITEM_DEFINED_TRANSFORMATION('','',#11,#35);
#2147 = PRODUCT_DEFINITION_SHAPE('Placement','Placement of an item',
  #2148);
#2148 = NEXT_ASSEMBLY_USAGE_OCCURRENCE('13','D9','',#5,#99,$);
#2149 = CONTEXT_DEPENDENT_SHAPE_REPRESENTATION(#2150,#2152);
#2150 = ( REPRESENTATION_RELATIONSHIP('','',#1744,#10) 
REPRESENTATION_RELATIONSHIP_WITH_TRANSFORMATION(#2151) 
SHAPE_REPRESENTATION_RELATIONSHIP() );
#2151 = ITEM_DEFINED_TRANSFORMATION('','',#11,#39);
#2152 = PRODUCT_DEFINITION_SHAPE('Placement','Placement of an item',
  #2153);
#2153 = NEXT_ASSEMBLY_USAGE_OCCURRENCE('14','D12','',#5,#1739,$);
#2154 = CONTEXT_DEPENDENT_SHAPE_REPRESENTATION(#2155,#2157);
#2155 = ( REPRESENTATION_RELATIONSHIP('','',#104,#10) 
REPRESENTATION_RELATIONSHIP_WITH_TRANSFORMATION(#2156) 
SHAPE_REPRESENTATION_RELATIONSHIP() );
#2156 = ITEM_DEFINED_TRANSFORMATION('','',#11,#43);
#2157 = PRODUCT_DEFINITION_SHAPE('Placement','Placement of an item',
  #2158);
#2158 = NEXT_ASSEMBLY_USAGE_OCCURRENCE('15','D8','',#5,#99,$);
#2159 = CONTEXT_DEPENDENT_SHAPE_REPRESENTATION(#2160,#2162);
#2160 = ( REPRESENTATION_RELATIONSHIP('','',#104,#10) 
REPRESENTATION_RELATIONSHIP_WITH_TRANSFORMATION(#2161) 
SHAPE_REPRESENTATION_RELATIONSHIP() );
#2161 = ITEM_DEFINED_TRANSFORMATION('','',#11,#47);
#2162 = PRODUCT_DEFINITION_SHAPE('Placement','Placement of an item',
  #2163);
#2163 = NEXT_ASSEMBLY_USAGE_OCCURRENCE('16','D4','',#5,#99,$);
#2164 = CONTEXT_DEPENDENT_SHAPE_REPRESENTATION(#2165,#2167);
#2165 = ( REPRESENTATION_RELATIONSHIP('','',#104,#10) 
REPRESENTATION_RELATIONSHIP_WITH_TRANSFORMATION(#2166) 
SHAPE_REPRESENTATION_RELATIONSHIP() );
#2166 = ITEM_DEFINED_TRANSFORMATION('','',#11,#51);
#2167 = PRODUCT_DEFINITION_SHAPE('Placement','Placement of an item',
  #2168);
#2168 = NEXT_ASSEMBLY_USAGE_OCCURRENCE('17','D5','',#5,#99,$);
#2169 = CONTEXT_DEPENDENT_SHAPE_REPRESENTATION(#2170,#2172);
#2170 = ( REPRESENTATION_RELATIONSHIP('','',#1744,#10) 
REPRESENTATION_RELATIONSHIP_WITH_TRANSFORMATION(#2171) 
SHAPE_REPRESENTATION_RELATIONSHIP() );
#2171 = ITEM_DEFINED_TRANSFORMATION('','',#11,#55);
#2172 = PRODUCT_DEFINITION_SHAPE('Placement','Placement of an item',
  #2173);
#2173 = NEXT_ASSEMBLY_USAGE_OCCURRENCE('18','D14','',#5,#1739,$);
#2174 = CONTEXT_DEPENDENT_SHAPE_REPRESENTATION(#2175,#2177);
#2175 = ( REPRESENTATION_RELATIONSHIP('','',#104,#10) 
REPRESENTATION_RELATIONSHIP_WITH_TRANSFORMATION(#2176) 
SHAPE_REPRESENTATION_RELATIONSHIP() );
#2176 = ITEM_DEFINED_TRANSFORMATION('','',#11,#59);
#2177 = PRODUCT_DEFINITION_SHAPE('Placement','Placement of an item',
  #2178);
#2178 = NEXT_ASSEMBLY_USAGE_OCCURRENCE('19','D7','',#5,#99,$);
#2179 = CONTEXT_DEPENDENT_SHAPE_REPRESENTATION(#2180,#2182);
#2180 = ( REPRESENTATION_RELATIONSHIP('','',#1744,#10) 
REPRESENTATION_RELATIONSHIP_WITH_TRANSFORMATION(#2181) 
SHAPE_REPRESENTATION_RELATIONSHIP() );
#2181 = ITEM_DEFINED_TRANSFORMATION('','',#11,#63);
#2182 = PRODUCT_DEFINITION_SHAPE('Placement','Placement of an item',
  #2183);
#2183 = NEXT_ASSEMBLY_USAGE_OCCURRENCE('20','D16','',#5,#1739,$);
#2184 = CONTEXT_DEPENDENT_SHAPE_REPRESENTATION(#2185,#2187);
#2185 = ( REPRESENTATION_RELATIONSHIP('','',#104,#10) 
REPRESENTATION_RELATIONSHIP_WITH_TRANSFORMATION(#2186) 
SHAPE_REPRESENTATION_RELATIONSHIP() );
#2186 = ITEM_DEFINED_TRANSFORMATION('','',#11,#67);
#2187 = PRODUCT_DEFINITION_SHAPE('Placement','Placement of an item',
  #2188);
#2188 = NEXT_ASSEMBLY_USAGE_OCCURRENCE('21','D2','',#5,#99,$);
#2189 = CONTEXT_DEPENDENT_SHAPE_REPRESENTATION(#2190,#2192);
#2190 = ( REPRESENTATION_RELATIONSHIP('','',#1744,#10) 
REPRESENTATION_RELATIONSHIP_WITH_TRANSFORMATION(#2191) 
SHAPE_REPRESENTATION_RELATIONSHIP() );
#2191 = ITEM_DEFINED_TRANSFORMATION('','',#11,#71);
#2192 = PRODUCT_DEFINITION_SHAPE('Placement','Placement of an item',
  #2193);
#2193 = NEXT_ASSEMBLY_USAGE_OCCURRENCE('22','D11','',#5,#1739,$);
#2194 = CONTEXT_DEPENDENT_SHAPE_REPRESENTATION(#2195,#2197);
#2195 = ( REPRESENTATION_RELATIONSHIP('','',#104,#10) 
REPRESENTATION_RELATIONSHIP_WITH_TRANSFORMATION(#2196) 
SHAPE_REPRESENTATION_RELATIONSHIP() );
#2196 = ITEM_DEFINED_TRANSFORMATION('','',#11,#75);
#2197 = PRODUCT_DEFINITION_SHAPE('Placement','Placement of an item',
  #2198);
#2198 = NEXT_ASSEMBLY_USAGE_OCCURRENCE('23','D6','',#5,#99,$);
#2199 = CONTEXT_DEPENDENT_SHAPE_REPRESENTATION(#2200,#2202);
#2200 = ( REPRESENTATION_RELATIONSHIP('','',#1744,#10) 
REPRESENTATION_RELATIONSHIP_WITH_TRANSFORMATION(#2201) 
SHAPE_REPRESENTATION_RELATIONSHIP() );
#2201 = ITEM_DEFINED_TRANSFORMATION('','',#11,#79);
#2202 = PRODUCT_DEFINITION_SHAPE('Placement','Placement of an item',
  #2203);
#2203 = NEXT_ASSEMBLY_USAGE_OCCURRENCE('24','D18','',#5,#1739,$);
#2204 = CONTEXT_DEPENDENT_SHAPE_REPRESENTATION(#2205,#2207);
#2205 = ( REPRESENTATION_RELATIONSHIP('','',#1744,#10) 
REPRESENTATION_RELATIONSHIP_WITH_TRANSFORMATION(#2206) 
SHAPE_REPRESENTATION_RELATIONSHIP() );
#2206 = ITEM_DEFINED_TRANSFORMATION('','',#11,#83);
#2207 = PRODUCT_DEFINITION_SHAPE('Placement','Placement of an item',
  #2208);
#2208 = NEXT_ASSEMBLY_USAGE_OCCURRENCE('25','D17','',#5,#1739,$);
#2209 = SHAPE_DEFINITION_REPRESENTATION(#2210,#2216);
#2210 = PRODUCT_DEFINITION_SHAPE('','',#2211);
#2211 = PRODUCT_DEFINITION('design','',#2212,#2215);
#2212 = PRODUCT_DEFINITION_FORMATION('','',#2213);
#2213 = PRODUCT('keyboard_shortcut_board_PCB',
  'keyboard_shortcut_board_PCB','',(#2214));
#2214 = PRODUCT_CONTEXT('',#2,'mechanical');
#2215 = PRODUCT_DEFINITION_CONTEXT('part definition',#2,'design');
#2216 = ADVANCED_BREP_SHAPE_REPRESENTATION('',(#11,#2217),#11293);
#2217 = MANIFOLD_SOLID_BREP('',#2218);
#2218 = CLOSED_SHELL('',(#2219,#2259,#2290,#2321,#4710,#7099,#7116,#7133
    ,#7150,#7167,#7179,#7196,#7218,#7235,#7252,#7269,#7286,#7303,#7320,
    #7337,#7354,#7371,#7388,#7405,#7422,#7439,#7456,#7468,#7485,#7502,
    #7519,#7536,#7553,#7575,#7592,#7609,#7626,#7643,#7660,#7677,#7694,
    #7711,#7728,#7745,#7762,#7779,#7796,#7813,#7825,#7842,#7859,#7876,
    #7893,#7910,#7932,#7949,#7966,#7983,#8000,#8017,#8034,#8051,#8068,
    #8085,#8102,#8119,#8136,#8153,#8170,#8182,#8199,#8216,#8233,#8250,
    #8267,#8289,#8306,#8323,#8340,#8357,#8374,#8391,#8408,#8425,#8442,
    #8459,#8476,#8493,#8510,#8527,#8539,#8556,#8573,#8590,#8607,#8624,
    #8646,#8663,#8680,#8697,#8714,#8731,#8748,#8765,#8782,#8799,#8816,
    #8833,#8850,#8867,#8884,#8896,#8913,#8930,#8947,#8964,#8981,#8998,
    #9015,#9032,#9049,#9066,#9083,#9100,#9117,#9139,#9156,#9173,#9190,
    #9207,#9224,#9241,#9258,#9275,#9292,#9309,#9326,#9343,#9360,#9377,
    #9389,#9406,#9423,#9440,#9457,#9474,#9491,#9508,#9525,#9542,#9559,
    #9576,#9593,#9610,#9627,#9644,#9661,#9678,#9695,#9712,#9734,#9751,
    #9768,#9785,#9802,#9819,#9836,#9853,#9870,#9887,#9904,#9921,#9938,
    #9955,#9972,#9984,#10001,#10018,#10035,#10052,#10074,#10091,#10108,
    #10125,#10142,#10159,#10176,#10193,#10210,#10227,#10244,#10261,
    #10278,#10295,#10312,#10324,#10341,#10358,#10375,#10392,#10409,
    #10426,#10443,#10460,#10477,#10494,#10516,#10533,#10550,#10567,
    #10584,#10601,#10618,#10635,#10652,#10669,#10686,#10703,#10720,
    #10737,#10754,#10766,#10783,#10800,#10817,#10834,#10851,#10868,
    #10885,#10902,#10919,#10936,#10953,#10970,#10987,#11009,#11026,
    #11043,#11055,#11072,#11089,#11111,#11128,#11145,#11157,#11174,
    #11191,#11208,#11225,#11242,#11259,#11276));
#2219 = ADVANCED_FACE('',(#2220),#2254,.T.);
#2220 = FACE_BOUND('',#2221,.T.);
#2221 = EDGE_LOOP('',(#2222,#2232,#2240,#2248));
#2222 = ORIENTED_EDGE('',*,*,#2223,.T.);
#2223 = EDGE_CURVE('',#2224,#2226,#2228,.T.);
#2224 = VERTEX_POINT('',#2225);
#2225 = CARTESIAN_POINT('',(128.5946,-23.8768,0.));
#2226 = VERTEX_POINT('',#2227);
#2227 = CARTESIAN_POINT('',(128.5946,-23.8768,1.51));
#2228 = LINE('',#2229,#2230);
#2229 = CARTESIAN_POINT('',(128.5946,-23.8768,0.));
#2230 = VECTOR('',#2231,1.);
#2231 = DIRECTION('',(0.,0.,1.));
#2232 = ORIENTED_EDGE('',*,*,#2233,.T.);
#2233 = EDGE_CURVE('',#2226,#2234,#2236,.T.);
#2234 = VERTEX_POINT('',#2235);
#2235 = CARTESIAN_POINT('',(128.5946,-108.7767,1.51));
#2236 = LINE('',#2237,#2238);
#2237 = CARTESIAN_POINT('',(128.5946,-23.8768,1.51));
#2238 = VECTOR('',#2239,1.);
#2239 = DIRECTION('',(0.,-1.,0.));
#2240 = ORIENTED_EDGE('',*,*,#2241,.F.);
#2241 = EDGE_CURVE('',#2242,#2234,#2244,.T.);
#2242 = VERTEX_POINT('',#2243);
#2243 = CARTESIAN_POINT('',(128.5946,-108.7767,0.));
#2244 = LINE('',#2245,#2246);
#2245 = CARTESIAN_POINT('',(128.5946,-108.7767,0.));
#2246 = VECTOR('',#2247,1.);
#2247 = DIRECTION('',(0.,0.,1.));
#2248 = ORIENTED_EDGE('',*,*,#2249,.F.);
#2249 = EDGE_CURVE('',#2224,#2242,#2250,.T.);
#2250 = LINE('',#2251,#2252);
#2251 = CARTESIAN_POINT('',(128.5946,-23.8768,0.));
#2252 = VECTOR('',#2253,1.);
#2253 = DIRECTION('',(0.,-1.,0.));
#2254 = PLANE('',#2255);
#2255 = AXIS2_PLACEMENT_3D('',#2256,#2257,#2258);
#2256 = CARTESIAN_POINT('',(128.5946,-23.8768,0.));
#2257 = DIRECTION('',(1.,0.,-0.));
#2258 = DIRECTION('',(0.,-1.,0.));
#2259 = ADVANCED_FACE('',(#2260),#2285,.T.);
#2260 = FACE_BOUND('',#2261,.T.);
#2261 = EDGE_LOOP('',(#2262,#2272,#2278,#2279));
#2262 = ORIENTED_EDGE('',*,*,#2263,.T.);
#2263 = EDGE_CURVE('',#2264,#2266,#2268,.T.);
#2264 = VERTEX_POINT('',#2265);
#2265 = CARTESIAN_POINT('',(125.5946,-20.8768,0.));
#2266 = VERTEX_POINT('',#2267);
#2267 = CARTESIAN_POINT('',(125.5946,-20.8768,1.51));
#2268 = LINE('',#2269,#2270);
#2269 = CARTESIAN_POINT('',(125.5946,-20.8768,0.));
#2270 = VECTOR('',#2271,1.);
#2271 = DIRECTION('',(0.,0.,1.));
#2272 = ORIENTED_EDGE('',*,*,#2273,.T.);
#2273 = EDGE_CURVE('',#2266,#2226,#2274,.T.);
#2274 = LINE('',#2275,#2276);
#2275 = CARTESIAN_POINT('',(125.5946,-20.8768,1.51));
#2276 = VECTOR('',#2277,1.);
#2277 = DIRECTION('',(0.707106781187,-0.707106781187,0.));
#2278 = ORIENTED_EDGE('',*,*,#2223,.F.);
#2279 = ORIENTED_EDGE('',*,*,#2280,.F.);
#2280 = EDGE_CURVE('',#2264,#2224,#2281,.T.);
#2281 = LINE('',#2282,#2283);
#2282 = CARTESIAN_POINT('',(125.5946,-20.8768,0.));
#2283 = VECTOR('',#2284,1.);
#2284 = DIRECTION('',(0.707106781187,-0.707106781187,0.));
#2285 = PLANE('',#2286);
#2286 = AXIS2_PLACEMENT_3D('',#2287,#2288,#2289);
#2287 = CARTESIAN_POINT('',(125.5946,-20.8768,0.));
#2288 = DIRECTION('',(0.707106781187,0.707106781187,-0.));
#2289 = DIRECTION('',(0.707106781187,-0.707106781187,0.));
#2290 = ADVANCED_FACE('',(#2291),#2316,.T.);
#2291 = FACE_BOUND('',#2292,.T.);
#2292 = EDGE_LOOP('',(#2293,#2294,#2302,#2310));
#2293 = ORIENTED_EDGE('',*,*,#2241,.T.);
#2294 = ORIENTED_EDGE('',*,*,#2295,.T.);
#2295 = EDGE_CURVE('',#2234,#2296,#2298,.T.);
#2296 = VERTEX_POINT('',#2297);
#2297 = CARTESIAN_POINT('',(125.5946,-111.7767,1.51));
#2298 = LINE('',#2299,#2300);
#2299 = CARTESIAN_POINT('',(128.5946,-108.7767,1.51));
#2300 = VECTOR('',#2301,1.);
#2301 = DIRECTION('',(-0.707106781187,-0.707106781187,0.));
#2302 = ORIENTED_EDGE('',*,*,#2303,.F.);
#2303 = EDGE_CURVE('',#2304,#2296,#2306,.T.);
#2304 = VERTEX_POINT('',#2305);
#2305 = CARTESIAN_POINT('',(125.5946,-111.7767,0.));
#2306 = LINE('',#2307,#2308);
#2307 = CARTESIAN_POINT('',(125.5946,-111.7767,0.));
#2308 = VECTOR('',#2309,1.);
#2309 = DIRECTION('',(0.,0.,1.));
#2310 = ORIENTED_EDGE('',*,*,#2311,.F.);
#2311 = EDGE_CURVE('',#2242,#2304,#2312,.T.);
#2312 = LINE('',#2313,#2314);
#2313 = CARTESIAN_POINT('',(128.5946,-108.7767,0.));
#2314 = VECTOR('',#2315,1.);
#2315 = DIRECTION('',(-0.707106781187,-0.707106781187,0.));
#2316 = PLANE('',#2317);
#2317 = AXIS2_PLACEMENT_3D('',#2318,#2319,#2320);
#2318 = CARTESIAN_POINT('',(128.5946,-108.7767,0.));
#2319 = DIRECTION('',(0.707106781187,-0.707106781187,0.));
#2320 = DIRECTION('',(-0.707106781187,-0.707106781187,0.));
#2321 = ADVANCED_FACE('',(#2322,#2365,#2376,#2518,#2529,#2540,#2551,
    #2562,#2573,#2715,#2726,#2737,#2748,#2759,#2770,#2912,#2923,#2934,
    #2945,#2956,#2967,#3109,#3120,#3131,#3142,#3153,#3164,#3306,#3317,
    #3328,#3339,#3350,#3361,#3372,#3383,#3394,#3405,#3416,#3427,#3438,
    #3449,#3591,#3602,#3613,#3624,#3635,#3646,#3657,#3668,#3679,#3690,
    #3701,#3712,#3723,#3734,#3745,#3756,#3767,#3778,#3789,#3800,#3942,
    #3953,#3964,#3975,#3986,#4128,#4139,#4150,#4161,#4172,#4183,#4194,
    #4205,#4216,#4227,#4238,#4380,#4391,#4402,#4413,#4424,#4435,#4446,
    #4457,#4468,#4479,#4490,#4501,#4512,#4523,#4559,#4570,#4581,#4617,
    #4628,#4639,#4650,#4661,#4672,#4683,#4694),#4705,.F.);
#2322 = FACE_BOUND('',#2323,.F.);
#2323 = EDGE_LOOP('',(#2324,#2325,#2326,#2334,#2342,#2350,#2358,#2364));
#2324 = ORIENTED_EDGE('',*,*,#2249,.F.);
#2325 = ORIENTED_EDGE('',*,*,#2280,.F.);
#2326 = ORIENTED_EDGE('',*,*,#2327,.F.);
#2327 = EDGE_CURVE('',#2328,#2264,#2330,.T.);
#2328 = VERTEX_POINT('',#2329);
#2329 = CARTESIAN_POINT('',(35.2172,-20.8768,0.));
#2330 = LINE('',#2331,#2332);
#2331 = CARTESIAN_POINT('',(35.2172,-20.8768,0.));
#2332 = VECTOR('',#2333,1.);
#2333 = DIRECTION('',(1.,0.,0.));
#2334 = ORIENTED_EDGE('',*,*,#2335,.F.);
#2335 = EDGE_CURVE('',#2336,#2328,#2338,.T.);
#2336 = VERTEX_POINT('',#2337);
#2337 = CARTESIAN_POINT('',(32.2172,-23.8768,0.));
#2338 = LINE('',#2339,#2340);
#2339 = CARTESIAN_POINT('',(32.2172,-23.8768,0.));
#2340 = VECTOR('',#2341,1.);
#2341 = DIRECTION('',(0.707106781187,0.707106781187,0.));
#2342 = ORIENTED_EDGE('',*,*,#2343,.F.);
#2343 = EDGE_CURVE('',#2344,#2336,#2346,.T.);
#2344 = VERTEX_POINT('',#2345);
#2345 = CARTESIAN_POINT('',(32.2172,-108.7767,0.));
#2346 = LINE('',#2347,#2348);
#2347 = CARTESIAN_POINT('',(32.2172,-108.7767,0.));
#2348 = VECTOR('',#2349,1.);
#2349 = DIRECTION('',(0.,1.,0.));
#2350 = ORIENTED_EDGE('',*,*,#2351,.F.);
#2351 = EDGE_CURVE('',#2352,#2344,#2354,.T.);
#2352 = VERTEX_POINT('',#2353);
#2353 = CARTESIAN_POINT('',(35.2172,-111.7767,0.));
#2354 = LINE('',#2355,#2356);
#2355 = CARTESIAN_POINT('',(35.2172,-111.7767,0.));
#2356 = VECTOR('',#2357,1.);
#2357 = DIRECTION('',(-0.707106781187,0.707106781187,0.));
#2358 = ORIENTED_EDGE('',*,*,#2359,.F.);
#2359 = EDGE_CURVE('',#2304,#2352,#2360,.T.);
#2360 = LINE('',#2361,#2362);
#2361 = CARTESIAN_POINT('',(125.5946,-111.7767,0.));
#2362 = VECTOR('',#2363,1.);
#2363 = DIRECTION('',(-1.,0.,0.));
#2364 = ORIENTED_EDGE('',*,*,#2311,.F.);
#2365 = FACE_BOUND('',#2366,.F.);
#2366 = EDGE_LOOP('',(#2367));
#2367 = ORIENTED_EDGE('',*,*,#2368,.T.);
#2368 = EDGE_CURVE('',#2369,#2369,#2371,.T.);
#2369 = VERTEX_POINT('',#2370);
#2370 = CARTESIAN_POINT('',(36.2932,-109.3007,0.));
#2371 = CIRCLE('',#2372,1.6);
#2372 = AXIS2_PLACEMENT_3D('',#2373,#2374,#2375);
#2373 = CARTESIAN_POINT('',(36.2932,-107.7007,0.));
#2374 = DIRECTION('',(-0.,0.,-1.));
#2375 = DIRECTION('',(-0.,-1.,0.));
#2376 = FACE_BOUND('',#2377,.F.);
#2377 = EDGE_LOOP('',(#2378,#2389,#2398,#2406,#2415,#2424,#2433,#2441,
    #2450,#2459,#2468,#2476,#2485,#2494,#2503,#2511));
#2378 = ORIENTED_EDGE('',*,*,#2379,.F.);
#2379 = EDGE_CURVE('',#2380,#2382,#2384,.T.);
#2380 = VERTEX_POINT('',#2381);
#2381 = CARTESIAN_POINT('',(50.609485,-99.527438,0.));
#2382 = VERTEX_POINT('',#2383);
#2383 = CARTESIAN_POINT('',(49.906712,-98.87886,0.));
#2384 = CIRCLE('',#2385,0.499999422661);
#2385 = AXIS2_PLACEMENT_3D('',#2386,#2387,#2388);
#2386 = CARTESIAN_POINT('',(50.158970295513,-99.31056033009,0.));
#2387 = DIRECTION('',(0.,0.,1.));
#2388 = DIRECTION('',(0.901030449374,-0.433755840654,0.));
#2389 = ORIENTED_EDGE('',*,*,#2390,.F.);
#2390 = EDGE_CURVE('',#2391,#2380,#2393,.T.);
#2391 = VERTEX_POINT('',#2392);
#2392 = CARTESIAN_POINT('',(50.56,-99.744316,0.));
#2393 = CIRCLE('',#2394,0.499989885034);
#2394 = AXIS2_PLACEMENT_3D('',#2395,#2396,#2397);
#2395 = CARTESIAN_POINT('',(51.05998988503,-99.74431407913,0.));
#2396 = DIRECTION('',(0.,0.,-1.));
#2397 = DIRECTION('',(-0.999999999993,-3.841811477365E-06,-0.));
#2398 = ORIENTED_EDGE('',*,*,#2399,.F.);
#2399 = EDGE_CURVE('',#2400,#2391,#2402,.T.);
#2400 = VERTEX_POINT('',#2401);
#2401 = CARTESIAN_POINT('',(50.56,-101.15,0.));
#2402 = LINE('',#2403,#2404);
#2403 = CARTESIAN_POINT('',(50.56,-101.15,0.));
#2404 = VECTOR('',#2405,1.);
#2405 = DIRECTION('',(0.,1.,0.));
#2406 = ORIENTED_EDGE('',*,*,#2407,.F.);
#2407 = EDGE_CURVE('',#2408,#2400,#2410,.T.);
#2408 = VERTEX_POINT('',#2409);
#2409 = CARTESIAN_POINT('',(50.609485,-101.366878,0.));
#2410 = CIRCLE('',#2411,0.499989885034);
#2411 = AXIS2_PLACEMENT_3D('',#2412,#2413,#2414);
#2412 = CARTESIAN_POINT('',(51.059989885031,-101.1500019208,0.));
#2413 = DIRECTION('',(0.,0.,-1.));
#2414 = DIRECTION('',(-0.901027997796,-0.43376093322,-0.));
#2415 = ORIENTED_EDGE('',*,*,#2416,.F.);
#2416 = EDGE_CURVE('',#2417,#2408,#2419,.T.);
#2417 = VERTEX_POINT('',#2418);
#2418 = CARTESIAN_POINT('',(49.906712,-102.015457,0.));
#2419 = CIRCLE('',#2420,0.499999448976);
#2420 = AXIS2_PLACEMENT_3D('',#2421,#2422,#2423);
#2421 = CARTESIAN_POINT('',(50.158970904285,-101.5837569951,0.));
#2422 = DIRECTION('',(0.,0.,1.));
#2423 = DIRECTION('',(-0.504518364574,-0.863400961204,0.));
#2424 = ORIENTED_EDGE('',*,*,#2425,.F.);
#2425 = EDGE_CURVE('',#2426,#2417,#2428,.T.);
#2426 = VERTEX_POINT('',#2427);
#2427 = CARTESIAN_POINT('',(49.654453,-101.947158,0.));
#2428 = CIRCLE('',#2429,0.500008729226);
#2429 = AXIS2_PLACEMENT_3D('',#2430,#2431,#2432);
#2430 = CARTESIAN_POINT('',(49.654451343146,-102.4471667292,0.));
#2431 = DIRECTION('',(0.,0.,-1.));
#2432 = DIRECTION('',(3.313649245977E-06,0.999999999995,0.));
#2433 = ORIENTED_EDGE('',*,*,#2434,.F.);
#2434 = EDGE_CURVE('',#2435,#2426,#2437,.T.);
#2435 = VERTEX_POINT('',#2436);
#2436 = CARTESIAN_POINT('',(48.065549,-101.947158,0.));
#2437 = LINE('',#2438,#2439);
#2438 = CARTESIAN_POINT('',(48.065549,-101.947158,0.));
#2439 = VECTOR('',#2440,1.);
#2440 = DIRECTION('',(1.,0.,0.));
#2441 = ORIENTED_EDGE('',*,*,#2442,.F.);
#2442 = EDGE_CURVE('',#2443,#2435,#2445,.T.);
#2443 = VERTEX_POINT('',#2444);
#2444 = CARTESIAN_POINT('',(47.813291,-102.015457,0.));
#2445 = CIRCLE('',#2446,0.500008729288);
#2446 = AXIS2_PLACEMENT_3D('',#2447,#2448,#2449);
#2447 = CARTESIAN_POINT('',(48.065551656878,-102.4471667292,0.));
#2448 = DIRECTION('',(0.,0.,-1.));
#2449 = DIRECTION('',(-0.504512505685,0.863404384751,0.));
#2450 = ORIENTED_EDGE('',*,*,#2451,.F.);
#2451 = EDGE_CURVE('',#2452,#2443,#2454,.T.);
#2452 = VERTEX_POINT('',#2453);
#2453 = CARTESIAN_POINT('',(47.110517,-101.366878,0.));
#2454 = CIRCLE('',#2455,0.500000669307);
#2455 = AXIS2_PLACEMENT_3D('',#2456,#2457,#2458);
#2456 = CARTESIAN_POINT('',(47.561033535509,-101.5837547404,0.));
#2457 = DIRECTION('',(0.,0.,1.));
#2458 = DIRECTION('',(-0.901031864884,0.433752900236,0.));
#2459 = ORIENTED_EDGE('',*,*,#2460,.F.);
#2460 = EDGE_CURVE('',#2461,#2452,#2463,.T.);
#2461 = VERTEX_POINT('',#2462);
#2462 = CARTESIAN_POINT('',(47.160002,-101.150001,0.));
#2463 = CIRCLE('',#2464,0.499989884978);
#2464 = AXIS2_PLACEMENT_3D('',#2465,#2466,#2467);
#2465 = CARTESIAN_POINT('',(46.660012115023,-101.1500019208,0.));
#2466 = DIRECTION('',(0.,0.,-1.));
#2467 = DIRECTION('',(0.999999999998,1.841808681468E-06,0.));
#2468 = ORIENTED_EDGE('',*,*,#2469,.F.);
#2469 = EDGE_CURVE('',#2470,#2461,#2472,.T.);
#2470 = VERTEX_POINT('',#2471);
#2471 = CARTESIAN_POINT('',(47.160002,-99.744316,0.));
#2472 = LINE('',#2473,#2474);
#2473 = CARTESIAN_POINT('',(47.160002,-99.744316,0.));
#2474 = VECTOR('',#2475,1.);
#2475 = DIRECTION('',(0.,-1.,0.));
#2476 = ORIENTED_EDGE('',*,*,#2477,.F.);
#2477 = EDGE_CURVE('',#2478,#2470,#2480,.T.);
#2478 = VERTEX_POINT('',#2479);
#2479 = CARTESIAN_POINT('',(47.110517,-99.527438,0.));
#2480 = CIRCLE('',#2481,0.499989885034);
#2481 = AXIS2_PLACEMENT_3D('',#2482,#2483,#2484);
#2482 = CARTESIAN_POINT('',(46.66001211497,-99.74431407913,0.));
#2483 = DIRECTION('',(0.,0.,-1.));
#2484 = DIRECTION('',(0.901027997796,0.43376093322,0.));
#2485 = ORIENTED_EDGE('',*,*,#2486,.F.);
#2486 = EDGE_CURVE('',#2487,#2478,#2489,.T.);
#2487 = VERTEX_POINT('',#2488);
#2488 = CARTESIAN_POINT('',(47.81329,-98.878859,0.));
#2489 = CIRCLE('',#2490,0.499999729127);
#2490 = AXIS2_PLACEMENT_3D('',#2491,#2492,#2493);
#2491 = CARTESIAN_POINT('',(47.561031745676,-99.31055970911,0.));
#2492 = DIRECTION('',(0.,0.,1.));
#2493 = DIRECTION('',(0.504516781969,0.863401885979,-0.));
#2494 = ORIENTED_EDGE('',*,*,#2495,.F.);
#2495 = EDGE_CURVE('',#2496,#2487,#2498,.T.);
#2496 = VERTEX_POINT('',#2497);
#2497 = CARTESIAN_POINT('',(48.065548,-98.947158,0.));
#2498 = CIRCLE('',#2499,0.500008729288);
#2499 = AXIS2_PLACEMENT_3D('',#2500,#2501,#2502);
#2500 = CARTESIAN_POINT('',(48.065550656878,-98.44714927071,0.));
#2501 = DIRECTION('',(0.,0.,-1.));
#2502 = DIRECTION('',(-5.313662725299E-06,-0.999999999986,-0.));
#2503 = ORIENTED_EDGE('',*,*,#2504,.F.);
#2504 = EDGE_CURVE('',#2505,#2496,#2507,.T.);
#2505 = VERTEX_POINT('',#2506);
#2506 = CARTESIAN_POINT('',(49.654454,-98.947159,0.));
#2507 = LINE('',#2508,#2509);
#2508 = CARTESIAN_POINT('',(49.654454,-98.947159,0.));
#2509 = VECTOR('',#2510,1.);
#2510 = DIRECTION('',(-1.,6.29363850017E-07,0.));
#2511 = ORIENTED_EDGE('',*,*,#2512,.F.);
#2512 = EDGE_CURVE('',#2382,#2505,#2513,.T.);
#2513 = CIRCLE('',#2514,0.500008729288);
#2514 = AXIS2_PLACEMENT_3D('',#2515,#2516,#2517);
#2515 = CARTESIAN_POINT('',(49.654451343122,-98.44715027071,0.));
#2516 = DIRECTION('',(0.,0.,-1.));
#2517 = DIRECTION('',(0.504512505685,-0.863404384751,0.));
#2518 = FACE_BOUND('',#2519,.F.);
#2519 = EDGE_LOOP('',(#2520));
#2520 = ORIENTED_EDGE('',*,*,#2521,.T.);
#2521 = EDGE_CURVE('',#2522,#2522,#2524,.T.);
#2522 = VERTEX_POINT('',#2523);
#2523 = CARTESIAN_POINT('',(43.805,-96.525,0.));
#2524 = CIRCLE('',#2525,0.85);
#2525 = AXIS2_PLACEMENT_3D('',#2526,#2527,#2528);
#2526 = CARTESIAN_POINT('',(43.805,-95.675,0.));
#2527 = DIRECTION('',(-0.,0.,-1.));
#2528 = DIRECTION('',(-0.,-1.,0.));
#2529 = FACE_BOUND('',#2530,.F.);
#2530 = EDGE_LOOP('',(#2531));
#2531 = ORIENTED_EDGE('',*,*,#2532,.T.);
#2532 = EDGE_CURVE('',#2533,#2533,#2535,.T.);
#2533 = VERTEX_POINT('',#2534);
#2534 = CARTESIAN_POINT('',(45.075,-93.885,0.));
#2535 = CIRCLE('',#2536,0.75);
#2536 = AXIS2_PLACEMENT_3D('',#2537,#2538,#2539);
#2537 = CARTESIAN_POINT('',(45.075,-93.135,0.));
#2538 = DIRECTION('',(-0.,0.,-1.));
#2539 = DIRECTION('',(-0.,-1.,0.));
#2540 = FACE_BOUND('',#2541,.F.);
#2541 = EDGE_LOOP('',(#2542));
#2542 = ORIENTED_EDGE('',*,*,#2543,.T.);
#2543 = EDGE_CURVE('',#2544,#2544,#2546,.T.);
#2544 = VERTEX_POINT('',#2545);
#2545 = CARTESIAN_POINT('',(48.885,-97.675,0.));
#2546 = CIRCLE('',#2547,2.);
#2547 = AXIS2_PLACEMENT_3D('',#2548,#2549,#2550);
#2548 = CARTESIAN_POINT('',(48.885,-95.675,0.));
#2549 = DIRECTION('',(-0.,0.,-1.));
#2550 = DIRECTION('',(-0.,-1.,0.));
#2551 = FACE_BOUND('',#2552,.F.);
#2552 = EDGE_LOOP('',(#2553));
#2553 = ORIENTED_EDGE('',*,*,#2554,.T.);
#2554 = EDGE_CURVE('',#2555,#2555,#2557,.T.);
#2555 = VERTEX_POINT('',#2556);
#2556 = CARTESIAN_POINT('',(53.965,-96.525,0.));
#2557 = CIRCLE('',#2558,0.85);
#2558 = AXIS2_PLACEMENT_3D('',#2559,#2560,#2561);
#2559 = CARTESIAN_POINT('',(53.965,-95.675,0.));
#2560 = DIRECTION('',(-0.,0.,-1.));
#2561 = DIRECTION('',(-0.,-1.,0.));
#2562 = FACE_BOUND('',#2563,.F.);
#2563 = EDGE_LOOP('',(#2564));
#2564 = ORIENTED_EDGE('',*,*,#2565,.T.);
#2565 = EDGE_CURVE('',#2566,#2566,#2568,.T.);
#2566 = VERTEX_POINT('',#2567);
#2567 = CARTESIAN_POINT('',(51.425,-91.345,0.));
#2568 = CIRCLE('',#2569,0.75);
#2569 = AXIS2_PLACEMENT_3D('',#2570,#2571,#2572);
#2570 = CARTESIAN_POINT('',(51.425,-90.595,0.));
#2571 = DIRECTION('',(-0.,0.,-1.));
#2572 = DIRECTION('',(-0.,-1.,0.));
#2573 = FACE_BOUND('',#2574,.F.);
#2574 = EDGE_LOOP('',(#2575,#2586,#2595,#2603,#2612,#2621,#2630,#2638,
    #2647,#2656,#2665,#2673,#2682,#2691,#2700,#2708));
#2575 = ORIENTED_EDGE('',*,*,#2576,.F.);
#2576 = EDGE_CURVE('',#2577,#2579,#2581,.T.);
#2577 = VERTEX_POINT('',#2578);
#2578 = CARTESIAN_POINT('',(69.609485,-99.027438,0.));
#2579 = VERTEX_POINT('',#2580);
#2580 = CARTESIAN_POINT('',(68.906712,-98.37886,0.));
#2581 = CIRCLE('',#2582,0.499999422661);
#2582 = AXIS2_PLACEMENT_3D('',#2583,#2584,#2585);
#2583 = CARTESIAN_POINT('',(69.158970295513,-98.81056033009,0.));
#2584 = DIRECTION('',(0.,0.,1.));
#2585 = DIRECTION('',(0.901030449374,-0.433755840654,0.));
#2586 = ORIENTED_EDGE('',*,*,#2587,.F.);
#2587 = EDGE_CURVE('',#2588,#2577,#2590,.T.);
#2588 = VERTEX_POINT('',#2589);
#2589 = CARTESIAN_POINT('',(69.56,-99.244315,0.));
#2590 = CIRCLE('',#2591,0.499989884978);
#2591 = AXIS2_PLACEMENT_3D('',#2592,#2593,#2594);
#2592 = CARTESIAN_POINT('',(70.059989884977,-99.24431407911,0.));
#2593 = DIRECTION('',(0.,0.,-1.));
#2594 = DIRECTION('',(-0.999999999998,-1.841808624623E-06,-0.));
#2595 = ORIENTED_EDGE('',*,*,#2596,.F.);
#2596 = EDGE_CURVE('',#2597,#2588,#2599,.T.);
#2597 = VERTEX_POINT('',#2598);
#2598 = CARTESIAN_POINT('',(69.56,-100.65,0.));
#2599 = LINE('',#2600,#2601);
#2600 = CARTESIAN_POINT('',(69.56,-100.65,0.));
#2601 = VECTOR('',#2602,1.);
#2602 = DIRECTION('',(0.,1.,0.));
#2603 = ORIENTED_EDGE('',*,*,#2604,.F.);
#2604 = EDGE_CURVE('',#2605,#2597,#2607,.T.);
#2605 = VERTEX_POINT('',#2606);
#2606 = CARTESIAN_POINT('',(69.609485,-100.866878,0.));
#2607 = CIRCLE('',#2608,0.499989885034);
#2608 = AXIS2_PLACEMENT_3D('',#2609,#2610,#2611);
#2609 = CARTESIAN_POINT('',(70.059989885031,-100.6500019208,0.));
#2610 = DIRECTION('',(0.,0.,-1.));
#2611 = DIRECTION('',(-0.901027997796,-0.43376093322,-0.));
#2612 = ORIENTED_EDGE('',*,*,#2613,.F.);
#2613 = EDGE_CURVE('',#2614,#2605,#2616,.T.);
#2614 = VERTEX_POINT('',#2615);
#2615 = CARTESIAN_POINT('',(68.906712,-101.515457,0.));
#2616 = CIRCLE('',#2617,0.499999448976);
#2617 = AXIS2_PLACEMENT_3D('',#2618,#2619,#2620);
#2618 = CARTESIAN_POINT('',(69.158970904285,-101.0837569951,0.));
#2619 = DIRECTION('',(0.,0.,1.));
#2620 = DIRECTION('',(-0.504518364574,-0.863400961204,0.));
#2621 = ORIENTED_EDGE('',*,*,#2622,.F.);
#2622 = EDGE_CURVE('',#2623,#2614,#2625,.T.);
#2623 = VERTEX_POINT('',#2624);
#2624 = CARTESIAN_POINT('',(68.654453,-101.447158,0.));
#2625 = CIRCLE('',#2626,0.500008729226);
#2626 = AXIS2_PLACEMENT_3D('',#2627,#2628,#2629);
#2627 = CARTESIAN_POINT('',(68.654451343146,-101.9471667292,0.));
#2628 = DIRECTION('',(0.,0.,-1.));
#2629 = DIRECTION('',(3.313649317029E-06,0.999999999995,0.));
#2630 = ORIENTED_EDGE('',*,*,#2631,.F.);
#2631 = EDGE_CURVE('',#2632,#2623,#2634,.T.);
#2632 = VERTEX_POINT('',#2633);
#2633 = CARTESIAN_POINT('',(67.065549,-101.447158,0.));
#2634 = LINE('',#2635,#2636);
#2635 = CARTESIAN_POINT('',(67.065549,-101.447158,0.));
#2636 = VECTOR('',#2637,1.);
#2637 = DIRECTION('',(1.,0.,0.));
#2638 = ORIENTED_EDGE('',*,*,#2639,.F.);
#2639 = EDGE_CURVE('',#2640,#2632,#2642,.T.);
#2640 = VERTEX_POINT('',#2641);
#2641 = CARTESIAN_POINT('',(66.813291,-101.515457,0.));
#2642 = CIRCLE('',#2643,0.500008729288);
#2643 = AXIS2_PLACEMENT_3D('',#2644,#2645,#2646);
#2644 = CARTESIAN_POINT('',(67.065551656878,-101.9471667292,0.));
#2645 = DIRECTION('',(0.,0.,-1.));
#2646 = DIRECTION('',(-0.504512505685,0.863404384751,0.));
#2647 = ORIENTED_EDGE('',*,*,#2648,.F.);
#2648 = EDGE_CURVE('',#2649,#2640,#2651,.T.);
#2649 = VERTEX_POINT('',#2650);
#2650 = CARTESIAN_POINT('',(66.110517,-100.866878,0.));
#2651 = CIRCLE('',#2652,0.500000669307);
#2652 = AXIS2_PLACEMENT_3D('',#2653,#2654,#2655);
#2653 = CARTESIAN_POINT('',(66.561033535509,-101.0837547404,0.));
#2654 = DIRECTION('',(0.,0.,1.));
#2655 = DIRECTION('',(-0.901031864884,0.433752900236,0.));
#2656 = ORIENTED_EDGE('',*,*,#2657,.F.);
#2657 = EDGE_CURVE('',#2658,#2649,#2660,.T.);
#2658 = VERTEX_POINT('',#2659);
#2659 = CARTESIAN_POINT('',(66.160002,-100.650001,0.));
#2660 = CIRCLE('',#2661,0.499989884978);
#2661 = AXIS2_PLACEMENT_3D('',#2662,#2663,#2664);
#2662 = CARTESIAN_POINT('',(65.660012115023,-100.6500019208,0.));
#2663 = DIRECTION('',(0.,0.,-1.));
#2664 = DIRECTION('',(0.999999999998,1.841808567778E-06,0.));
#2665 = ORIENTED_EDGE('',*,*,#2666,.F.);
#2666 = EDGE_CURVE('',#2667,#2658,#2669,.T.);
#2667 = VERTEX_POINT('',#2668);
#2668 = CARTESIAN_POINT('',(66.160002,-99.244316,0.));
#2669 = LINE('',#2670,#2671);
#2670 = CARTESIAN_POINT('',(66.160002,-99.244316,0.));
#2671 = VECTOR('',#2672,1.);
#2672 = DIRECTION('',(0.,-1.,0.));
#2673 = ORIENTED_EDGE('',*,*,#2674,.F.);
#2674 = EDGE_CURVE('',#2675,#2667,#2677,.T.);
#2675 = VERTEX_POINT('',#2676);
#2676 = CARTESIAN_POINT('',(66.110517,-99.027438,0.));
#2677 = CIRCLE('',#2678,0.499989885034);
#2678 = AXIS2_PLACEMENT_3D('',#2679,#2680,#2681);
#2679 = CARTESIAN_POINT('',(65.660012114969,-99.24431407913,0.));
#2680 = DIRECTION('',(0.,0.,-1.));
#2681 = DIRECTION('',(0.901027997796,0.43376093322,0.));
#2682 = ORIENTED_EDGE('',*,*,#2683,.F.);
#2683 = EDGE_CURVE('',#2684,#2675,#2686,.T.);
#2684 = VERTEX_POINT('',#2685);
#2685 = CARTESIAN_POINT('',(66.81329,-98.378859,0.));
#2686 = CIRCLE('',#2687,0.499999729127);
#2687 = AXIS2_PLACEMENT_3D('',#2688,#2689,#2690);
#2688 = CARTESIAN_POINT('',(66.561031745676,-98.81055970911,0.));
#2689 = DIRECTION('',(0.,0.,1.));
#2690 = DIRECTION('',(0.504516781969,0.863401885979,-0.));
#2691 = ORIENTED_EDGE('',*,*,#2692,.F.);
#2692 = EDGE_CURVE('',#2693,#2684,#2695,.T.);
#2693 = VERTEX_POINT('',#2694);
#2694 = CARTESIAN_POINT('',(67.065548,-98.447158,0.));
#2695 = CIRCLE('',#2696,0.500008729288);
#2696 = AXIS2_PLACEMENT_3D('',#2697,#2698,#2699);
#2697 = CARTESIAN_POINT('',(67.065550656878,-97.94714927071,0.));
#2698 = DIRECTION('',(0.,0.,-1.));
#2699 = DIRECTION('',(-5.313662711088E-06,-0.999999999986,-0.));
#2700 = ORIENTED_EDGE('',*,*,#2701,.F.);
#2701 = EDGE_CURVE('',#2702,#2693,#2704,.T.);
#2702 = VERTEX_POINT('',#2703);
#2703 = CARTESIAN_POINT('',(68.654454,-98.447159,0.));
#2704 = LINE('',#2705,#2706);
#2705 = CARTESIAN_POINT('',(68.654454,-98.447159,0.));
#2706 = VECTOR('',#2707,1.);
#2707 = DIRECTION('',(-1.,6.29363850017E-07,0.));
#2708 = ORIENTED_EDGE('',*,*,#2709,.F.);
#2709 = EDGE_CURVE('',#2579,#2702,#2710,.T.);
#2710 = CIRCLE('',#2711,0.500008729288);
#2711 = AXIS2_PLACEMENT_3D('',#2712,#2713,#2714);
#2712 = CARTESIAN_POINT('',(68.654451343122,-97.94715027071,0.));
#2713 = DIRECTION('',(0.,0.,-1.));
#2714 = DIRECTION('',(0.504512505685,-0.863404384751,0.));
#2715 = FACE_BOUND('',#2716,.F.);
#2716 = EDGE_LOOP('',(#2717));
#2717 = ORIENTED_EDGE('',*,*,#2718,.T.);
#2718 = EDGE_CURVE('',#2719,#2719,#2721,.T.);
#2719 = VERTEX_POINT('',#2720);
#2720 = CARTESIAN_POINT('',(62.855,-96.525,0.));
#2721 = CIRCLE('',#2722,0.85);
#2722 = AXIS2_PLACEMENT_3D('',#2723,#2724,#2725);
#2723 = CARTESIAN_POINT('',(62.855,-95.675,0.));
#2724 = DIRECTION('',(-0.,0.,-1.));
#2725 = DIRECTION('',(-8.35932630306E-15,-1.,0.));
#2726 = FACE_BOUND('',#2727,.F.);
#2727 = EDGE_LOOP('',(#2728));
#2728 = ORIENTED_EDGE('',*,*,#2729,.T.);
#2729 = EDGE_CURVE('',#2730,#2730,#2732,.T.);
#2730 = VERTEX_POINT('',#2731);
#2731 = CARTESIAN_POINT('',(67.935,-97.675,0.));
#2732 = CIRCLE('',#2733,2.);
#2733 = AXIS2_PLACEMENT_3D('',#2734,#2735,#2736);
#2734 = CARTESIAN_POINT('',(67.935,-95.675,0.));
#2735 = DIRECTION('',(-0.,0.,-1.));
#2736 = DIRECTION('',(-0.,-1.,0.));
#2737 = FACE_BOUND('',#2738,.F.);
#2738 = EDGE_LOOP('',(#2739));
#2739 = ORIENTED_EDGE('',*,*,#2740,.T.);
#2740 = EDGE_CURVE('',#2741,#2741,#2743,.T.);
#2741 = VERTEX_POINT('',#2742);
#2742 = CARTESIAN_POINT('',(64.125,-93.885,0.));
#2743 = CIRCLE('',#2744,0.75);
#2744 = AXIS2_PLACEMENT_3D('',#2745,#2746,#2747);
#2745 = CARTESIAN_POINT('',(64.125,-93.135,0.));
#2746 = DIRECTION('',(-0.,0.,-1.));
#2747 = DIRECTION('',(-0.,-1.,0.));
#2748 = FACE_BOUND('',#2749,.F.);
#2749 = EDGE_LOOP('',(#2750));
#2750 = ORIENTED_EDGE('',*,*,#2751,.T.);
#2751 = EDGE_CURVE('',#2752,#2752,#2754,.T.);
#2752 = VERTEX_POINT('',#2753);
#2753 = CARTESIAN_POINT('',(73.015,-96.525,0.));
#2754 = CIRCLE('',#2755,0.85);
#2755 = AXIS2_PLACEMENT_3D('',#2756,#2757,#2758);
#2756 = CARTESIAN_POINT('',(73.015,-95.675,0.));
#2757 = DIRECTION('',(-0.,0.,-1.));
#2758 = DIRECTION('',(-0.,-1.,0.));
#2759 = FACE_BOUND('',#2760,.F.);
#2760 = EDGE_LOOP('',(#2761));
#2761 = ORIENTED_EDGE('',*,*,#2762,.T.);
#2762 = EDGE_CURVE('',#2763,#2763,#2765,.T.);
#2763 = VERTEX_POINT('',#2764);
#2764 = CARTESIAN_POINT('',(70.475,-91.345,0.));
#2765 = CIRCLE('',#2766,0.75);
#2766 = AXIS2_PLACEMENT_3D('',#2767,#2768,#2769);
#2767 = CARTESIAN_POINT('',(70.475,-90.595,0.));
#2768 = DIRECTION('',(-0.,0.,-1.));
#2769 = DIRECTION('',(-0.,-1.,0.));
#2770 = FACE_BOUND('',#2771,.F.);
#2771 = EDGE_LOOP('',(#2772,#2783,#2792,#2800,#2809,#2818,#2827,#2835,
    #2844,#2853,#2862,#2870,#2879,#2888,#2897,#2905));
#2772 = ORIENTED_EDGE('',*,*,#2773,.F.);
#2773 = EDGE_CURVE('',#2774,#2776,#2778,.T.);
#2774 = VERTEX_POINT('',#2775);
#2775 = CARTESIAN_POINT('',(50.609485,-80.027438,0.));
#2776 = VERTEX_POINT('',#2777);
#2777 = CARTESIAN_POINT('',(49.906712,-79.37886,0.));
#2778 = CIRCLE('',#2779,0.499999422661);
#2779 = AXIS2_PLACEMENT_3D('',#2780,#2781,#2782);
#2780 = CARTESIAN_POINT('',(50.158970295513,-79.81056033009,0.));
#2781 = DIRECTION('',(0.,0.,1.));
#2782 = DIRECTION('',(0.901030449374,-0.433755840654,0.));
#2783 = ORIENTED_EDGE('',*,*,#2784,.F.);
#2784 = EDGE_CURVE('',#2785,#2774,#2787,.T.);
#2785 = VERTEX_POINT('',#2786);
#2786 = CARTESIAN_POINT('',(50.56,-80.244315,0.));
#2787 = CIRCLE('',#2788,0.499989884977);
#2788 = AXIS2_PLACEMENT_3D('',#2789,#2790,#2791);
#2789 = CARTESIAN_POINT('',(51.059989884977,-80.24431407911,0.));
#2790 = DIRECTION('',(0.,0.,-1.));
#2791 = DIRECTION('',(-0.999999999998,-1.841808709891E-06,-0.));
#2792 = ORIENTED_EDGE('',*,*,#2793,.F.);
#2793 = EDGE_CURVE('',#2794,#2785,#2796,.T.);
#2794 = VERTEX_POINT('',#2795);
#2795 = CARTESIAN_POINT('',(50.56,-81.65,0.));
#2796 = LINE('',#2797,#2798);
#2797 = CARTESIAN_POINT('',(50.56,-81.65,0.));
#2798 = VECTOR('',#2799,1.);
#2799 = DIRECTION('',(0.,1.,0.));
#2800 = ORIENTED_EDGE('',*,*,#2801,.F.);
#2801 = EDGE_CURVE('',#2802,#2794,#2804,.T.);
#2802 = VERTEX_POINT('',#2803);
#2803 = CARTESIAN_POINT('',(50.609485,-81.866878,0.));
#2804 = CIRCLE('',#2805,0.499989885034);
#2805 = AXIS2_PLACEMENT_3D('',#2806,#2807,#2808);
#2806 = CARTESIAN_POINT('',(51.059989885031,-81.65000192086,0.));
#2807 = DIRECTION('',(0.,0.,-1.));
#2808 = DIRECTION('',(-0.901027997796,-0.43376093322,-0.));
#2809 = ORIENTED_EDGE('',*,*,#2810,.F.);
#2810 = EDGE_CURVE('',#2811,#2802,#2813,.T.);
#2811 = VERTEX_POINT('',#2812);
#2812 = CARTESIAN_POINT('',(49.906712,-82.515457,0.));
#2813 = CIRCLE('',#2814,0.499999448976);
#2814 = AXIS2_PLACEMENT_3D('',#2815,#2816,#2817);
#2815 = CARTESIAN_POINT('',(50.158970904285,-82.08375699515,0.));
#2816 = DIRECTION('',(0.,0.,1.));
#2817 = DIRECTION('',(-0.504518364574,-0.863400961204,0.));
#2818 = ORIENTED_EDGE('',*,*,#2819,.F.);
#2819 = EDGE_CURVE('',#2820,#2811,#2822,.T.);
#2820 = VERTEX_POINT('',#2821);
#2821 = CARTESIAN_POINT('',(49.654453,-82.447158,0.));
#2822 = CIRCLE('',#2823,0.500008729226);
#2823 = AXIS2_PLACEMENT_3D('',#2824,#2825,#2826);
#2824 = CARTESIAN_POINT('',(49.654451343146,-82.94716672922,0.));
#2825 = DIRECTION('',(0.,0.,-1.));
#2826 = DIRECTION('',(3.313649245977E-06,0.999999999995,0.));
#2827 = ORIENTED_EDGE('',*,*,#2828,.F.);
#2828 = EDGE_CURVE('',#2829,#2820,#2831,.T.);
#2829 = VERTEX_POINT('',#2830);
#2830 = CARTESIAN_POINT('',(48.065549,-82.447158,0.));
#2831 = LINE('',#2832,#2833);
#2832 = CARTESIAN_POINT('',(48.065549,-82.447158,0.));
#2833 = VECTOR('',#2834,1.);
#2834 = DIRECTION('',(1.,0.,0.));
#2835 = ORIENTED_EDGE('',*,*,#2836,.F.);
#2836 = EDGE_CURVE('',#2837,#2829,#2839,.T.);
#2837 = VERTEX_POINT('',#2838);
#2838 = CARTESIAN_POINT('',(47.813291,-82.515457,0.));
#2839 = CIRCLE('',#2840,0.500008729288);
#2840 = AXIS2_PLACEMENT_3D('',#2841,#2842,#2843);
#2841 = CARTESIAN_POINT('',(48.065551656878,-82.94716672928,0.));
#2842 = DIRECTION('',(0.,0.,-1.));
#2843 = DIRECTION('',(-0.504512505685,0.863404384751,0.));
#2844 = ORIENTED_EDGE('',*,*,#2845,.F.);
#2845 = EDGE_CURVE('',#2846,#2837,#2848,.T.);
#2846 = VERTEX_POINT('',#2847);
#2847 = CARTESIAN_POINT('',(47.110517,-81.866878,0.));
#2848 = CIRCLE('',#2849,0.500000669307);
#2849 = AXIS2_PLACEMENT_3D('',#2850,#2851,#2852);
#2850 = CARTESIAN_POINT('',(47.561033535509,-82.08375474043,0.));
#2851 = DIRECTION('',(0.,0.,1.));
#2852 = DIRECTION('',(-0.901031864884,0.433752900236,0.));
#2853 = ORIENTED_EDGE('',*,*,#2854,.F.);
#2854 = EDGE_CURVE('',#2855,#2846,#2857,.T.);
#2855 = VERTEX_POINT('',#2856);
#2856 = CARTESIAN_POINT('',(47.160002,-81.650001,0.));
#2857 = CIRCLE('',#2858,0.499989884978);
#2858 = AXIS2_PLACEMENT_3D('',#2859,#2860,#2861);
#2859 = CARTESIAN_POINT('',(46.660012115023,-81.65000192088,0.));
#2860 = DIRECTION('',(0.,0.,-1.));
#2861 = DIRECTION('',(0.999999999998,1.841808681468E-06,0.));
#2862 = ORIENTED_EDGE('',*,*,#2863,.F.);
#2863 = EDGE_CURVE('',#2864,#2855,#2866,.T.);
#2864 = VERTEX_POINT('',#2865);
#2865 = CARTESIAN_POINT('',(47.160002,-80.244316,0.));
#2866 = LINE('',#2867,#2868);
#2867 = CARTESIAN_POINT('',(47.160002,-80.244316,0.));
#2868 = VECTOR('',#2869,1.);
#2869 = DIRECTION('',(0.,-1.,0.));
#2870 = ORIENTED_EDGE('',*,*,#2871,.F.);
#2871 = EDGE_CURVE('',#2872,#2864,#2874,.T.);
#2872 = VERTEX_POINT('',#2873);
#2873 = CARTESIAN_POINT('',(47.110517,-80.027438,0.));
#2874 = CIRCLE('',#2875,0.499989885034);
#2875 = AXIS2_PLACEMENT_3D('',#2876,#2877,#2878);
#2876 = CARTESIAN_POINT('',(46.66001211497,-80.24431407913,0.));
#2877 = DIRECTION('',(0.,0.,-1.));
#2878 = DIRECTION('',(0.901027997796,0.43376093322,0.));
#2879 = ORIENTED_EDGE('',*,*,#2880,.F.);
#2880 = EDGE_CURVE('',#2881,#2872,#2883,.T.);
#2881 = VERTEX_POINT('',#2882);
#2882 = CARTESIAN_POINT('',(47.81329,-79.378859,0.));
#2883 = CIRCLE('',#2884,0.499999729127);
#2884 = AXIS2_PLACEMENT_3D('',#2885,#2886,#2887);
#2885 = CARTESIAN_POINT('',(47.561031745676,-79.81055970911,0.));
#2886 = DIRECTION('',(0.,0.,1.));
#2887 = DIRECTION('',(0.504516781969,0.863401885979,-0.));
#2888 = ORIENTED_EDGE('',*,*,#2889,.F.);
#2889 = EDGE_CURVE('',#2890,#2881,#2892,.T.);
#2890 = VERTEX_POINT('',#2891);
#2891 = CARTESIAN_POINT('',(48.065548,-79.447158,0.));
#2892 = CIRCLE('',#2893,0.500008729288);
#2893 = AXIS2_PLACEMENT_3D('',#2894,#2895,#2896);
#2894 = CARTESIAN_POINT('',(48.065550656878,-78.94714927071,0.));
#2895 = DIRECTION('',(0.,0.,-1.));
#2896 = DIRECTION('',(-5.313662725299E-06,-0.999999999986,-0.));
#2897 = ORIENTED_EDGE('',*,*,#2898,.F.);
#2898 = EDGE_CURVE('',#2899,#2890,#2901,.T.);
#2899 = VERTEX_POINT('',#2900);
#2900 = CARTESIAN_POINT('',(49.654454,-79.447159,0.));
#2901 = LINE('',#2902,#2903);
#2902 = CARTESIAN_POINT('',(49.654454,-79.447159,0.));
#2903 = VECTOR('',#2904,1.);
#2904 = DIRECTION('',(-1.,6.29363850017E-07,0.));
#2905 = ORIENTED_EDGE('',*,*,#2906,.F.);
#2906 = EDGE_CURVE('',#2776,#2899,#2907,.T.);
#2907 = CIRCLE('',#2908,0.500008729288);
#2908 = AXIS2_PLACEMENT_3D('',#2909,#2910,#2911);
#2909 = CARTESIAN_POINT('',(49.654451343122,-78.94715027071,0.));
#2910 = DIRECTION('',(0.,0.,-1.));
#2911 = DIRECTION('',(0.504512505685,-0.863404384751,0.));
#2912 = FACE_BOUND('',#2913,.F.);
#2913 = EDGE_LOOP('',(#2914));
#2914 = ORIENTED_EDGE('',*,*,#2915,.T.);
#2915 = EDGE_CURVE('',#2916,#2916,#2918,.T.);
#2916 = VERTEX_POINT('',#2917);
#2917 = CARTESIAN_POINT('',(43.805,-77.475,0.));
#2918 = CIRCLE('',#2919,0.85);
#2919 = AXIS2_PLACEMENT_3D('',#2920,#2921,#2922);
#2920 = CARTESIAN_POINT('',(43.805,-76.625,0.));
#2921 = DIRECTION('',(-0.,0.,-1.));
#2922 = DIRECTION('',(-0.,-1.,0.));
#2923 = FACE_BOUND('',#2924,.F.);
#2924 = EDGE_LOOP('',(#2925));
#2925 = ORIENTED_EDGE('',*,*,#2926,.T.);
#2926 = EDGE_CURVE('',#2927,#2927,#2929,.T.);
#2927 = VERTEX_POINT('',#2928);
#2928 = CARTESIAN_POINT('',(45.075,-74.835,0.));
#2929 = CIRCLE('',#2930,0.75);
#2930 = AXIS2_PLACEMENT_3D('',#2931,#2932,#2933);
#2931 = CARTESIAN_POINT('',(45.075,-74.085,0.));
#2932 = DIRECTION('',(-0.,0.,-1.));
#2933 = DIRECTION('',(-0.,-1.,0.));
#2934 = FACE_BOUND('',#2935,.F.);
#2935 = EDGE_LOOP('',(#2936));
#2936 = ORIENTED_EDGE('',*,*,#2937,.T.);
#2937 = EDGE_CURVE('',#2938,#2938,#2940,.T.);
#2938 = VERTEX_POINT('',#2939);
#2939 = CARTESIAN_POINT('',(48.885,-78.625,0.));
#2940 = CIRCLE('',#2941,2.);
#2941 = AXIS2_PLACEMENT_3D('',#2942,#2943,#2944);
#2942 = CARTESIAN_POINT('',(48.885,-76.625,0.));
#2943 = DIRECTION('',(-0.,0.,-1.));
#2944 = DIRECTION('',(-0.,-1.,0.));
#2945 = FACE_BOUND('',#2946,.F.);
#2946 = EDGE_LOOP('',(#2947));
#2947 = ORIENTED_EDGE('',*,*,#2948,.T.);
#2948 = EDGE_CURVE('',#2949,#2949,#2951,.T.);
#2949 = VERTEX_POINT('',#2950);
#2950 = CARTESIAN_POINT('',(53.965,-77.475,0.));
#2951 = CIRCLE('',#2952,0.85);
#2952 = AXIS2_PLACEMENT_3D('',#2953,#2954,#2955);
#2953 = CARTESIAN_POINT('',(53.965,-76.625,0.));
#2954 = DIRECTION('',(-0.,0.,-1.));
#2955 = DIRECTION('',(-0.,-1.,0.));
#2956 = FACE_BOUND('',#2957,.F.);
#2957 = EDGE_LOOP('',(#2958));
#2958 = ORIENTED_EDGE('',*,*,#2959,.T.);
#2959 = EDGE_CURVE('',#2960,#2960,#2962,.T.);
#2960 = VERTEX_POINT('',#2961);
#2961 = CARTESIAN_POINT('',(51.425,-72.295,0.));
#2962 = CIRCLE('',#2963,0.75);
#2963 = AXIS2_PLACEMENT_3D('',#2964,#2965,#2966);
#2964 = CARTESIAN_POINT('',(51.425,-71.545,0.));
#2965 = DIRECTION('',(-0.,0.,-1.));
#2966 = DIRECTION('',(-0.,-1.,0.));
#2967 = FACE_BOUND('',#2968,.F.);
#2968 = EDGE_LOOP('',(#2969,#2980,#2989,#2997,#3006,#3015,#3024,#3032,
    #3041,#3050,#3059,#3067,#3076,#3085,#3094,#3102));
#2969 = ORIENTED_EDGE('',*,*,#2970,.F.);
#2970 = EDGE_CURVE('',#2971,#2973,#2975,.T.);
#2971 = VERTEX_POINT('',#2972);
#2972 = CARTESIAN_POINT('',(69.609485,-80.027438,0.));
#2973 = VERTEX_POINT('',#2974);
#2974 = CARTESIAN_POINT('',(68.906712,-79.37886,0.));
#2975 = CIRCLE('',#2976,0.499999422661);
#2976 = AXIS2_PLACEMENT_3D('',#2977,#2978,#2979);
#2977 = CARTESIAN_POINT('',(69.158970295513,-79.81056033009,0.));
#2978 = DIRECTION('',(0.,0.,1.));
#2979 = DIRECTION('',(0.901030449374,-0.433755840654,0.));
#2980 = ORIENTED_EDGE('',*,*,#2981,.F.);
#2981 = EDGE_CURVE('',#2982,#2971,#2984,.T.);
#2982 = VERTEX_POINT('',#2983);
#2983 = CARTESIAN_POINT('',(69.56,-80.244315,0.));
#2984 = CIRCLE('',#2985,0.499989884978);
#2985 = AXIS2_PLACEMENT_3D('',#2986,#2987,#2988);
#2986 = CARTESIAN_POINT('',(70.059989884977,-80.24431407911,0.));
#2987 = DIRECTION('',(0.,0.,-1.));
#2988 = DIRECTION('',(-0.999999999998,-1.841808624623E-06,-0.));
#2989 = ORIENTED_EDGE('',*,*,#2990,.F.);
#2990 = EDGE_CURVE('',#2991,#2982,#2993,.T.);
#2991 = VERTEX_POINT('',#2992);
#2992 = CARTESIAN_POINT('',(69.56,-81.65,0.));
#2993 = LINE('',#2994,#2995);
#2994 = CARTESIAN_POINT('',(69.56,-81.65,0.));
#2995 = VECTOR('',#2996,1.);
#2996 = DIRECTION('',(0.,1.,0.));
#2997 = ORIENTED_EDGE('',*,*,#2998,.F.);
#2998 = EDGE_CURVE('',#2999,#2991,#3001,.T.);
#2999 = VERTEX_POINT('',#3000);
#3000 = CARTESIAN_POINT('',(69.609485,-81.866878,0.));
#3001 = CIRCLE('',#3002,0.499989885034);
#3002 = AXIS2_PLACEMENT_3D('',#3003,#3004,#3005);
#3003 = CARTESIAN_POINT('',(70.059989885031,-81.65000192086,0.));
#3004 = DIRECTION('',(0.,0.,-1.));
#3005 = DIRECTION('',(-0.901027997796,-0.43376093322,-0.));
#3006 = ORIENTED_EDGE('',*,*,#3007,.F.);
#3007 = EDGE_CURVE('',#3008,#2999,#3010,.T.);
#3008 = VERTEX_POINT('',#3009);
#3009 = CARTESIAN_POINT('',(68.906712,-82.515457,0.));
#3010 = CIRCLE('',#3011,0.499999448976);
#3011 = AXIS2_PLACEMENT_3D('',#3012,#3013,#3014);
#3012 = CARTESIAN_POINT('',(69.158970904285,-82.08375699515,0.));
#3013 = DIRECTION('',(0.,0.,1.));
#3014 = DIRECTION('',(-0.504518364574,-0.863400961204,0.));
#3015 = ORIENTED_EDGE('',*,*,#3016,.F.);
#3016 = EDGE_CURVE('',#3017,#3008,#3019,.T.);
#3017 = VERTEX_POINT('',#3018);
#3018 = CARTESIAN_POINT('',(68.654453,-82.447158,0.));
#3019 = CIRCLE('',#3020,0.500008729226);
#3020 = AXIS2_PLACEMENT_3D('',#3021,#3022,#3023);
#3021 = CARTESIAN_POINT('',(68.654451343146,-82.94716672922,0.));
#3022 = DIRECTION('',(0.,0.,-1.));
#3023 = DIRECTION('',(3.313649317029E-06,0.999999999995,0.));
#3024 = ORIENTED_EDGE('',*,*,#3025,.F.);
#3025 = EDGE_CURVE('',#3026,#3017,#3028,.T.);
#3026 = VERTEX_POINT('',#3027);
#3027 = CARTESIAN_POINT('',(67.065549,-82.447158,0.));
#3028 = LINE('',#3029,#3030);
#3029 = CARTESIAN_POINT('',(67.065549,-82.447158,0.));
#3030 = VECTOR('',#3031,1.);
#3031 = DIRECTION('',(1.,0.,0.));
#3032 = ORIENTED_EDGE('',*,*,#3033,.F.);
#3033 = EDGE_CURVE('',#3034,#3026,#3036,.T.);
#3034 = VERTEX_POINT('',#3035);
#3035 = CARTESIAN_POINT('',(66.813291,-82.515457,0.));
#3036 = CIRCLE('',#3037,0.500008729288);
#3037 = AXIS2_PLACEMENT_3D('',#3038,#3039,#3040);
#3038 = CARTESIAN_POINT('',(67.065551656878,-82.94716672928,0.));
#3039 = DIRECTION('',(0.,0.,-1.));
#3040 = DIRECTION('',(-0.504512505685,0.863404384751,0.));
#3041 = ORIENTED_EDGE('',*,*,#3042,.F.);
#3042 = EDGE_CURVE('',#3043,#3034,#3045,.T.);
#3043 = VERTEX_POINT('',#3044);
#3044 = CARTESIAN_POINT('',(66.110517,-81.866878,0.));
#3045 = CIRCLE('',#3046,0.500000669307);
#3046 = AXIS2_PLACEMENT_3D('',#3047,#3048,#3049);
#3047 = CARTESIAN_POINT('',(66.561033535509,-82.08375474043,0.));
#3048 = DIRECTION('',(0.,0.,1.));
#3049 = DIRECTION('',(-0.901031864884,0.433752900236,0.));
#3050 = ORIENTED_EDGE('',*,*,#3051,.F.);
#3051 = EDGE_CURVE('',#3052,#3043,#3054,.T.);
#3052 = VERTEX_POINT('',#3053);
#3053 = CARTESIAN_POINT('',(66.160002,-81.65,0.));
#3054 = CIRCLE('',#3055,0.499989885034);
#3055 = AXIS2_PLACEMENT_3D('',#3056,#3057,#3058);
#3056 = CARTESIAN_POINT('',(65.660012114969,-81.65000192086,0.));
#3057 = DIRECTION('',(0.,0.,-1.));
#3058 = DIRECTION('',(0.999999999993,3.841811363674E-06,0.));
#3059 = ORIENTED_EDGE('',*,*,#3060,.F.);
#3060 = EDGE_CURVE('',#3061,#3052,#3063,.T.);
#3061 = VERTEX_POINT('',#3062);
#3062 = CARTESIAN_POINT('',(66.160002,-80.244316,0.));
#3063 = LINE('',#3064,#3065);
#3064 = CARTESIAN_POINT('',(66.160002,-80.244316,0.));
#3065 = VECTOR('',#3066,1.);
#3066 = DIRECTION('',(0.,-1.,0.));
#3067 = ORIENTED_EDGE('',*,*,#3068,.F.);
#3068 = EDGE_CURVE('',#3069,#3061,#3071,.T.);
#3069 = VERTEX_POINT('',#3070);
#3070 = CARTESIAN_POINT('',(66.110517,-80.027438,0.));
#3071 = CIRCLE('',#3072,0.499989885034);
#3072 = AXIS2_PLACEMENT_3D('',#3073,#3074,#3075);
#3073 = CARTESIAN_POINT('',(65.660012114969,-80.24431407913,0.));
#3074 = DIRECTION('',(0.,0.,-1.));
#3075 = DIRECTION('',(0.901027997796,0.43376093322,0.));
#3076 = ORIENTED_EDGE('',*,*,#3077,.F.);
#3077 = EDGE_CURVE('',#3078,#3069,#3080,.T.);
#3078 = VERTEX_POINT('',#3079);
#3079 = CARTESIAN_POINT('',(66.81329,-79.378859,0.));
#3080 = CIRCLE('',#3081,0.499999729127);
#3081 = AXIS2_PLACEMENT_3D('',#3082,#3083,#3084);
#3082 = CARTESIAN_POINT('',(66.561031745676,-79.81055970911,0.));
#3083 = DIRECTION('',(0.,0.,1.));
#3084 = DIRECTION('',(0.504516781969,0.863401885979,-0.));
#3085 = ORIENTED_EDGE('',*,*,#3086,.F.);
#3086 = EDGE_CURVE('',#3087,#3078,#3089,.T.);
#3087 = VERTEX_POINT('',#3088);
#3088 = CARTESIAN_POINT('',(67.065548,-79.447158,0.));
#3089 = CIRCLE('',#3090,0.500008729288);
#3090 = AXIS2_PLACEMENT_3D('',#3091,#3092,#3093);
#3091 = CARTESIAN_POINT('',(67.065550656878,-78.94714927071,0.));
#3092 = DIRECTION('',(0.,0.,-1.));
#3093 = DIRECTION('',(-5.313662711088E-06,-0.999999999986,-0.));
#3094 = ORIENTED_EDGE('',*,*,#3095,.F.);
#3095 = EDGE_CURVE('',#3096,#3087,#3098,.T.);
#3096 = VERTEX_POINT('',#3097);
#3097 = CARTESIAN_POINT('',(68.654454,-79.447159,0.));
#3098 = LINE('',#3099,#3100);
#3099 = CARTESIAN_POINT('',(68.654454,-79.447159,0.));
#3100 = VECTOR('',#3101,1.);
#3101 = DIRECTION('',(-1.,6.29363850017E-07,0.));
#3102 = ORIENTED_EDGE('',*,*,#3103,.F.);
#3103 = EDGE_CURVE('',#2973,#3096,#3104,.T.);
#3104 = CIRCLE('',#3105,0.500008729288);
#3105 = AXIS2_PLACEMENT_3D('',#3106,#3107,#3108);
#3106 = CARTESIAN_POINT('',(68.654451343122,-78.94715027071,0.));
#3107 = DIRECTION('',(0.,0.,-1.));
#3108 = DIRECTION('',(0.504512505685,-0.863404384751,0.));
#3109 = FACE_BOUND('',#3110,.F.);
#3110 = EDGE_LOOP('',(#3111));
#3111 = ORIENTED_EDGE('',*,*,#3112,.T.);
#3112 = EDGE_CURVE('',#3113,#3113,#3115,.T.);
#3113 = VERTEX_POINT('',#3114);
#3114 = CARTESIAN_POINT('',(62.855,-77.475,0.));
#3115 = CIRCLE('',#3116,0.85);
#3116 = AXIS2_PLACEMENT_3D('',#3117,#3118,#3119);
#3117 = CARTESIAN_POINT('',(62.855,-76.625,0.));
#3118 = DIRECTION('',(-0.,0.,-1.));
#3119 = DIRECTION('',(-8.35932630306E-15,-1.,0.));
#3120 = FACE_BOUND('',#3121,.F.);
#3121 = EDGE_LOOP('',(#3122));
#3122 = ORIENTED_EDGE('',*,*,#3123,.T.);
#3123 = EDGE_CURVE('',#3124,#3124,#3126,.T.);
#3124 = VERTEX_POINT('',#3125);
#3125 = CARTESIAN_POINT('',(67.935,-78.625,0.));
#3126 = CIRCLE('',#3127,2.);
#3127 = AXIS2_PLACEMENT_3D('',#3128,#3129,#3130);
#3128 = CARTESIAN_POINT('',(67.935,-76.625,0.));
#3129 = DIRECTION('',(-0.,0.,-1.));
#3130 = DIRECTION('',(-0.,-1.,0.));
#3131 = FACE_BOUND('',#3132,.F.);
#3132 = EDGE_LOOP('',(#3133));
#3133 = ORIENTED_EDGE('',*,*,#3134,.T.);
#3134 = EDGE_CURVE('',#3135,#3135,#3137,.T.);
#3135 = VERTEX_POINT('',#3136);
#3136 = CARTESIAN_POINT('',(64.125,-74.835,0.));
#3137 = CIRCLE('',#3138,0.75);
#3138 = AXIS2_PLACEMENT_3D('',#3139,#3140,#3141);
#3139 = CARTESIAN_POINT('',(64.125,-74.085,0.));
#3140 = DIRECTION('',(-0.,0.,-1.));
#3141 = DIRECTION('',(-0.,-1.,0.));
#3142 = FACE_BOUND('',#3143,.F.);
#3143 = EDGE_LOOP('',(#3144));
#3144 = ORIENTED_EDGE('',*,*,#3145,.T.);
#3145 = EDGE_CURVE('',#3146,#3146,#3148,.T.);
#3146 = VERTEX_POINT('',#3147);
#3147 = CARTESIAN_POINT('',(73.015,-77.475,0.));
#3148 = CIRCLE('',#3149,0.85);
#3149 = AXIS2_PLACEMENT_3D('',#3150,#3151,#3152);
#3150 = CARTESIAN_POINT('',(73.015,-76.625,0.));
#3151 = DIRECTION('',(-0.,0.,-1.));
#3152 = DIRECTION('',(-0.,-1.,0.));
#3153 = FACE_BOUND('',#3154,.F.);
#3154 = EDGE_LOOP('',(#3155));
#3155 = ORIENTED_EDGE('',*,*,#3156,.T.);
#3156 = EDGE_CURVE('',#3157,#3157,#3159,.T.);
#3157 = VERTEX_POINT('',#3158);
#3158 = CARTESIAN_POINT('',(70.475,-72.295,0.));
#3159 = CIRCLE('',#3160,0.75);
#3160 = AXIS2_PLACEMENT_3D('',#3161,#3162,#3163);
#3161 = CARTESIAN_POINT('',(70.475,-71.545,0.));
#3162 = DIRECTION('',(-0.,0.,-1.));
#3163 = DIRECTION('',(-0.,-1.,0.));
#3164 = FACE_BOUND('',#3165,.F.);
#3165 = EDGE_LOOP('',(#3166,#3177,#3186,#3194,#3203,#3212,#3221,#3229,
    #3238,#3247,#3256,#3264,#3273,#3282,#3291,#3299));
#3166 = ORIENTED_EDGE('',*,*,#3167,.F.);
#3167 = EDGE_CURVE('',#3168,#3170,#3172,.T.);
#3168 = VERTEX_POINT('',#3169);
#3169 = CARTESIAN_POINT('',(89.109485,-99.027438,0.));
#3170 = VERTEX_POINT('',#3171);
#3171 = CARTESIAN_POINT('',(88.406712,-98.37886,0.));
#3172 = CIRCLE('',#3173,0.499999422661);
#3173 = AXIS2_PLACEMENT_3D('',#3174,#3175,#3176);
#3174 = CARTESIAN_POINT('',(88.658970295513,-98.81056033009,0.));
#3175 = DIRECTION('',(0.,0.,1.));
#3176 = DIRECTION('',(0.901030449374,-0.433755840654,0.));
#3177 = ORIENTED_EDGE('',*,*,#3178,.F.);
#3178 = EDGE_CURVE('',#3179,#3168,#3181,.T.);
#3179 = VERTEX_POINT('',#3180);
#3180 = CARTESIAN_POINT('',(89.06,-99.244315,0.));
#3181 = CIRCLE('',#3182,0.499989884978);
#3182 = AXIS2_PLACEMENT_3D('',#3183,#3184,#3185);
#3183 = CARTESIAN_POINT('',(89.559989884977,-99.24431407911,0.));
#3184 = DIRECTION('',(0.,0.,-1.));
#3185 = DIRECTION('',(-0.999999999998,-1.841808624623E-06,-0.));
#3186 = ORIENTED_EDGE('',*,*,#3187,.F.);
#3187 = EDGE_CURVE('',#3188,#3179,#3190,.T.);
#3188 = VERTEX_POINT('',#3189);
#3189 = CARTESIAN_POINT('',(89.06,-100.65,0.));
#3190 = LINE('',#3191,#3192);
#3191 = CARTESIAN_POINT('',(89.06,-100.65,0.));
#3192 = VECTOR('',#3193,1.);
#3193 = DIRECTION('',(0.,1.,0.));
#3194 = ORIENTED_EDGE('',*,*,#3195,.F.);
#3195 = EDGE_CURVE('',#3196,#3188,#3198,.T.);
#3196 = VERTEX_POINT('',#3197);
#3197 = CARTESIAN_POINT('',(89.109485,-100.866878,0.));
#3198 = CIRCLE('',#3199,0.499989885034);
#3199 = AXIS2_PLACEMENT_3D('',#3200,#3201,#3202);
#3200 = CARTESIAN_POINT('',(89.559989885031,-100.6500019208,0.));
#3201 = DIRECTION('',(0.,0.,-1.));
#3202 = DIRECTION('',(-0.901027997796,-0.43376093322,-0.));
#3203 = ORIENTED_EDGE('',*,*,#3204,.F.);
#3204 = EDGE_CURVE('',#3205,#3196,#3207,.T.);
#3205 = VERTEX_POINT('',#3206);
#3206 = CARTESIAN_POINT('',(88.406712,-101.515457,0.));
#3207 = CIRCLE('',#3208,0.499999448976);
#3208 = AXIS2_PLACEMENT_3D('',#3209,#3210,#3211);
#3209 = CARTESIAN_POINT('',(88.658970904285,-101.0837569951,0.));
#3210 = DIRECTION('',(0.,0.,1.));
#3211 = DIRECTION('',(-0.504518364574,-0.863400961204,0.));
#3212 = ORIENTED_EDGE('',*,*,#3213,.F.);
#3213 = EDGE_CURVE('',#3214,#3205,#3216,.T.);
#3214 = VERTEX_POINT('',#3215);
#3215 = CARTESIAN_POINT('',(88.154453,-101.447158,0.));
#3216 = CIRCLE('',#3217,0.500008729226);
#3217 = AXIS2_PLACEMENT_3D('',#3218,#3219,#3220);
#3218 = CARTESIAN_POINT('',(88.154451343146,-101.9471667292,0.));
#3219 = DIRECTION('',(0.,0.,-1.));
#3220 = DIRECTION('',(3.313649317029E-06,0.999999999995,0.));
#3221 = ORIENTED_EDGE('',*,*,#3222,.F.);
#3222 = EDGE_CURVE('',#3223,#3214,#3225,.T.);
#3223 = VERTEX_POINT('',#3224);
#3224 = CARTESIAN_POINT('',(86.565549,-101.447158,0.));
#3225 = LINE('',#3226,#3227);
#3226 = CARTESIAN_POINT('',(86.565549,-101.447158,0.));
#3227 = VECTOR('',#3228,1.);
#3228 = DIRECTION('',(1.,0.,0.));
#3229 = ORIENTED_EDGE('',*,*,#3230,.F.);
#3230 = EDGE_CURVE('',#3231,#3223,#3233,.T.);
#3231 = VERTEX_POINT('',#3232);
#3232 = CARTESIAN_POINT('',(86.313291,-101.515457,0.));
#3233 = CIRCLE('',#3234,0.500008729288);
#3234 = AXIS2_PLACEMENT_3D('',#3235,#3236,#3237);
#3235 = CARTESIAN_POINT('',(86.565551656878,-101.9471667292,0.));
#3236 = DIRECTION('',(0.,0.,-1.));
#3237 = DIRECTION('',(-0.504512505685,0.863404384751,0.));
#3238 = ORIENTED_EDGE('',*,*,#3239,.F.);
#3239 = EDGE_CURVE('',#3240,#3231,#3242,.T.);
#3240 = VERTEX_POINT('',#3241);
#3241 = CARTESIAN_POINT('',(85.610517,-100.866878,0.));
#3242 = CIRCLE('',#3243,0.500000669307);
#3243 = AXIS2_PLACEMENT_3D('',#3244,#3245,#3246);
#3244 = CARTESIAN_POINT('',(86.061033535509,-101.0837547404,0.));
#3245 = DIRECTION('',(0.,0.,1.));
#3246 = DIRECTION('',(-0.901031864884,0.433752900236,0.));
#3247 = ORIENTED_EDGE('',*,*,#3248,.F.);
#3248 = EDGE_CURVE('',#3249,#3240,#3251,.T.);
#3249 = VERTEX_POINT('',#3250);
#3250 = CARTESIAN_POINT('',(85.660002,-100.65,0.));
#3251 = CIRCLE('',#3252,0.499989885034);
#3252 = AXIS2_PLACEMENT_3D('',#3253,#3254,#3255);
#3253 = CARTESIAN_POINT('',(85.160012114969,-100.6500019208,0.));
#3254 = DIRECTION('',(0.,0.,-1.));
#3255 = DIRECTION('',(0.999999999993,3.841811363674E-06,0.));
#3256 = ORIENTED_EDGE('',*,*,#3257,.F.);
#3257 = EDGE_CURVE('',#3258,#3249,#3260,.T.);
#3258 = VERTEX_POINT('',#3259);
#3259 = CARTESIAN_POINT('',(85.660002,-99.244316,0.));
#3260 = LINE('',#3261,#3262);
#3261 = CARTESIAN_POINT('',(85.660002,-99.244316,0.));
#3262 = VECTOR('',#3263,1.);
#3263 = DIRECTION('',(0.,-1.,0.));
#3264 = ORIENTED_EDGE('',*,*,#3265,.F.);
#3265 = EDGE_CURVE('',#3266,#3258,#3268,.T.);
#3266 = VERTEX_POINT('',#3267);
#3267 = CARTESIAN_POINT('',(85.610517,-99.027438,0.));
#3268 = CIRCLE('',#3269,0.499989885034);
#3269 = AXIS2_PLACEMENT_3D('',#3270,#3271,#3272);
#3270 = CARTESIAN_POINT('',(85.160012114969,-99.24431407913,0.));
#3271 = DIRECTION('',(0.,0.,-1.));
#3272 = DIRECTION('',(0.901027997796,0.43376093322,0.));
#3273 = ORIENTED_EDGE('',*,*,#3274,.F.);
#3274 = EDGE_CURVE('',#3275,#3266,#3277,.T.);
#3275 = VERTEX_POINT('',#3276);
#3276 = CARTESIAN_POINT('',(86.31329,-98.378859,0.));
#3277 = CIRCLE('',#3278,0.499999729127);
#3278 = AXIS2_PLACEMENT_3D('',#3279,#3280,#3281);
#3279 = CARTESIAN_POINT('',(86.061031745676,-98.81055970911,0.));
#3280 = DIRECTION('',(0.,0.,1.));
#3281 = DIRECTION('',(0.504516781969,0.863401885979,-0.));
#3282 = ORIENTED_EDGE('',*,*,#3283,.F.);
#3283 = EDGE_CURVE('',#3284,#3275,#3286,.T.);
#3284 = VERTEX_POINT('',#3285);
#3285 = CARTESIAN_POINT('',(86.565548,-98.447158,0.));
#3286 = CIRCLE('',#3287,0.500008729288);
#3287 = AXIS2_PLACEMENT_3D('',#3288,#3289,#3290);
#3288 = CARTESIAN_POINT('',(86.565550656878,-97.94714927071,0.));
#3289 = DIRECTION('',(0.,0.,-1.));
#3290 = DIRECTION('',(-5.313662711088E-06,-0.999999999986,-0.));
#3291 = ORIENTED_EDGE('',*,*,#3292,.F.);
#3292 = EDGE_CURVE('',#3293,#3284,#3295,.T.);
#3293 = VERTEX_POINT('',#3294);
#3294 = CARTESIAN_POINT('',(88.154454,-98.447159,0.));
#3295 = LINE('',#3296,#3297);
#3296 = CARTESIAN_POINT('',(88.154454,-98.447159,0.));
#3297 = VECTOR('',#3298,1.);
#3298 = DIRECTION('',(-1.,6.29363850017E-07,0.));
#3299 = ORIENTED_EDGE('',*,*,#3300,.F.);
#3300 = EDGE_CURVE('',#3170,#3293,#3301,.T.);
#3301 = CIRCLE('',#3302,0.500008729288);
#3302 = AXIS2_PLACEMENT_3D('',#3303,#3304,#3305);
#3303 = CARTESIAN_POINT('',(88.154451343122,-97.94715027071,0.));
#3304 = DIRECTION('',(0.,0.,-1.));
#3305 = DIRECTION('',(0.504512505685,-0.863404384751,0.));
#3306 = FACE_BOUND('',#3307,.F.);
#3307 = EDGE_LOOP('',(#3308));
#3308 = ORIENTED_EDGE('',*,*,#3309,.T.);
#3309 = EDGE_CURVE('',#3310,#3310,#3312,.T.);
#3310 = VERTEX_POINT('',#3311);
#3311 = CARTESIAN_POINT('',(81.905,-96.525,0.));
#3312 = CIRCLE('',#3313,0.85);
#3313 = AXIS2_PLACEMENT_3D('',#3314,#3315,#3316);
#3314 = CARTESIAN_POINT('',(81.905,-95.675,0.));
#3315 = DIRECTION('',(-0.,0.,-1.));
#3316 = DIRECTION('',(-0.,-1.,0.));
#3317 = FACE_BOUND('',#3318,.F.);
#3318 = EDGE_LOOP('',(#3319));
#3319 = ORIENTED_EDGE('',*,*,#3320,.T.);
#3320 = EDGE_CURVE('',#3321,#3321,#3323,.T.);
#3321 = VERTEX_POINT('',#3322);
#3322 = CARTESIAN_POINT('',(86.985,-97.675,0.));
#3323 = CIRCLE('',#3324,2.);
#3324 = AXIS2_PLACEMENT_3D('',#3325,#3326,#3327);
#3325 = CARTESIAN_POINT('',(86.985,-95.675,0.));
#3326 = DIRECTION('',(-0.,0.,-1.));
#3327 = DIRECTION('',(-0.,-1.,0.));
#3328 = FACE_BOUND('',#3329,.F.);
#3329 = EDGE_LOOP('',(#3330));
#3330 = ORIENTED_EDGE('',*,*,#3331,.T.);
#3331 = EDGE_CURVE('',#3332,#3332,#3334,.T.);
#3332 = VERTEX_POINT('',#3333);
#3333 = CARTESIAN_POINT('',(83.175,-93.885,0.));
#3334 = CIRCLE('',#3335,0.75);
#3335 = AXIS2_PLACEMENT_3D('',#3336,#3337,#3338);
#3336 = CARTESIAN_POINT('',(83.175,-93.135,0.));
#3337 = DIRECTION('',(-0.,0.,-1.));
#3338 = DIRECTION('',(-0.,-1.,0.));
#3339 = FACE_BOUND('',#3340,.F.);
#3340 = EDGE_LOOP('',(#3341));
#3341 = ORIENTED_EDGE('',*,*,#3342,.T.);
#3342 = EDGE_CURVE('',#3343,#3343,#3345,.T.);
#3343 = VERTEX_POINT('',#3344);
#3344 = CARTESIAN_POINT('',(89.525,-91.345,0.));
#3345 = CIRCLE('',#3346,0.75);
#3346 = AXIS2_PLACEMENT_3D('',#3347,#3348,#3349);
#3347 = CARTESIAN_POINT('',(89.525,-90.595,0.));
#3348 = DIRECTION('',(-0.,0.,-1.));
#3349 = DIRECTION('',(-0.,-1.,0.));
#3350 = FACE_BOUND('',#3351,.F.);
#3351 = EDGE_LOOP('',(#3352));
#3352 = ORIENTED_EDGE('',*,*,#3353,.T.);
#3353 = EDGE_CURVE('',#3354,#3354,#3356,.T.);
#3354 = VERTEX_POINT('',#3355);
#3355 = CARTESIAN_POINT('',(92.065,-96.525,0.));
#3356 = CIRCLE('',#3357,0.85);
#3357 = AXIS2_PLACEMENT_3D('',#3358,#3359,#3360);
#3358 = CARTESIAN_POINT('',(92.065,-95.675,0.));
#3359 = DIRECTION('',(-0.,0.,-1.));
#3360 = DIRECTION('',(-0.,-1.,0.));
#3361 = FACE_BOUND('',#3362,.F.);
#3362 = EDGE_LOOP('',(#3363));
#3363 = ORIENTED_EDGE('',*,*,#3364,.T.);
#3364 = EDGE_CURVE('',#3365,#3365,#3367,.T.);
#3365 = VERTEX_POINT('',#3366);
#3366 = CARTESIAN_POINT('',(107.84,-102.85,0.));
#3367 = CIRCLE('',#3368,0.5);
#3368 = AXIS2_PLACEMENT_3D('',#3369,#3370,#3371);
#3369 = CARTESIAN_POINT('',(107.84,-102.35,0.));
#3370 = DIRECTION('',(-0.,0.,-1.));
#3371 = DIRECTION('',(-0.,-1.,0.));
#3372 = FACE_BOUND('',#3373,.F.);
#3373 = EDGE_LOOP('',(#3374));
#3374 = ORIENTED_EDGE('',*,*,#3375,.T.);
#3375 = EDGE_CURVE('',#3376,#3376,#3378,.T.);
#3376 = VERTEX_POINT('',#3377);
#3377 = CARTESIAN_POINT('',(110.38,-102.85,0.));
#3378 = CIRCLE('',#3379,0.5);
#3379 = AXIS2_PLACEMENT_3D('',#3380,#3381,#3382);
#3380 = CARTESIAN_POINT('',(110.38,-102.35,0.));
#3381 = DIRECTION('',(-0.,0.,-1.));
#3382 = DIRECTION('',(-0.,-1.,0.));
#3383 = FACE_BOUND('',#3384,.F.);
#3384 = EDGE_LOOP('',(#3385));
#3385 = ORIENTED_EDGE('',*,*,#3386,.T.);
#3386 = EDGE_CURVE('',#3387,#3387,#3389,.T.);
#3387 = VERTEX_POINT('',#3388);
#3388 = CARTESIAN_POINT('',(112.92,-102.85,0.));
#3389 = CIRCLE('',#3390,0.5);
#3390 = AXIS2_PLACEMENT_3D('',#3391,#3392,#3393);
#3391 = CARTESIAN_POINT('',(112.92,-102.35,0.));
#3392 = DIRECTION('',(-0.,0.,-1.));
#3393 = DIRECTION('',(-0.,-1.,0.));
#3394 = FACE_BOUND('',#3395,.F.);
#3395 = EDGE_LOOP('',(#3396));
#3396 = ORIENTED_EDGE('',*,*,#3397,.T.);
#3397 = EDGE_CURVE('',#3398,#3398,#3400,.T.);
#3398 = VERTEX_POINT('',#3399);
#3399 = CARTESIAN_POINT('',(124.5186,-109.3007,0.));
#3400 = CIRCLE('',#3401,1.6);
#3401 = AXIS2_PLACEMENT_3D('',#3402,#3403,#3404);
#3402 = CARTESIAN_POINT('',(124.5186,-107.7007,0.));
#3403 = DIRECTION('',(-0.,0.,-1.));
#3404 = DIRECTION('',(8.881784197001E-15,-1.,-0.));
#3405 = FACE_BOUND('',#3406,.F.);
#3406 = EDGE_LOOP('',(#3407));
#3407 = ORIENTED_EDGE('',*,*,#3408,.T.);
#3408 = EDGE_CURVE('',#3409,#3409,#3411,.T.);
#3409 = VERTEX_POINT('',#3410);
#3410 = CARTESIAN_POINT('',(115.46,-102.85,0.));
#3411 = CIRCLE('',#3412,0.5);
#3412 = AXIS2_PLACEMENT_3D('',#3413,#3414,#3415);
#3413 = CARTESIAN_POINT('',(115.46,-102.35,0.));
#3414 = DIRECTION('',(-0.,0.,-1.));
#3415 = DIRECTION('',(-0.,-1.,0.));
#3416 = FACE_BOUND('',#3417,.F.);
#3417 = EDGE_LOOP('',(#3418));
#3418 = ORIENTED_EDGE('',*,*,#3419,.T.);
#3419 = EDGE_CURVE('',#3420,#3420,#3422,.T.);
#3420 = VERTEX_POINT('',#3421);
#3421 = CARTESIAN_POINT('',(118.,-102.85,0.));
#3422 = CIRCLE('',#3423,0.5);
#3423 = AXIS2_PLACEMENT_3D('',#3424,#3425,#3426);
#3424 = CARTESIAN_POINT('',(118.,-102.35,0.));
#3425 = DIRECTION('',(-0.,0.,-1.));
#3426 = DIRECTION('',(-0.,-1.,0.));
#3427 = FACE_BOUND('',#3428,.F.);
#3428 = EDGE_LOOP('',(#3429));
#3429 = ORIENTED_EDGE('',*,*,#3430,.T.);
#3430 = EDGE_CURVE('',#3431,#3431,#3433,.T.);
#3431 = VERTEX_POINT('',#3432);
#3432 = CARTESIAN_POINT('',(120.54,-102.85,0.));
#3433 = CIRCLE('',#3434,0.5);
#3434 = AXIS2_PLACEMENT_3D('',#3435,#3436,#3437);
#3435 = CARTESIAN_POINT('',(120.54,-102.35,0.));
#3436 = DIRECTION('',(-0.,0.,-1.));
#3437 = DIRECTION('',(-0.,-1.,0.));
#3438 = FACE_BOUND('',#3439,.F.);
#3439 = EDGE_LOOP('',(#3440));
#3440 = ORIENTED_EDGE('',*,*,#3441,.T.);
#3441 = EDGE_CURVE('',#3442,#3442,#3444,.T.);
#3442 = VERTEX_POINT('',#3443);
#3443 = CARTESIAN_POINT('',(123.08,-102.85,0.));
#3444 = CIRCLE('',#3445,0.5);
#3445 = AXIS2_PLACEMENT_3D('',#3446,#3447,#3448);
#3446 = CARTESIAN_POINT('',(123.08,-102.35,0.));
#3447 = DIRECTION('',(-0.,0.,-1.));
#3448 = DIRECTION('',(-0.,-1.,0.));
#3449 = FACE_BOUND('',#3450,.F.);
#3450 = EDGE_LOOP('',(#3451,#3462,#3471,#3479,#3488,#3497,#3506,#3514,
    #3523,#3532,#3541,#3549,#3558,#3567,#3576,#3584));
#3451 = ORIENTED_EDGE('',*,*,#3452,.F.);
#3452 = EDGE_CURVE('',#3453,#3455,#3457,.T.);
#3453 = VERTEX_POINT('',#3454);
#3454 = CARTESIAN_POINT('',(89.109485,-80.027438,0.));
#3455 = VERTEX_POINT('',#3456);
#3456 = CARTESIAN_POINT('',(88.406712,-79.37886,0.));
#3457 = CIRCLE('',#3458,0.499999422661);
#3458 = AXIS2_PLACEMENT_3D('',#3459,#3460,#3461);
#3459 = CARTESIAN_POINT('',(88.658970295513,-79.81056033009,0.));
#3460 = DIRECTION('',(0.,0.,1.));
#3461 = DIRECTION('',(0.901030449374,-0.433755840654,0.));
#3462 = ORIENTED_EDGE('',*,*,#3463,.F.);
#3463 = EDGE_CURVE('',#3464,#3453,#3466,.T.);
#3464 = VERTEX_POINT('',#3465);
#3465 = CARTESIAN_POINT('',(89.06,-80.244316,0.));
#3466 = CIRCLE('',#3467,0.499989885034);
#3467 = AXIS2_PLACEMENT_3D('',#3468,#3469,#3470);
#3468 = CARTESIAN_POINT('',(89.559989885031,-80.24431407913,0.));
#3469 = DIRECTION('',(0.,0.,-1.));
#3470 = DIRECTION('',(-0.999999999993,-3.841811392097E-06,-0.));
#3471 = ORIENTED_EDGE('',*,*,#3472,.F.);
#3472 = EDGE_CURVE('',#3473,#3464,#3475,.T.);
#3473 = VERTEX_POINT('',#3474);
#3474 = CARTESIAN_POINT('',(89.06,-81.65,0.));
#3475 = LINE('',#3476,#3477);
#3476 = CARTESIAN_POINT('',(89.06,-81.65,0.));
#3477 = VECTOR('',#3478,1.);
#3478 = DIRECTION('',(0.,1.,0.));
#3479 = ORIENTED_EDGE('',*,*,#3480,.F.);
#3480 = EDGE_CURVE('',#3481,#3473,#3483,.T.);
#3481 = VERTEX_POINT('',#3482);
#3482 = CARTESIAN_POINT('',(89.109485,-81.866878,0.));
#3483 = CIRCLE('',#3484,0.499989885034);
#3484 = AXIS2_PLACEMENT_3D('',#3485,#3486,#3487);
#3485 = CARTESIAN_POINT('',(89.559989885031,-81.65000192086,0.));
#3486 = DIRECTION('',(0.,0.,-1.));
#3487 = DIRECTION('',(-0.901027997796,-0.43376093322,-0.));
#3488 = ORIENTED_EDGE('',*,*,#3489,.F.);
#3489 = EDGE_CURVE('',#3490,#3481,#3492,.T.);
#3490 = VERTEX_POINT('',#3491);
#3491 = CARTESIAN_POINT('',(88.406712,-82.515457,0.));
#3492 = CIRCLE('',#3493,0.499999448976);
#3493 = AXIS2_PLACEMENT_3D('',#3494,#3495,#3496);
#3494 = CARTESIAN_POINT('',(88.658970904285,-82.08375699515,0.));
#3495 = DIRECTION('',(0.,0.,1.));
#3496 = DIRECTION('',(-0.504518364574,-0.863400961204,0.));
#3497 = ORIENTED_EDGE('',*,*,#3498,.F.);
#3498 = EDGE_CURVE('',#3499,#3490,#3501,.T.);
#3499 = VERTEX_POINT('',#3500);
#3500 = CARTESIAN_POINT('',(88.154453,-82.447158,0.));
#3501 = CIRCLE('',#3502,0.500008729226);
#3502 = AXIS2_PLACEMENT_3D('',#3503,#3504,#3505);
#3503 = CARTESIAN_POINT('',(88.154451343146,-82.94716672922,0.));
#3504 = DIRECTION('',(0.,0.,-1.));
#3505 = DIRECTION('',(3.313649317029E-06,0.999999999995,0.));
#3506 = ORIENTED_EDGE('',*,*,#3507,.F.);
#3507 = EDGE_CURVE('',#3508,#3499,#3510,.T.);
#3508 = VERTEX_POINT('',#3509);
#3509 = CARTESIAN_POINT('',(86.565549,-82.447158,0.));
#3510 = LINE('',#3511,#3512);
#3511 = CARTESIAN_POINT('',(86.565549,-82.447158,0.));
#3512 = VECTOR('',#3513,1.);
#3513 = DIRECTION('',(1.,0.,0.));
#3514 = ORIENTED_EDGE('',*,*,#3515,.F.);
#3515 = EDGE_CURVE('',#3516,#3508,#3518,.T.);
#3516 = VERTEX_POINT('',#3517);
#3517 = CARTESIAN_POINT('',(86.313291,-82.515457,0.));
#3518 = CIRCLE('',#3519,0.500008729288);
#3519 = AXIS2_PLACEMENT_3D('',#3520,#3521,#3522);
#3520 = CARTESIAN_POINT('',(86.565551656878,-82.94716672928,0.));
#3521 = DIRECTION('',(0.,0.,-1.));
#3522 = DIRECTION('',(-0.504512505685,0.863404384751,0.));
#3523 = ORIENTED_EDGE('',*,*,#3524,.F.);
#3524 = EDGE_CURVE('',#3525,#3516,#3527,.T.);
#3525 = VERTEX_POINT('',#3526);
#3526 = CARTESIAN_POINT('',(85.610517,-81.866878,0.));
#3527 = CIRCLE('',#3528,0.500000669307);
#3528 = AXIS2_PLACEMENT_3D('',#3529,#3530,#3531);
#3529 = CARTESIAN_POINT('',(86.061033535509,-82.08375474043,0.));
#3530 = DIRECTION('',(0.,0.,1.));
#3531 = DIRECTION('',(-0.901031864884,0.433752900236,0.));
#3532 = ORIENTED_EDGE('',*,*,#3533,.F.);
#3533 = EDGE_CURVE('',#3534,#3525,#3536,.T.);
#3534 = VERTEX_POINT('',#3535);
#3535 = CARTESIAN_POINT('',(85.660002,-81.650001,0.));
#3536 = CIRCLE('',#3537,0.499989884978);
#3537 = AXIS2_PLACEMENT_3D('',#3538,#3539,#3540);
#3538 = CARTESIAN_POINT('',(85.160012115023,-81.65000192088,0.));
#3539 = DIRECTION('',(0.,0.,-1.));
#3540 = DIRECTION('',(0.999999999998,1.841808567778E-06,0.));
#3541 = ORIENTED_EDGE('',*,*,#3542,.F.);
#3542 = EDGE_CURVE('',#3543,#3534,#3545,.T.);
#3543 = VERTEX_POINT('',#3544);
#3544 = CARTESIAN_POINT('',(85.660002,-80.244316,0.));
#3545 = LINE('',#3546,#3547);
#3546 = CARTESIAN_POINT('',(85.660002,-80.244316,0.));
#3547 = VECTOR('',#3548,1.);
#3548 = DIRECTION('',(0.,-1.,0.));
#3549 = ORIENTED_EDGE('',*,*,#3550,.F.);
#3550 = EDGE_CURVE('',#3551,#3543,#3553,.T.);
#3551 = VERTEX_POINT('',#3552);
#3552 = CARTESIAN_POINT('',(85.610517,-80.027438,0.));
#3553 = CIRCLE('',#3554,0.499989885034);
#3554 = AXIS2_PLACEMENT_3D('',#3555,#3556,#3557);
#3555 = CARTESIAN_POINT('',(85.160012114969,-80.24431407913,0.));
#3556 = DIRECTION('',(0.,0.,-1.));
#3557 = DIRECTION('',(0.901027997796,0.43376093322,0.));
#3558 = ORIENTED_EDGE('',*,*,#3559,.F.);
#3559 = EDGE_CURVE('',#3560,#3551,#3562,.T.);
#3560 = VERTEX_POINT('',#3561);
#3561 = CARTESIAN_POINT('',(86.31329,-79.378859,0.));
#3562 = CIRCLE('',#3563,0.499999729127);
#3563 = AXIS2_PLACEMENT_3D('',#3564,#3565,#3566);
#3564 = CARTESIAN_POINT('',(86.061031745676,-79.81055970911,0.));
#3565 = DIRECTION('',(0.,0.,1.));
#3566 = DIRECTION('',(0.504516781969,0.863401885979,-0.));
#3567 = ORIENTED_EDGE('',*,*,#3568,.F.);
#3568 = EDGE_CURVE('',#3569,#3560,#3571,.T.);
#3569 = VERTEX_POINT('',#3570);
#3570 = CARTESIAN_POINT('',(86.565548,-79.447158,0.));
#3571 = CIRCLE('',#3572,0.500008729288);
#3572 = AXIS2_PLACEMENT_3D('',#3573,#3574,#3575);
#3573 = CARTESIAN_POINT('',(86.565550656878,-78.94714927071,0.));
#3574 = DIRECTION('',(0.,0.,-1.));
#3575 = DIRECTION('',(-5.313662711088E-06,-0.999999999986,-0.));
#3576 = ORIENTED_EDGE('',*,*,#3577,.F.);
#3577 = EDGE_CURVE('',#3578,#3569,#3580,.T.);
#3578 = VERTEX_POINT('',#3579);
#3579 = CARTESIAN_POINT('',(88.154454,-79.447159,0.));
#3580 = LINE('',#3581,#3582);
#3581 = CARTESIAN_POINT('',(88.154454,-79.447159,0.));
#3582 = VECTOR('',#3583,1.);
#3583 = DIRECTION('',(-1.,6.29363850017E-07,0.));
#3584 = ORIENTED_EDGE('',*,*,#3585,.F.);
#3585 = EDGE_CURVE('',#3455,#3578,#3586,.T.);
#3586 = CIRCLE('',#3587,0.500008729288);
#3587 = AXIS2_PLACEMENT_3D('',#3588,#3589,#3590);
#3588 = CARTESIAN_POINT('',(88.154451343122,-78.94715027071,0.));
#3589 = DIRECTION('',(0.,0.,-1.));
#3590 = DIRECTION('',(0.504512505685,-0.863404384751,0.));
#3591 = FACE_BOUND('',#3592,.F.);
#3592 = EDGE_LOOP('',(#3593));
#3593 = ORIENTED_EDGE('',*,*,#3594,.T.);
#3594 = EDGE_CURVE('',#3595,#3595,#3597,.T.);
#3595 = VERTEX_POINT('',#3596);
#3596 = CARTESIAN_POINT('',(81.905,-77.475,0.));
#3597 = CIRCLE('',#3598,0.85);
#3598 = AXIS2_PLACEMENT_3D('',#3599,#3600,#3601);
#3599 = CARTESIAN_POINT('',(81.905,-76.625,0.));
#3600 = DIRECTION('',(-0.,0.,-1.));
#3601 = DIRECTION('',(-0.,-1.,0.));
#3602 = FACE_BOUND('',#3603,.F.);
#3603 = EDGE_LOOP('',(#3604));
#3604 = ORIENTED_EDGE('',*,*,#3605,.T.);
#3605 = EDGE_CURVE('',#3606,#3606,#3608,.T.);
#3606 = VERTEX_POINT('',#3607);
#3607 = CARTESIAN_POINT('',(83.175,-74.835,0.));
#3608 = CIRCLE('',#3609,0.75);
#3609 = AXIS2_PLACEMENT_3D('',#3610,#3611,#3612);
#3610 = CARTESIAN_POINT('',(83.175,-74.085,0.));
#3611 = DIRECTION('',(-0.,0.,-1.));
#3612 = DIRECTION('',(-0.,-1.,0.));
#3613 = FACE_BOUND('',#3614,.F.);
#3614 = EDGE_LOOP('',(#3615));
#3615 = ORIENTED_EDGE('',*,*,#3616,.T.);
#3616 = EDGE_CURVE('',#3617,#3617,#3619,.T.);
#3617 = VERTEX_POINT('',#3618);
#3618 = CARTESIAN_POINT('',(86.985,-78.625,0.));
#3619 = CIRCLE('',#3620,2.);
#3620 = AXIS2_PLACEMENT_3D('',#3621,#3622,#3623);
#3621 = CARTESIAN_POINT('',(86.985,-76.625,0.));
#3622 = DIRECTION('',(-0.,0.,-1.));
#3623 = DIRECTION('',(-0.,-1.,0.));
#3624 = FACE_BOUND('',#3625,.F.);
#3625 = EDGE_LOOP('',(#3626));
#3626 = ORIENTED_EDGE('',*,*,#3627,.T.);
#3627 = EDGE_CURVE('',#3628,#3628,#3630,.T.);
#3628 = VERTEX_POINT('',#3629);
#3629 = CARTESIAN_POINT('',(89.525,-72.295,0.));
#3630 = CIRCLE('',#3631,0.75);
#3631 = AXIS2_PLACEMENT_3D('',#3632,#3633,#3634);
#3632 = CARTESIAN_POINT('',(89.525,-71.545,0.));
#3633 = DIRECTION('',(-0.,0.,-1.));
#3634 = DIRECTION('',(-0.,-1.,0.));
#3635 = FACE_BOUND('',#3636,.F.);
#3636 = EDGE_LOOP('',(#3637));
#3637 = ORIENTED_EDGE('',*,*,#3638,.T.);
#3638 = EDGE_CURVE('',#3639,#3639,#3641,.T.);
#3639 = VERTEX_POINT('',#3640);
#3640 = CARTESIAN_POINT('',(92.065,-77.475,0.));
#3641 = CIRCLE('',#3642,0.85);
#3642 = AXIS2_PLACEMENT_3D('',#3643,#3644,#3645);
#3643 = CARTESIAN_POINT('',(92.065,-76.625,0.));
#3644 = DIRECTION('',(-0.,0.,-1.));
#3645 = DIRECTION('',(-0.,-1.,0.));
#3646 = FACE_BOUND('',#3647,.F.);
#3647 = EDGE_LOOP('',(#3648));
#3648 = ORIENTED_EDGE('',*,*,#3649,.T.);
#3649 = EDGE_CURVE('',#3650,#3650,#3652,.T.);
#3650 = VERTEX_POINT('',#3651);
#3651 = CARTESIAN_POINT('',(107.84,-87.6,0.));
#3652 = CIRCLE('',#3653,0.5);
#3653 = AXIS2_PLACEMENT_3D('',#3654,#3655,#3656);
#3654 = CARTESIAN_POINT('',(107.84,-87.1,0.));
#3655 = DIRECTION('',(-0.,0.,-1.));
#3656 = DIRECTION('',(-0.,-1.,0.));
#3657 = FACE_BOUND('',#3658,.F.);
#3658 = EDGE_LOOP('',(#3659));
#3659 = ORIENTED_EDGE('',*,*,#3660,.T.);
#3660 = EDGE_CURVE('',#3661,#3661,#3663,.T.);
#3661 = VERTEX_POINT('',#3662);
#3662 = CARTESIAN_POINT('',(110.38,-87.6,0.));
#3663 = CIRCLE('',#3664,0.5);
#3664 = AXIS2_PLACEMENT_3D('',#3665,#3666,#3667);
#3665 = CARTESIAN_POINT('',(110.38,-87.1,0.));
#3666 = DIRECTION('',(-0.,0.,-1.));
#3667 = DIRECTION('',(-0.,-1.,0.));
#3668 = FACE_BOUND('',#3669,.F.);
#3669 = EDGE_LOOP('',(#3670));
#3670 = ORIENTED_EDGE('',*,*,#3671,.T.);
#3671 = EDGE_CURVE('',#3672,#3672,#3674,.T.);
#3672 = VERTEX_POINT('',#3673);
#3673 = CARTESIAN_POINT('',(112.92,-87.6,0.));
#3674 = CIRCLE('',#3675,0.5);
#3675 = AXIS2_PLACEMENT_3D('',#3676,#3677,#3678);
#3676 = CARTESIAN_POINT('',(112.92,-87.1,0.));
#3677 = DIRECTION('',(-0.,0.,-1.));
#3678 = DIRECTION('',(-0.,-1.,0.));
#3679 = FACE_BOUND('',#3680,.F.);
#3680 = EDGE_LOOP('',(#3681));
#3681 = ORIENTED_EDGE('',*,*,#3682,.T.);
#3682 = EDGE_CURVE('',#3683,#3683,#3685,.T.);
#3683 = VERTEX_POINT('',#3684);
#3684 = CARTESIAN_POINT('',(105.31,-80.95,0.));
#3685 = CIRCLE('',#3686,0.4);
#3686 = AXIS2_PLACEMENT_3D('',#3687,#3688,#3689);
#3687 = CARTESIAN_POINT('',(105.31,-80.55,0.));
#3688 = DIRECTION('',(-0.,0.,-1.));
#3689 = DIRECTION('',(-0.,-1.,0.));
#3690 = FACE_BOUND('',#3691,.F.);
#3691 = EDGE_LOOP('',(#3692));
#3692 = ORIENTED_EDGE('',*,*,#3693,.T.);
#3693 = EDGE_CURVE('',#3694,#3694,#3696,.T.);
#3694 = VERTEX_POINT('',#3695);
#3695 = CARTESIAN_POINT('',(112.93,-80.95,0.));
#3696 = CIRCLE('',#3697,0.4);
#3697 = AXIS2_PLACEMENT_3D('',#3698,#3699,#3700);
#3698 = CARTESIAN_POINT('',(112.93,-80.55,0.));
#3699 = DIRECTION('',(-0.,0.,-1.));
#3700 = DIRECTION('',(-0.,-1.,0.));
#3701 = FACE_BOUND('',#3702,.F.);
#3702 = EDGE_LOOP('',(#3703));
#3703 = ORIENTED_EDGE('',*,*,#3704,.T.);
#3704 = EDGE_CURVE('',#3705,#3705,#3707,.T.);
#3705 = VERTEX_POINT('',#3706);
#3706 = CARTESIAN_POINT('',(115.46,-87.6,0.));
#3707 = CIRCLE('',#3708,0.5);
#3708 = AXIS2_PLACEMENT_3D('',#3709,#3710,#3711);
#3709 = CARTESIAN_POINT('',(115.46,-87.1,0.));
#3710 = DIRECTION('',(-0.,0.,-1.));
#3711 = DIRECTION('',(-0.,-1.,0.));
#3712 = FACE_BOUND('',#3713,.F.);
#3713 = EDGE_LOOP('',(#3714));
#3714 = ORIENTED_EDGE('',*,*,#3715,.T.);
#3715 = EDGE_CURVE('',#3716,#3716,#3718,.T.);
#3716 = VERTEX_POINT('',#3717);
#3717 = CARTESIAN_POINT('',(118.,-87.6,0.));
#3718 = CIRCLE('',#3719,0.5);
#3719 = AXIS2_PLACEMENT_3D('',#3720,#3721,#3722);
#3720 = CARTESIAN_POINT('',(118.,-87.1,0.));
#3721 = DIRECTION('',(-0.,0.,-1.));
#3722 = DIRECTION('',(-0.,-1.,0.));
#3723 = FACE_BOUND('',#3724,.F.);
#3724 = EDGE_LOOP('',(#3725));
#3725 = ORIENTED_EDGE('',*,*,#3726,.T.);
#3726 = EDGE_CURVE('',#3727,#3727,#3729,.T.);
#3727 = VERTEX_POINT('',#3728);
#3728 = CARTESIAN_POINT('',(120.54,-87.6,0.));
#3729 = CIRCLE('',#3730,0.5);
#3730 = AXIS2_PLACEMENT_3D('',#3731,#3732,#3733);
#3731 = CARTESIAN_POINT('',(120.54,-87.1,0.));
#3732 = DIRECTION('',(-0.,0.,-1.));
#3733 = DIRECTION('',(-0.,-1.,0.));
#3734 = FACE_BOUND('',#3735,.F.);
#3735 = EDGE_LOOP('',(#3736));
#3736 = ORIENTED_EDGE('',*,*,#3737,.T.);
#3737 = EDGE_CURVE('',#3738,#3738,#3740,.T.);
#3738 = VERTEX_POINT('',#3739);
#3739 = CARTESIAN_POINT('',(123.08,-87.6,0.));
#3740 = CIRCLE('',#3741,0.5);
#3741 = AXIS2_PLACEMENT_3D('',#3742,#3743,#3744);
#3742 = CARTESIAN_POINT('',(123.08,-87.1,0.));
#3743 = DIRECTION('',(-0.,0.,-1.));
#3744 = DIRECTION('',(-0.,-1.,0.));
#3745 = FACE_BOUND('',#3746,.F.);
#3746 = EDGE_LOOP('',(#3747));
#3747 = ORIENTED_EDGE('',*,*,#3748,.T.);
#3748 = EDGE_CURVE('',#3749,#3749,#3751,.T.);
#3749 = VERTEX_POINT('',#3750);
#3750 = CARTESIAN_POINT('',(105.31,-74.6375,0.));
#3751 = CIRCLE('',#3752,0.4);
#3752 = AXIS2_PLACEMENT_3D('',#3753,#3754,#3755);
#3753 = CARTESIAN_POINT('',(105.31,-74.2375,0.));
#3754 = DIRECTION('',(-0.,0.,-1.));
#3755 = DIRECTION('',(-0.,-1.,0.));
#3756 = FACE_BOUND('',#3757,.F.);
#3757 = EDGE_LOOP('',(#3758));
#3758 = ORIENTED_EDGE('',*,*,#3759,.T.);
#3759 = EDGE_CURVE('',#3760,#3760,#3762,.T.);
#3760 = VERTEX_POINT('',#3761);
#3761 = CARTESIAN_POINT('',(112.93,-74.6375,0.));
#3762 = CIRCLE('',#3763,0.4);
#3763 = AXIS2_PLACEMENT_3D('',#3764,#3765,#3766);
#3764 = CARTESIAN_POINT('',(112.93,-74.2375,0.));
#3765 = DIRECTION('',(-0.,0.,-1.));
#3766 = DIRECTION('',(-0.,-1.,0.));
#3767 = FACE_BOUND('',#3768,.F.);
#3768 = EDGE_LOOP('',(#3769));
#3769 = ORIENTED_EDGE('',*,*,#3770,.T.);
#3770 = EDGE_CURVE('',#3771,#3771,#3773,.T.);
#3771 = VERTEX_POINT('',#3772);
#3772 = CARTESIAN_POINT('',(105.31,-68.325,0.));
#3773 = CIRCLE('',#3774,0.4);
#3774 = AXIS2_PLACEMENT_3D('',#3775,#3776,#3777);
#3775 = CARTESIAN_POINT('',(105.31,-67.925,0.));
#3776 = DIRECTION('',(-0.,0.,-1.));
#3777 = DIRECTION('',(-0.,-1.,0.));
#3778 = FACE_BOUND('',#3779,.F.);
#3779 = EDGE_LOOP('',(#3780));
#3780 = ORIENTED_EDGE('',*,*,#3781,.T.);
#3781 = EDGE_CURVE('',#3782,#3782,#3784,.T.);
#3782 = VERTEX_POINT('',#3783);
#3783 = CARTESIAN_POINT('',(112.93,-68.325,0.));
#3784 = CIRCLE('',#3785,0.4);
#3785 = AXIS2_PLACEMENT_3D('',#3786,#3787,#3788);
#3786 = CARTESIAN_POINT('',(112.93,-67.925,0.));
#3787 = DIRECTION('',(-0.,0.,-1.));
#3788 = DIRECTION('',(-0.,-1.,0.));
#3789 = FACE_BOUND('',#3790,.F.);
#3790 = EDGE_LOOP('',(#3791));
#3791 = ORIENTED_EDGE('',*,*,#3792,.T.);
#3792 = EDGE_CURVE('',#3793,#3793,#3795,.T.);
#3793 = VERTEX_POINT('',#3794);
#3794 = CARTESIAN_POINT('',(43.805,-58.425,0.));
#3795 = CIRCLE('',#3796,0.85);
#3796 = AXIS2_PLACEMENT_3D('',#3797,#3798,#3799);
#3797 = CARTESIAN_POINT('',(43.805,-57.575,0.));
#3798 = DIRECTION('',(-0.,0.,-1.));
#3799 = DIRECTION('',(-0.,-1.,0.));
#3800 = FACE_BOUND('',#3801,.F.);
#3801 = EDGE_LOOP('',(#3802,#3813,#3822,#3830,#3839,#3848,#3857,#3865,
    #3874,#3883,#3892,#3900,#3909,#3918,#3927,#3935));
#3802 = ORIENTED_EDGE('',*,*,#3803,.F.);
#3803 = EDGE_CURVE('',#3804,#3806,#3808,.T.);
#3804 = VERTEX_POINT('',#3805);
#3805 = CARTESIAN_POINT('',(47.81329,-60.378859,0.));
#3806 = VERTEX_POINT('',#3807);
#3807 = CARTESIAN_POINT('',(47.110517,-61.027438,0.));
#3808 = CIRCLE('',#3809,0.499999729127);
#3809 = AXIS2_PLACEMENT_3D('',#3810,#3811,#3812);
#3810 = CARTESIAN_POINT('',(47.561031745676,-60.81055970911,0.));
#3811 = DIRECTION('',(0.,0.,1.));
#3812 = DIRECTION('',(0.504516781969,0.863401885979,-0.));
#3813 = ORIENTED_EDGE('',*,*,#3814,.F.);
#3814 = EDGE_CURVE('',#3815,#3804,#3817,.T.);
#3815 = VERTEX_POINT('',#3816);
#3816 = CARTESIAN_POINT('',(48.065549,-60.447159,0.));
#3817 = CIRCLE('',#3818,0.50002311711);
#3818 = AXIS2_PLACEMENT_3D('',#3819,#3820,#3821);
#3819 = CARTESIAN_POINT('',(48.065556263782,-59.94713588294,0.));
#3820 = DIRECTION('',(0.,0.,-1.));
#3821 = DIRECTION('',(-1.452689330345E-05,-0.999999999894,-0.));
#3822 = ORIENTED_EDGE('',*,*,#3823,.F.);
#3823 = EDGE_CURVE('',#3824,#3815,#3826,.T.);
#3824 = VERTEX_POINT('',#3825);
#3825 = CARTESIAN_POINT('',(49.654454,-60.447159,0.));
#3826 = LINE('',#3827,#3828);
#3827 = CARTESIAN_POINT('',(49.654454,-60.447159,0.));
#3828 = VECTOR('',#3829,1.);
#3829 = DIRECTION('',(-1.,0.,0.));
#3830 = ORIENTED_EDGE('',*,*,#3831,.F.);
#3831 = EDGE_CURVE('',#3832,#3824,#3834,.T.);
#3832 = VERTEX_POINT('',#3833);
#3833 = CARTESIAN_POINT('',(49.906712,-60.37886,0.));
#3834 = CIRCLE('',#3835,0.500008729288);
#3835 = AXIS2_PLACEMENT_3D('',#3836,#3837,#3838);
#3836 = CARTESIAN_POINT('',(49.654451343122,-59.94715027071,0.));
#3837 = DIRECTION('',(0.,0.,-1.));
#3838 = DIRECTION('',(0.504512505685,-0.863404384751,0.));
#3839 = ORIENTED_EDGE('',*,*,#3840,.F.);
#3840 = EDGE_CURVE('',#3841,#3832,#3843,.T.);
#3841 = VERTEX_POINT('',#3842);
#3842 = CARTESIAN_POINT('',(50.609485,-61.027438,0.));
#3843 = CIRCLE('',#3844,0.499999422661);
#3844 = AXIS2_PLACEMENT_3D('',#3845,#3846,#3847);
#3845 = CARTESIAN_POINT('',(50.158970295513,-60.81056033009,0.));
#3846 = DIRECTION('',(0.,0.,1.));
#3847 = DIRECTION('',(0.901030449374,-0.433755840654,0.));
#3848 = ORIENTED_EDGE('',*,*,#3849,.F.);
#3849 = EDGE_CURVE('',#3850,#3841,#3852,.T.);
#3850 = VERTEX_POINT('',#3851);
#3851 = CARTESIAN_POINT('',(50.56,-61.244316,0.));
#3852 = CIRCLE('',#3853,0.499989885034);
#3853 = AXIS2_PLACEMENT_3D('',#3854,#3855,#3856);
#3854 = CARTESIAN_POINT('',(51.059989885031,-61.24431407913,0.));
#3855 = DIRECTION('',(0.,0.,-1.));
#3856 = DIRECTION('',(-0.999999999993,-3.841811463153E-06,-0.));
#3857 = ORIENTED_EDGE('',*,*,#3858,.F.);
#3858 = EDGE_CURVE('',#3859,#3850,#3861,.T.);
#3859 = VERTEX_POINT('',#3860);
#3860 = CARTESIAN_POINT('',(50.56,-62.65,0.));
#3861 = LINE('',#3862,#3863);
#3862 = CARTESIAN_POINT('',(50.56,-62.65,0.));
#3863 = VECTOR('',#3864,1.);
#3864 = DIRECTION('',(0.,1.,0.));
#3865 = ORIENTED_EDGE('',*,*,#3866,.F.);
#3866 = EDGE_CURVE('',#3867,#3859,#3869,.T.);
#3867 = VERTEX_POINT('',#3868);
#3868 = CARTESIAN_POINT('',(50.609485,-62.866877,0.));
#3869 = CIRCLE('',#3870,0.49998122973);
#3870 = AXIS2_PLACEMENT_3D('',#3871,#3872,#3873);
#3871 = CARTESIAN_POINT('',(51.059981229722,-62.65000289576,0.));
#3872 = DIRECTION('',(0.,0.,-1.));
#3873 = DIRECTION('',(-0.901026284457,-0.433764492229,-0.));
#3874 = ORIENTED_EDGE('',*,*,#3875,.F.);
#3875 = EDGE_CURVE('',#3876,#3867,#3878,.T.);
#3876 = VERTEX_POINT('',#3877);
#3877 = CARTESIAN_POINT('',(49.906712,-63.515457,0.));
#3878 = CIRCLE('',#3879,0.499999755443);
#3879 = AXIS2_PLACEMENT_3D('',#3880,#3881,#3882);
#3880 = CARTESIAN_POINT('',(50.158970863096,-63.08375661613,0.));
#3881 = DIRECTION('',(0.,0.,1.));
#3882 = DIRECTION('',(-0.50451797296,-0.863401190039,0.));
#3883 = ORIENTED_EDGE('',*,*,#3884,.F.);
#3884 = EDGE_CURVE('',#3885,#3876,#3887,.T.);
#3885 = VERTEX_POINT('',#3886);
#3886 = CARTESIAN_POINT('',(49.654453,-63.447158,0.));
#3887 = CIRCLE('',#3888,0.500008729226);
#3888 = AXIS2_PLACEMENT_3D('',#3889,#3890,#3891);
#3889 = CARTESIAN_POINT('',(49.654451343146,-63.94716672922,0.));
#3890 = DIRECTION('',(0.,0.,-1.));
#3891 = DIRECTION('',(3.313649260187E-06,0.999999999995,0.));
#3892 = ORIENTED_EDGE('',*,*,#3893,.F.);
#3893 = EDGE_CURVE('',#3894,#3885,#3896,.T.);
#3894 = VERTEX_POINT('',#3895);
#3895 = CARTESIAN_POINT('',(48.065549,-63.447158,0.));
#3896 = LINE('',#3897,#3898);
#3897 = CARTESIAN_POINT('',(48.065549,-63.447158,0.));
#3898 = VECTOR('',#3899,1.);
#3899 = DIRECTION('',(1.,0.,0.));
#3900 = ORIENTED_EDGE('',*,*,#3901,.F.);
#3901 = EDGE_CURVE('',#3902,#3894,#3904,.T.);
#3902 = VERTEX_POINT('',#3903);
#3903 = CARTESIAN_POINT('',(47.81329,-63.515455,0.));
#3904 = CIRCLE('',#3905,0.500040834725);
#3905 = AXIS2_PLACEMENT_3D('',#3906,#3907,#3908);
#3906 = CARTESIAN_POINT('',(48.065555926377,-63.94719883467,0.));
#3907 = DIRECTION('',(0.,0.,-1.));
#3908 = DIRECTION('',(-0.50449065128,0.86341715455,0.));
#3909 = ORIENTED_EDGE('',*,*,#3910,.F.);
#3910 = EDGE_CURVE('',#3911,#3902,#3913,.T.);
#3911 = VERTEX_POINT('',#3912);
#3912 = CARTESIAN_POINT('',(47.110517,-62.866878,0.));
#3913 = CIRCLE('',#3914,0.499999092786);
#3914 = AXIS2_PLACEMENT_3D('',#3915,#3916,#3917);
#3915 = CARTESIAN_POINT('',(47.561031608988,-63.08375510777,0.));
#3916 = DIRECTION('',(0.,0.,1.));
#3917 = DIRECTION('',(-0.901030852831,0.43375500256,0.));
#3918 = ORIENTED_EDGE('',*,*,#3919,.F.);
#3919 = EDGE_CURVE('',#3920,#3911,#3922,.T.);
#3920 = VERTEX_POINT('',#3921);
#3921 = CARTESIAN_POINT('',(47.160002,-62.65,0.));
#3922 = CIRCLE('',#3923,0.499989885034);
#3923 = AXIS2_PLACEMENT_3D('',#3924,#3925,#3926);
#3924 = CARTESIAN_POINT('',(46.66001211497,-62.65000192086,0.));
#3925 = DIRECTION('',(0.,0.,-1.));
#3926 = DIRECTION('',(0.999999999993,3.841811491576E-06,0.));
#3927 = ORIENTED_EDGE('',*,*,#3928,.F.);
#3928 = EDGE_CURVE('',#3929,#3920,#3931,.T.);
#3929 = VERTEX_POINT('',#3930);
#3930 = CARTESIAN_POINT('',(47.160002,-61.244316,0.));
#3931 = LINE('',#3932,#3933);
#3932 = CARTESIAN_POINT('',(47.160002,-61.244316,0.));
#3933 = VECTOR('',#3934,1.);
#3934 = DIRECTION('',(0.,-1.,0.));
#3935 = ORIENTED_EDGE('',*,*,#3936,.F.);
#3936 = EDGE_CURVE('',#3806,#3929,#3937,.T.);
#3937 = CIRCLE('',#3938,0.499989885034);
#3938 = AXIS2_PLACEMENT_3D('',#3939,#3940,#3941);
#3939 = CARTESIAN_POINT('',(46.660012114969,-61.24431407913,0.));
#3940 = DIRECTION('',(0.,0.,-1.));
#3941 = DIRECTION('',(0.901027997796,0.43376093322,0.));
#3942 = FACE_BOUND('',#3943,.F.);
#3943 = EDGE_LOOP('',(#3944));
#3944 = ORIENTED_EDGE('',*,*,#3945,.T.);
#3945 = EDGE_CURVE('',#3946,#3946,#3948,.T.);
#3946 = VERTEX_POINT('',#3947);
#3947 = CARTESIAN_POINT('',(48.885,-59.575,0.));
#3948 = CIRCLE('',#3949,2.);
#3949 = AXIS2_PLACEMENT_3D('',#3950,#3951,#3952);
#3950 = CARTESIAN_POINT('',(48.885,-57.575,0.));
#3951 = DIRECTION('',(-0.,0.,-1.));
#3952 = DIRECTION('',(-0.,-1.,0.));
#3953 = FACE_BOUND('',#3954,.F.);
#3954 = EDGE_LOOP('',(#3955));
#3955 = ORIENTED_EDGE('',*,*,#3956,.T.);
#3956 = EDGE_CURVE('',#3957,#3957,#3959,.T.);
#3957 = VERTEX_POINT('',#3958);
#3958 = CARTESIAN_POINT('',(53.965,-58.425,0.));
#3959 = CIRCLE('',#3960,0.85);
#3960 = AXIS2_PLACEMENT_3D('',#3961,#3962,#3963);
#3961 = CARTESIAN_POINT('',(53.965,-57.575,0.));
#3962 = DIRECTION('',(-0.,0.,-1.));
#3963 = DIRECTION('',(-0.,-1.,0.));
#3964 = FACE_BOUND('',#3965,.F.);
#3965 = EDGE_LOOP('',(#3966));
#3966 = ORIENTED_EDGE('',*,*,#3967,.T.);
#3967 = EDGE_CURVE('',#3968,#3968,#3970,.T.);
#3968 = VERTEX_POINT('',#3969);
#3969 = CARTESIAN_POINT('',(45.075,-55.785,0.));
#3970 = CIRCLE('',#3971,0.75);
#3971 = AXIS2_PLACEMENT_3D('',#3972,#3973,#3974);
#3972 = CARTESIAN_POINT('',(45.075,-55.035,0.));
#3973 = DIRECTION('',(-0.,0.,-1.));
#3974 = DIRECTION('',(-0.,-1.,0.));
#3975 = FACE_BOUND('',#3976,.F.);
#3976 = EDGE_LOOP('',(#3977));
#3977 = ORIENTED_EDGE('',*,*,#3978,.T.);
#3978 = EDGE_CURVE('',#3979,#3979,#3981,.T.);
#3979 = VERTEX_POINT('',#3980);
#3980 = CARTESIAN_POINT('',(51.425,-53.245,0.));
#3981 = CIRCLE('',#3982,0.75);
#3982 = AXIS2_PLACEMENT_3D('',#3983,#3984,#3985);
#3983 = CARTESIAN_POINT('',(51.425,-52.495,0.));
#3984 = DIRECTION('',(-0.,0.,-1.));
#3985 = DIRECTION('',(-0.,-1.,0.));
#3986 = FACE_BOUND('',#3987,.F.);
#3987 = EDGE_LOOP('',(#3988,#3999,#4008,#4016,#4025,#4034,#4043,#4051,
    #4060,#4069,#4078,#4086,#4095,#4104,#4113,#4121));
#3988 = ORIENTED_EDGE('',*,*,#3989,.F.);
#3989 = EDGE_CURVE('',#3990,#3992,#3994,.T.);
#3990 = VERTEX_POINT('',#3991);
#3991 = CARTESIAN_POINT('',(69.609485,-61.527438,0.));
#3992 = VERTEX_POINT('',#3993);
#3993 = CARTESIAN_POINT('',(68.906712,-60.87886,0.));
#3994 = CIRCLE('',#3995,0.499999422661);
#3995 = AXIS2_PLACEMENT_3D('',#3996,#3997,#3998);
#3996 = CARTESIAN_POINT('',(69.158970295513,-61.31056033009,0.));
#3997 = DIRECTION('',(0.,0.,1.));
#3998 = DIRECTION('',(0.901030449374,-0.433755840654,0.));
#3999 = ORIENTED_EDGE('',*,*,#4000,.F.);
#4000 = EDGE_CURVE('',#4001,#3990,#4003,.T.);
#4001 = VERTEX_POINT('',#4002);
#4002 = CARTESIAN_POINT('',(69.56,-61.744316,0.));
#4003 = CIRCLE('',#4004,0.499989885034);
#4004 = AXIS2_PLACEMENT_3D('',#4005,#4006,#4007);
#4005 = CARTESIAN_POINT('',(70.059989885031,-61.74431407913,0.));
#4006 = DIRECTION('',(0.,0.,-1.));
#4007 = DIRECTION('',(-0.999999999993,-3.841811363674E-06,-0.));
#4008 = ORIENTED_EDGE('',*,*,#4009,.F.);
#4009 = EDGE_CURVE('',#4010,#4001,#4012,.T.);
#4010 = VERTEX_POINT('',#4011);
#4011 = CARTESIAN_POINT('',(69.56,-63.15,0.));
#4012 = LINE('',#4013,#4014);
#4013 = CARTESIAN_POINT('',(69.56,-63.15,0.));
#4014 = VECTOR('',#4015,1.);
#4015 = DIRECTION('',(0.,1.,0.));
#4016 = ORIENTED_EDGE('',*,*,#4017,.F.);
#4017 = EDGE_CURVE('',#4018,#4010,#4020,.T.);
#4018 = VERTEX_POINT('',#4019);
#4019 = CARTESIAN_POINT('',(69.609485,-63.366878,0.));
#4020 = CIRCLE('',#4021,0.499989885034);
#4021 = AXIS2_PLACEMENT_3D('',#4022,#4023,#4024);
#4022 = CARTESIAN_POINT('',(70.059989885031,-63.15000192086,0.));
#4023 = DIRECTION('',(0.,0.,-1.));
#4024 = DIRECTION('',(-0.901027997796,-0.43376093322,-0.));
#4025 = ORIENTED_EDGE('',*,*,#4026,.F.);
#4026 = EDGE_CURVE('',#4027,#4018,#4029,.T.);
#4027 = VERTEX_POINT('',#4028);
#4028 = CARTESIAN_POINT('',(68.906712,-64.015457,0.));
#4029 = CIRCLE('',#4030,0.499999448976);
#4030 = AXIS2_PLACEMENT_3D('',#4031,#4032,#4033);
#4031 = CARTESIAN_POINT('',(69.158970904285,-63.58375699515,0.));
#4032 = DIRECTION('',(0.,0.,1.));
#4033 = DIRECTION('',(-0.504518364574,-0.863400961204,0.));
#4034 = ORIENTED_EDGE('',*,*,#4035,.F.);
#4035 = EDGE_CURVE('',#4036,#4027,#4038,.T.);
#4036 = VERTEX_POINT('',#4037);
#4037 = CARTESIAN_POINT('',(68.654453,-63.947158,0.));
#4038 = CIRCLE('',#4039,0.500008729226);
#4039 = AXIS2_PLACEMENT_3D('',#4040,#4041,#4042);
#4040 = CARTESIAN_POINT('',(68.654451343146,-64.44716672922,0.));
#4041 = DIRECTION('',(0.,0.,-1.));
#4042 = DIRECTION('',(3.313649317029E-06,0.999999999995,0.));
#4043 = ORIENTED_EDGE('',*,*,#4044,.F.);
#4044 = EDGE_CURVE('',#4045,#4036,#4047,.T.);
#4045 = VERTEX_POINT('',#4046);
#4046 = CARTESIAN_POINT('',(67.065549,-63.947158,0.));
#4047 = LINE('',#4048,#4049);
#4048 = CARTESIAN_POINT('',(67.065549,-63.947158,0.));
#4049 = VECTOR('',#4050,1.);
#4050 = DIRECTION('',(1.,0.,0.));
#4051 = ORIENTED_EDGE('',*,*,#4052,.F.);
#4052 = EDGE_CURVE('',#4053,#4045,#4055,.T.);
#4053 = VERTEX_POINT('',#4054);
#4054 = CARTESIAN_POINT('',(66.813291,-64.015457,0.));
#4055 = CIRCLE('',#4056,0.500008729288);
#4056 = AXIS2_PLACEMENT_3D('',#4057,#4058,#4059);
#4057 = CARTESIAN_POINT('',(67.065551656878,-64.44716672928,0.));
#4058 = DIRECTION('',(0.,0.,-1.));
#4059 = DIRECTION('',(-0.504512505685,0.863404384751,0.));
#4060 = ORIENTED_EDGE('',*,*,#4061,.F.);
#4061 = EDGE_CURVE('',#4062,#4053,#4064,.T.);
#4062 = VERTEX_POINT('',#4063);
#4063 = CARTESIAN_POINT('',(66.110517,-63.366878,0.));
#4064 = CIRCLE('',#4065,0.500000669307);
#4065 = AXIS2_PLACEMENT_3D('',#4066,#4067,#4068);
#4066 = CARTESIAN_POINT('',(66.561033535509,-63.58375474043,0.));
#4067 = DIRECTION('',(0.,0.,1.));
#4068 = DIRECTION('',(-0.901031864884,0.433752900236,0.));
#4069 = ORIENTED_EDGE('',*,*,#4070,.F.);
#4070 = EDGE_CURVE('',#4071,#4062,#4073,.T.);
#4071 = VERTEX_POINT('',#4072);
#4072 = CARTESIAN_POINT('',(66.160002,-63.150001,0.));
#4073 = CIRCLE('',#4074,0.499989884978);
#4074 = AXIS2_PLACEMENT_3D('',#4075,#4076,#4077);
#4075 = CARTESIAN_POINT('',(65.660012115023,-63.15000192088,0.));
#4076 = DIRECTION('',(0.,0.,-1.));
#4077 = DIRECTION('',(0.999999999998,1.841808596201E-06,0.));
#4078 = ORIENTED_EDGE('',*,*,#4079,.F.);
#4079 = EDGE_CURVE('',#4080,#4071,#4082,.T.);
#4080 = VERTEX_POINT('',#4081);
#4081 = CARTESIAN_POINT('',(66.160002,-61.744316,0.));
#4082 = LINE('',#4083,#4084);
#4083 = CARTESIAN_POINT('',(66.160002,-61.744316,0.));
#4084 = VECTOR('',#4085,1.);
#4085 = DIRECTION('',(0.,-1.,0.));
#4086 = ORIENTED_EDGE('',*,*,#4087,.F.);
#4087 = EDGE_CURVE('',#4088,#4080,#4090,.T.);
#4088 = VERTEX_POINT('',#4089);
#4089 = CARTESIAN_POINT('',(66.110517,-61.527438,0.));
#4090 = CIRCLE('',#4091,0.499989885034);
#4091 = AXIS2_PLACEMENT_3D('',#4092,#4093,#4094);
#4092 = CARTESIAN_POINT('',(65.660012114969,-61.74431407913,0.));
#4093 = DIRECTION('',(0.,0.,-1.));
#4094 = DIRECTION('',(0.901027997796,0.43376093322,0.));
#4095 = ORIENTED_EDGE('',*,*,#4096,.F.);
#4096 = EDGE_CURVE('',#4097,#4088,#4099,.T.);
#4097 = VERTEX_POINT('',#4098);
#4098 = CARTESIAN_POINT('',(66.81329,-60.878859,0.));
#4099 = CIRCLE('',#4100,0.499999729127);
#4100 = AXIS2_PLACEMENT_3D('',#4101,#4102,#4103);
#4101 = CARTESIAN_POINT('',(66.561031745676,-61.31055970911,0.));
#4102 = DIRECTION('',(0.,0.,1.));
#4103 = DIRECTION('',(0.504516781969,0.863401885979,-0.));
#4104 = ORIENTED_EDGE('',*,*,#4105,.F.);
#4105 = EDGE_CURVE('',#4106,#4097,#4108,.T.);
#4106 = VERTEX_POINT('',#4107);
#4107 = CARTESIAN_POINT('',(67.065548,-60.947158,0.));
#4108 = CIRCLE('',#4109,0.500008729288);
#4109 = AXIS2_PLACEMENT_3D('',#4110,#4111,#4112);
#4110 = CARTESIAN_POINT('',(67.065550656878,-60.44714927071,0.));
#4111 = DIRECTION('',(0.,0.,-1.));
#4112 = DIRECTION('',(-5.313662796351E-06,-0.999999999986,-0.));
#4113 = ORIENTED_EDGE('',*,*,#4114,.F.);
#4114 = EDGE_CURVE('',#4115,#4106,#4117,.T.);
#4115 = VERTEX_POINT('',#4116);
#4116 = CARTESIAN_POINT('',(68.654454,-60.947159,0.));
#4117 = LINE('',#4118,#4119);
#4118 = CARTESIAN_POINT('',(68.654454,-60.947159,0.));
#4119 = VECTOR('',#4120,1.);
#4120 = DIRECTION('',(-1.,6.29363850017E-07,0.));
#4121 = ORIENTED_EDGE('',*,*,#4122,.F.);
#4122 = EDGE_CURVE('',#3992,#4115,#4123,.T.);
#4123 = CIRCLE('',#4124,0.500008729288);
#4124 = AXIS2_PLACEMENT_3D('',#4125,#4126,#4127);
#4125 = CARTESIAN_POINT('',(68.654451343122,-60.44715027071,0.));
#4126 = DIRECTION('',(0.,0.,-1.));
#4127 = DIRECTION('',(0.504512505685,-0.863404384751,0.));
#4128 = FACE_BOUND('',#4129,.F.);
#4129 = EDGE_LOOP('',(#4130));
#4130 = ORIENTED_EDGE('',*,*,#4131,.T.);
#4131 = EDGE_CURVE('',#4132,#4132,#4134,.T.);
#4132 = VERTEX_POINT('',#4133);
#4133 = CARTESIAN_POINT('',(62.855,-58.425,0.));
#4134 = CIRCLE('',#4135,0.85);
#4135 = AXIS2_PLACEMENT_3D('',#4136,#4137,#4138);
#4136 = CARTESIAN_POINT('',(62.855,-57.575,0.));
#4137 = DIRECTION('',(-0.,0.,-1.));
#4138 = DIRECTION('',(-8.35932630306E-15,-1.,0.));
#4139 = FACE_BOUND('',#4140,.F.);
#4140 = EDGE_LOOP('',(#4141));
#4141 = ORIENTED_EDGE('',*,*,#4142,.T.);
#4142 = EDGE_CURVE('',#4143,#4143,#4145,.T.);
#4143 = VERTEX_POINT('',#4144);
#4144 = CARTESIAN_POINT('',(67.935,-59.575,0.));
#4145 = CIRCLE('',#4146,2.);
#4146 = AXIS2_PLACEMENT_3D('',#4147,#4148,#4149);
#4147 = CARTESIAN_POINT('',(67.935,-57.575,0.));
#4148 = DIRECTION('',(-0.,0.,-1.));
#4149 = DIRECTION('',(-0.,-1.,0.));
#4150 = FACE_BOUND('',#4151,.F.);
#4151 = EDGE_LOOP('',(#4152));
#4152 = ORIENTED_EDGE('',*,*,#4153,.T.);
#4153 = EDGE_CURVE('',#4154,#4154,#4156,.T.);
#4154 = VERTEX_POINT('',#4155);
#4155 = CARTESIAN_POINT('',(73.015,-58.425,0.));
#4156 = CIRCLE('',#4157,0.85);
#4157 = AXIS2_PLACEMENT_3D('',#4158,#4159,#4160);
#4158 = CARTESIAN_POINT('',(73.015,-57.575,0.));
#4159 = DIRECTION('',(-0.,0.,-1.));
#4160 = DIRECTION('',(-0.,-1.,0.));
#4161 = FACE_BOUND('',#4162,.F.);
#4162 = EDGE_LOOP('',(#4163));
#4163 = ORIENTED_EDGE('',*,*,#4164,.T.);
#4164 = EDGE_CURVE('',#4165,#4165,#4167,.T.);
#4165 = VERTEX_POINT('',#4166);
#4166 = CARTESIAN_POINT('',(64.125,-55.785,0.));
#4167 = CIRCLE('',#4168,0.75);
#4168 = AXIS2_PLACEMENT_3D('',#4169,#4170,#4171);
#4169 = CARTESIAN_POINT('',(64.125,-55.035,0.));
#4170 = DIRECTION('',(-0.,0.,-1.));
#4171 = DIRECTION('',(-0.,-1.,0.));
#4172 = FACE_BOUND('',#4173,.F.);
#4173 = EDGE_LOOP('',(#4174));
#4174 = ORIENTED_EDGE('',*,*,#4175,.T.);
#4175 = EDGE_CURVE('',#4176,#4176,#4178,.T.);
#4176 = VERTEX_POINT('',#4177);
#4177 = CARTESIAN_POINT('',(70.475,-53.245,0.));
#4178 = CIRCLE('',#4179,0.75);
#4179 = AXIS2_PLACEMENT_3D('',#4180,#4181,#4182);
#4180 = CARTESIAN_POINT('',(70.475,-52.495,0.));
#4181 = DIRECTION('',(-0.,0.,-1.));
#4182 = DIRECTION('',(-0.,-1.,0.));
#4183 = FACE_BOUND('',#4184,.F.);
#4184 = EDGE_LOOP('',(#4185));
#4185 = ORIENTED_EDGE('',*,*,#4186,.T.);
#4186 = EDGE_CURVE('',#4187,#4187,#4189,.T.);
#4187 = VERTEX_POINT('',#4188);
#4188 = CARTESIAN_POINT('',(41.12,-39.87,0.));
#4189 = CIRCLE('',#4190,0.5);
#4190 = AXIS2_PLACEMENT_3D('',#4191,#4192,#4193);
#4191 = CARTESIAN_POINT('',(41.12,-39.37,0.));
#4192 = DIRECTION('',(-0.,0.,-1.));
#4193 = DIRECTION('',(-0.,-1.,0.));
#4194 = FACE_BOUND('',#4195,.F.);
#4195 = EDGE_LOOP('',(#4196));
#4196 = ORIENTED_EDGE('',*,*,#4197,.T.);
#4197 = EDGE_CURVE('',#4198,#4198,#4200,.T.);
#4198 = VERTEX_POINT('',#4199);
#4199 = CARTESIAN_POINT('',(41.12,-37.33,0.));
#4200 = CIRCLE('',#4201,0.5);
#4201 = AXIS2_PLACEMENT_3D('',#4202,#4203,#4204);
#4202 = CARTESIAN_POINT('',(41.12,-36.83,0.));
#4203 = DIRECTION('',(-0.,0.,-1.));
#4204 = DIRECTION('',(-0.,-1.,0.));
#4205 = FACE_BOUND('',#4206,.F.);
#4206 = EDGE_LOOP('',(#4207));
#4207 = ORIENTED_EDGE('',*,*,#4208,.T.);
#4208 = EDGE_CURVE('',#4209,#4209,#4211,.T.);
#4209 = VERTEX_POINT('',#4210);
#4210 = CARTESIAN_POINT('',(41.12,-34.79,0.));
#4211 = CIRCLE('',#4212,0.5);
#4212 = AXIS2_PLACEMENT_3D('',#4213,#4214,#4215);
#4213 = CARTESIAN_POINT('',(41.12,-34.29,0.));
#4214 = DIRECTION('',(-0.,0.,-1.));
#4215 = DIRECTION('',(-0.,-1.,0.));
#4216 = FACE_BOUND('',#4217,.F.);
#4217 = EDGE_LOOP('',(#4218));
#4218 = ORIENTED_EDGE('',*,*,#4219,.T.);
#4219 = EDGE_CURVE('',#4220,#4220,#4222,.T.);
#4220 = VERTEX_POINT('',#4221);
#4221 = CARTESIAN_POINT('',(41.12,-32.25,0.));
#4222 = CIRCLE('',#4223,0.5);
#4223 = AXIS2_PLACEMENT_3D('',#4224,#4225,#4226);
#4224 = CARTESIAN_POINT('',(41.12,-31.75,0.));
#4225 = DIRECTION('',(-0.,0.,-1.));
#4226 = DIRECTION('',(-0.,-1.,0.));
#4227 = FACE_BOUND('',#4228,.F.);
#4228 = EDGE_LOOP('',(#4229));
#4229 = ORIENTED_EDGE('',*,*,#4230,.T.);
#4230 = EDGE_CURVE('',#4231,#4231,#4233,.T.);
#4231 = VERTEX_POINT('',#4232);
#4232 = CARTESIAN_POINT('',(36.2932,-26.5528,0.));
#4233 = CIRCLE('',#4234,1.6);
#4234 = AXIS2_PLACEMENT_3D('',#4235,#4236,#4237);
#4235 = CARTESIAN_POINT('',(36.2932,-24.9528,0.));
#4236 = DIRECTION('',(-0.,0.,-1.));
#4237 = DIRECTION('',(-0.,-1.,0.));
#4238 = FACE_BOUND('',#4239,.F.);
#4239 = EDGE_LOOP('',(#4240,#4251,#4260,#4268,#4277,#4286,#4295,#4303,
    #4312,#4321,#4330,#4338,#4347,#4356,#4365,#4373));
#4240 = ORIENTED_EDGE('',*,*,#4241,.F.);
#4241 = EDGE_CURVE('',#4242,#4244,#4246,.T.);
#4242 = VERTEX_POINT('',#4243);
#4243 = CARTESIAN_POINT('',(89.009485,-61.380238,0.));
#4244 = VERTEX_POINT('',#4245);
#4245 = CARTESIAN_POINT('',(88.306712,-60.73166,0.));
#4246 = CIRCLE('',#4247,0.499999422661);
#4247 = AXIS2_PLACEMENT_3D('',#4248,#4249,#4250);
#4248 = CARTESIAN_POINT('',(88.558970295513,-61.16336033009,0.));
#4249 = DIRECTION('',(0.,0.,1.));
#4250 = DIRECTION('',(0.901030449374,-0.433755840654,0.));
#4251 = ORIENTED_EDGE('',*,*,#4252,.F.);
#4252 = EDGE_CURVE('',#4253,#4242,#4255,.T.);
#4253 = VERTEX_POINT('',#4254);
#4254 = CARTESIAN_POINT('',(88.96,-61.597115,0.));
#4255 = CIRCLE('',#4256,0.499989884978);
#4256 = AXIS2_PLACEMENT_3D('',#4257,#4258,#4259);
#4257 = CARTESIAN_POINT('',(89.459989884977,-61.59711407911,0.));
#4258 = DIRECTION('',(0.,0.,-1.));
#4259 = DIRECTION('',(-0.999999999998,-1.841808638834E-06,-0.));
#4260 = ORIENTED_EDGE('',*,*,#4261,.F.);
#4261 = EDGE_CURVE('',#4262,#4253,#4264,.T.);
#4262 = VERTEX_POINT('',#4263);
#4263 = CARTESIAN_POINT('',(88.96,-63.0028,0.));
#4264 = LINE('',#4265,#4266);
#4265 = CARTESIAN_POINT('',(88.96,-63.0028,0.));
#4266 = VECTOR('',#4267,1.);
#4267 = DIRECTION('',(0.,1.,0.));
#4268 = ORIENTED_EDGE('',*,*,#4269,.F.);
#4269 = EDGE_CURVE('',#4270,#4262,#4272,.T.);
#4270 = VERTEX_POINT('',#4271);
#4271 = CARTESIAN_POINT('',(89.009485,-63.219678,0.));
#4272 = CIRCLE('',#4273,0.499989885034);
#4273 = AXIS2_PLACEMENT_3D('',#4274,#4275,#4276);
#4274 = CARTESIAN_POINT('',(89.459989885031,-63.00280192086,0.));
#4275 = DIRECTION('',(0.,0.,-1.));
#4276 = DIRECTION('',(-0.901027997796,-0.43376093322,-0.));
#4277 = ORIENTED_EDGE('',*,*,#4278,.F.);
#4278 = EDGE_CURVE('',#4279,#4270,#4281,.T.);
#4279 = VERTEX_POINT('',#4280);
#4280 = CARTESIAN_POINT('',(88.306712,-63.868257,0.));
#4281 = CIRCLE('',#4282,0.499999448976);
#4282 = AXIS2_PLACEMENT_3D('',#4283,#4284,#4285);
#4283 = CARTESIAN_POINT('',(88.558970904285,-63.43655699515,0.));
#4284 = DIRECTION('',(0.,0.,1.));
#4285 = DIRECTION('',(-0.504518364574,-0.863400961204,0.));
#4286 = ORIENTED_EDGE('',*,*,#4287,.F.);
#4287 = EDGE_CURVE('',#4288,#4279,#4290,.T.);
#4288 = VERTEX_POINT('',#4289);
#4289 = CARTESIAN_POINT('',(88.054453,-63.799958,0.));
#4290 = CIRCLE('',#4291,0.500008729226);
#4291 = AXIS2_PLACEMENT_3D('',#4292,#4293,#4294);
#4292 = CARTESIAN_POINT('',(88.054451343146,-64.29996672922,0.));
#4293 = DIRECTION('',(0.,0.,-1.));
#4294 = DIRECTION('',(3.31364934545E-06,0.999999999995,0.));
#4295 = ORIENTED_EDGE('',*,*,#4296,.F.);
#4296 = EDGE_CURVE('',#4297,#4288,#4299,.T.);
#4297 = VERTEX_POINT('',#4298);
#4298 = CARTESIAN_POINT('',(86.465549,-63.799958,0.));
#4299 = LINE('',#4300,#4301);
#4300 = CARTESIAN_POINT('',(86.465549,-63.799958,0.));
#4301 = VECTOR('',#4302,1.);
#4302 = DIRECTION('',(1.,0.,0.));
#4303 = ORIENTED_EDGE('',*,*,#4304,.F.);
#4304 = EDGE_CURVE('',#4305,#4297,#4307,.T.);
#4305 = VERTEX_POINT('',#4306);
#4306 = CARTESIAN_POINT('',(86.213291,-63.868257,0.));
#4307 = CIRCLE('',#4308,0.500008729288);
#4308 = AXIS2_PLACEMENT_3D('',#4309,#4310,#4311);
#4309 = CARTESIAN_POINT('',(86.465551656878,-64.29996672928,0.));
#4310 = DIRECTION('',(0.,0.,-1.));
#4311 = DIRECTION('',(-0.504512505685,0.863404384751,0.));
#4312 = ORIENTED_EDGE('',*,*,#4313,.F.);
#4313 = EDGE_CURVE('',#4314,#4305,#4316,.T.);
#4314 = VERTEX_POINT('',#4315);
#4315 = CARTESIAN_POINT('',(85.510517,-63.219678,0.));
#4316 = CIRCLE('',#4317,0.500000669307);
#4317 = AXIS2_PLACEMENT_3D('',#4318,#4319,#4320);
#4318 = CARTESIAN_POINT('',(85.961033535509,-63.43655474043,0.));
#4319 = DIRECTION('',(0.,0.,1.));
#4320 = DIRECTION('',(-0.901031864884,0.433752900236,0.));
#4321 = ORIENTED_EDGE('',*,*,#4322,.F.);
#4322 = EDGE_CURVE('',#4323,#4314,#4325,.T.);
#4323 = VERTEX_POINT('',#4324);
#4324 = CARTESIAN_POINT('',(85.560002,-63.0028,0.));
#4325 = CIRCLE('',#4326,0.499989885034);
#4326 = AXIS2_PLACEMENT_3D('',#4327,#4328,#4329);
#4327 = CARTESIAN_POINT('',(85.060012114969,-63.00280192086,0.));
#4328 = DIRECTION('',(0.,0.,-1.));
#4329 = DIRECTION('',(0.999999999993,3.841811392097E-06,0.));
#4330 = ORIENTED_EDGE('',*,*,#4331,.F.);
#4331 = EDGE_CURVE('',#4332,#4323,#4334,.T.);
#4332 = VERTEX_POINT('',#4333);
#4333 = CARTESIAN_POINT('',(85.560002,-61.597116,0.));
#4334 = LINE('',#4335,#4336);
#4335 = CARTESIAN_POINT('',(85.560002,-61.597116,0.));
#4336 = VECTOR('',#4337,1.);
#4337 = DIRECTION('',(0.,-1.,0.));
#4338 = ORIENTED_EDGE('',*,*,#4339,.F.);
#4339 = EDGE_CURVE('',#4340,#4332,#4342,.T.);
#4340 = VERTEX_POINT('',#4341);
#4341 = CARTESIAN_POINT('',(85.510517,-61.380238,0.));
#4342 = CIRCLE('',#4343,0.499989885034);
#4343 = AXIS2_PLACEMENT_3D('',#4344,#4345,#4346);
#4344 = CARTESIAN_POINT('',(85.060012114969,-61.59711407913,0.));
#4345 = DIRECTION('',(0.,0.,-1.));
#4346 = DIRECTION('',(0.901027997796,0.43376093322,0.));
#4347 = ORIENTED_EDGE('',*,*,#4348,.F.);
#4348 = EDGE_CURVE('',#4349,#4340,#4351,.T.);
#4349 = VERTEX_POINT('',#4350);
#4350 = CARTESIAN_POINT('',(86.21329,-60.731659,0.));
#4351 = CIRCLE('',#4352,0.499999729127);
#4352 = AXIS2_PLACEMENT_3D('',#4353,#4354,#4355);
#4353 = CARTESIAN_POINT('',(85.961031745676,-61.16335970911,0.));
#4354 = DIRECTION('',(0.,0.,1.));
#4355 = DIRECTION('',(0.504516781969,0.863401885979,-0.));
#4356 = ORIENTED_EDGE('',*,*,#4357,.F.);
#4357 = EDGE_CURVE('',#4358,#4349,#4360,.T.);
#4358 = VERTEX_POINT('',#4359);
#4359 = CARTESIAN_POINT('',(86.465548,-60.799958,0.));
#4360 = CIRCLE('',#4361,0.500008729288);
#4361 = AXIS2_PLACEMENT_3D('',#4362,#4363,#4364);
#4362 = CARTESIAN_POINT('',(86.465550656878,-60.29994927071,0.));
#4363 = DIRECTION('',(0.,0.,-1.));
#4364 = DIRECTION('',(-5.31366276793E-06,-0.999999999986,-0.));
#4365 = ORIENTED_EDGE('',*,*,#4366,.F.);
#4366 = EDGE_CURVE('',#4367,#4358,#4369,.T.);
#4367 = VERTEX_POINT('',#4368);
#4368 = CARTESIAN_POINT('',(88.054454,-60.799959,0.));
#4369 = LINE('',#4370,#4371);
#4370 = CARTESIAN_POINT('',(88.054454,-60.799959,0.));
#4371 = VECTOR('',#4372,1.);
#4372 = DIRECTION('',(-1.,6.293638544889E-07,0.));
#4373 = ORIENTED_EDGE('',*,*,#4374,.F.);
#4374 = EDGE_CURVE('',#4244,#4367,#4375,.T.);
#4375 = CIRCLE('',#4376,0.500008729288);
#4376 = AXIS2_PLACEMENT_3D('',#4377,#4378,#4379);
#4377 = CARTESIAN_POINT('',(88.054451343122,-60.29995027071,0.));
#4378 = DIRECTION('',(0.,0.,-1.));
#4379 = DIRECTION('',(0.504512505685,-0.863404384751,0.));
#4380 = FACE_BOUND('',#4381,.F.);
#4381 = EDGE_LOOP('',(#4382));
#4382 = ORIENTED_EDGE('',*,*,#4383,.T.);
#4383 = EDGE_CURVE('',#4384,#4384,#4386,.T.);
#4384 = VERTEX_POINT('',#4385);
#4385 = CARTESIAN_POINT('',(81.905,-58.425,0.));
#4386 = CIRCLE('',#4387,0.85);
#4387 = AXIS2_PLACEMENT_3D('',#4388,#4389,#4390);
#4388 = CARTESIAN_POINT('',(81.905,-57.575,0.));
#4389 = DIRECTION('',(-0.,0.,-1.));
#4390 = DIRECTION('',(-0.,-1.,0.));
#4391 = FACE_BOUND('',#4392,.F.);
#4392 = EDGE_LOOP('',(#4393));
#4393 = ORIENTED_EDGE('',*,*,#4394,.T.);
#4394 = EDGE_CURVE('',#4395,#4395,#4397,.T.);
#4395 = VERTEX_POINT('',#4396);
#4396 = CARTESIAN_POINT('',(86.985,-59.575,0.));
#4397 = CIRCLE('',#4398,2.);
#4398 = AXIS2_PLACEMENT_3D('',#4399,#4400,#4401);
#4399 = CARTESIAN_POINT('',(86.985,-57.575,0.));
#4400 = DIRECTION('',(-0.,0.,-1.));
#4401 = DIRECTION('',(-0.,-1.,0.));
#4402 = FACE_BOUND('',#4403,.F.);
#4403 = EDGE_LOOP('',(#4404));
#4404 = ORIENTED_EDGE('',*,*,#4405,.T.);
#4405 = EDGE_CURVE('',#4406,#4406,#4408,.T.);
#4406 = VERTEX_POINT('',#4407);
#4407 = CARTESIAN_POINT('',(92.065,-58.425,0.));
#4408 = CIRCLE('',#4409,0.85);
#4409 = AXIS2_PLACEMENT_3D('',#4410,#4411,#4412);
#4410 = CARTESIAN_POINT('',(92.065,-57.575,0.));
#4411 = DIRECTION('',(-0.,0.,-1.));
#4412 = DIRECTION('',(-0.,-1.,0.));
#4413 = FACE_BOUND('',#4414,.F.);
#4414 = EDGE_LOOP('',(#4415));
#4415 = ORIENTED_EDGE('',*,*,#4416,.T.);
#4416 = EDGE_CURVE('',#4417,#4417,#4419,.T.);
#4417 = VERTEX_POINT('',#4418);
#4418 = CARTESIAN_POINT('',(83.175,-55.785,0.));
#4419 = CIRCLE('',#4420,0.75);
#4420 = AXIS2_PLACEMENT_3D('',#4421,#4422,#4423);
#4421 = CARTESIAN_POINT('',(83.175,-55.035,0.));
#4422 = DIRECTION('',(-0.,0.,-1.));
#4423 = DIRECTION('',(-0.,-1.,0.));
#4424 = FACE_BOUND('',#4425,.F.);
#4425 = EDGE_LOOP('',(#4426));
#4426 = ORIENTED_EDGE('',*,*,#4427,.T.);
#4427 = EDGE_CURVE('',#4428,#4428,#4430,.T.);
#4428 = VERTEX_POINT('',#4429);
#4429 = CARTESIAN_POINT('',(89.525,-53.245,0.));
#4430 = CIRCLE('',#4431,0.75);
#4431 = AXIS2_PLACEMENT_3D('',#4432,#4433,#4434);
#4432 = CARTESIAN_POINT('',(89.525,-52.495,0.));
#4433 = DIRECTION('',(-0.,0.,-1.));
#4434 = DIRECTION('',(-0.,-1.,0.));
#4435 = FACE_BOUND('',#4436,.F.);
#4436 = EDGE_LOOP('',(#4437));
#4437 = ORIENTED_EDGE('',*,*,#4438,.T.);
#4438 = EDGE_CURVE('',#4439,#4439,#4441,.T.);
#4439 = VERTEX_POINT('',#4440);
#4440 = CARTESIAN_POINT('',(105.31,-62.0125,0.));
#4441 = CIRCLE('',#4442,0.4);
#4442 = AXIS2_PLACEMENT_3D('',#4443,#4444,#4445);
#4443 = CARTESIAN_POINT('',(105.31,-61.6125,0.));
#4444 = DIRECTION('',(-0.,0.,-1.));
#4445 = DIRECTION('',(-0.,-1.,0.));
#4446 = FACE_BOUND('',#4447,.F.);
#4447 = EDGE_LOOP('',(#4448));
#4448 = ORIENTED_EDGE('',*,*,#4449,.T.);
#4449 = EDGE_CURVE('',#4450,#4450,#4452,.T.);
#4450 = VERTEX_POINT('',#4451);
#4451 = CARTESIAN_POINT('',(112.93,-62.0125,0.));
#4452 = CIRCLE('',#4453,0.4);
#4453 = AXIS2_PLACEMENT_3D('',#4454,#4455,#4456);
#4454 = CARTESIAN_POINT('',(112.93,-61.6125,0.));
#4455 = DIRECTION('',(-0.,0.,-1.));
#4456 = DIRECTION('',(-0.,-1.,0.));
#4457 = FACE_BOUND('',#4458,.F.);
#4458 = EDGE_LOOP('',(#4459));
#4459 = ORIENTED_EDGE('',*,*,#4460,.T.);
#4460 = EDGE_CURVE('',#4461,#4461,#4463,.T.);
#4461 = VERTEX_POINT('',#4462);
#4462 = CARTESIAN_POINT('',(105.31,-55.7,0.));
#4463 = CIRCLE('',#4464,0.4);
#4464 = AXIS2_PLACEMENT_3D('',#4465,#4466,#4467);
#4465 = CARTESIAN_POINT('',(105.31,-55.3,0.));
#4466 = DIRECTION('',(-0.,0.,-1.));
#4467 = DIRECTION('',(-0.,-1.,0.));
#4468 = FACE_BOUND('',#4469,.F.);
#4469 = EDGE_LOOP('',(#4470));
#4470 = ORIENTED_EDGE('',*,*,#4471,.T.);
#4471 = EDGE_CURVE('',#4472,#4472,#4474,.T.);
#4472 = VERTEX_POINT('',#4473);
#4473 = CARTESIAN_POINT('',(112.93,-55.7,0.));
#4474 = CIRCLE('',#4475,0.4);
#4475 = AXIS2_PLACEMENT_3D('',#4476,#4477,#4478);
#4476 = CARTESIAN_POINT('',(112.93,-55.3,0.));
#4477 = DIRECTION('',(-0.,0.,-1.));
#4478 = DIRECTION('',(-0.,-1.,0.));
#4479 = FACE_BOUND('',#4480,.F.);
#4480 = EDGE_LOOP('',(#4481));
#4481 = ORIENTED_EDGE('',*,*,#4482,.T.);
#4482 = EDGE_CURVE('',#4483,#4483,#4485,.T.);
#4483 = VERTEX_POINT('',#4484);
#4484 = CARTESIAN_POINT('',(105.31,-49.3875,0.));
#4485 = CIRCLE('',#4486,0.4);
#4486 = AXIS2_PLACEMENT_3D('',#4487,#4488,#4489);
#4487 = CARTESIAN_POINT('',(105.31,-48.9875,0.));
#4488 = DIRECTION('',(-0.,0.,-1.));
#4489 = DIRECTION('',(-0.,-1.,0.));
#4490 = FACE_BOUND('',#4491,.F.);
#4491 = EDGE_LOOP('',(#4492));
#4492 = ORIENTED_EDGE('',*,*,#4493,.T.);
#4493 = EDGE_CURVE('',#4494,#4494,#4496,.T.);
#4494 = VERTEX_POINT('',#4495);
#4495 = CARTESIAN_POINT('',(112.93,-49.3875,0.));
#4496 = CIRCLE('',#4497,0.4);
#4497 = AXIS2_PLACEMENT_3D('',#4498,#4499,#4500);
#4498 = CARTESIAN_POINT('',(112.93,-48.9875,0.));
#4499 = DIRECTION('',(-0.,0.,-1.));
#4500 = DIRECTION('',(-0.,-1.,0.));
#4501 = FACE_BOUND('',#4502,.F.);
#4502 = EDGE_LOOP('',(#4503));
#4503 = ORIENTED_EDGE('',*,*,#4504,.T.);
#4504 = EDGE_CURVE('',#4505,#4505,#4507,.T.);
#4505 = VERTEX_POINT('',#4506);
#4506 = CARTESIAN_POINT('',(87.11,-39.05,0.));
#4507 = CIRCLE('',#4508,0.5);
#4508 = AXIS2_PLACEMENT_3D('',#4509,#4510,#4511);
#4509 = CARTESIAN_POINT('',(87.11,-38.55,0.));
#4510 = DIRECTION('',(-0.,0.,-1.));
#4511 = DIRECTION('',(-0.,-1.,0.));
#4512 = FACE_BOUND('',#4513,.F.);
#4513 = EDGE_LOOP('',(#4514));
#4514 = ORIENTED_EDGE('',*,*,#4515,.T.);
#4515 = EDGE_CURVE('',#4516,#4516,#4518,.T.);
#4516 = VERTEX_POINT('',#4517);
#4517 = CARTESIAN_POINT('',(87.11,-36.55,0.));
#4518 = CIRCLE('',#4519,0.5);
#4519 = AXIS2_PLACEMENT_3D('',#4520,#4521,#4522);
#4520 = CARTESIAN_POINT('',(87.11,-36.05,0.));
#4521 = DIRECTION('',(-0.,0.,-1.));
#4522 = DIRECTION('',(-0.,-1.,0.));
#4523 = FACE_BOUND('',#4524,.F.);
#4524 = EDGE_LOOP('',(#4525,#4536,#4544,#4553));
#4525 = ORIENTED_EDGE('',*,*,#4526,.T.);
#4526 = EDGE_CURVE('',#4527,#4529,#4531,.T.);
#4527 = VERTEX_POINT('',#4528);
#4528 = CARTESIAN_POINT('',(95.26,-40.9,0.));
#4529 = VERTEX_POINT('',#4530);
#4530 = CARTESIAN_POINT('',(95.26,-42.4,0.));
#4531 = CIRCLE('',#4532,0.75);
#4532 = AXIS2_PLACEMENT_3D('',#4533,#4534,#4535);
#4533 = CARTESIAN_POINT('',(95.26,-41.65,0.));
#4534 = DIRECTION('',(-0.,0.,-1.));
#4535 = DIRECTION('',(-0.,-1.,0.));
#4536 = ORIENTED_EDGE('',*,*,#4537,.T.);
#4537 = EDGE_CURVE('',#4529,#4538,#4540,.T.);
#4538 = VERTEX_POINT('',#4539);
#4539 = CARTESIAN_POINT('',(93.96,-42.4,0.));
#4540 = LINE('',#4541,#4542);
#4541 = CARTESIAN_POINT('',(46.98,-42.4,0.));
#4542 = VECTOR('',#4543,1.);
#4543 = DIRECTION('',(-1.,0.,0.));
#4544 = ORIENTED_EDGE('',*,*,#4545,.T.);
#4545 = EDGE_CURVE('',#4538,#4546,#4548,.T.);
#4546 = VERTEX_POINT('',#4547);
#4547 = CARTESIAN_POINT('',(93.96,-40.9,0.));
#4548 = CIRCLE('',#4549,0.75);
#4549 = AXIS2_PLACEMENT_3D('',#4550,#4551,#4552);
#4550 = CARTESIAN_POINT('',(93.96,-41.65,0.));
#4551 = DIRECTION('',(-0.,0.,-1.));
#4552 = DIRECTION('',(0.,1.,0.));
#4553 = ORIENTED_EDGE('',*,*,#4554,.T.);
#4554 = EDGE_CURVE('',#4546,#4527,#4555,.T.);
#4555 = LINE('',#4556,#4557);
#4556 = CARTESIAN_POINT('',(47.63,-40.9,0.));
#4557 = VECTOR('',#4558,1.);
#4558 = DIRECTION('',(1.,0.,-0.));
#4559 = FACE_BOUND('',#4560,.F.);
#4560 = EDGE_LOOP('',(#4561));
#4561 = ORIENTED_EDGE('',*,*,#4562,.T.);
#4562 = EDGE_CURVE('',#4563,#4563,#4565,.T.);
#4563 = VERTEX_POINT('',#4564);
#4564 = CARTESIAN_POINT('',(101.61,-39.05,0.));
#4565 = CIRCLE('',#4566,0.5);
#4566 = AXIS2_PLACEMENT_3D('',#4567,#4568,#4569);
#4567 = CARTESIAN_POINT('',(101.61,-38.55,0.));
#4568 = DIRECTION('',(-0.,0.,-1.));
#4569 = DIRECTION('',(-0.,-1.,0.));
#4570 = FACE_BOUND('',#4571,.F.);
#4571 = EDGE_LOOP('',(#4572));
#4572 = ORIENTED_EDGE('',*,*,#4573,.T.);
#4573 = EDGE_CURVE('',#4574,#4574,#4576,.T.);
#4574 = VERTEX_POINT('',#4575);
#4575 = CARTESIAN_POINT('',(87.11,-34.05,0.));
#4576 = CIRCLE('',#4577,0.5);
#4577 = AXIS2_PLACEMENT_3D('',#4578,#4579,#4580);
#4578 = CARTESIAN_POINT('',(87.11,-33.55,0.));
#4579 = DIRECTION('',(-0.,0.,-1.));
#4580 = DIRECTION('',(-0.,-1.,0.));
#4581 = FACE_BOUND('',#4582,.F.);
#4582 = EDGE_LOOP('',(#4583,#4594,#4602,#4611));
#4583 = ORIENTED_EDGE('',*,*,#4584,.T.);
#4584 = EDGE_CURVE('',#4585,#4587,#4589,.T.);
#4585 = VERTEX_POINT('',#4586);
#4586 = CARTESIAN_POINT('',(95.26,-29.7,0.));
#4587 = VERTEX_POINT('',#4588);
#4588 = CARTESIAN_POINT('',(95.26,-31.2,0.));
#4589 = CIRCLE('',#4590,0.75);
#4590 = AXIS2_PLACEMENT_3D('',#4591,#4592,#4593);
#4591 = CARTESIAN_POINT('',(95.26,-30.45,0.));
#4592 = DIRECTION('',(-0.,0.,-1.));
#4593 = DIRECTION('',(-0.,-1.,0.));
#4594 = ORIENTED_EDGE('',*,*,#4595,.T.);
#4595 = EDGE_CURVE('',#4587,#4596,#4598,.T.);
#4596 = VERTEX_POINT('',#4597);
#4597 = CARTESIAN_POINT('',(93.96,-31.2,0.));
#4598 = LINE('',#4599,#4600);
#4599 = CARTESIAN_POINT('',(46.98,-31.2,0.));
#4600 = VECTOR('',#4601,1.);
#4601 = DIRECTION('',(-1.,0.,0.));
#4602 = ORIENTED_EDGE('',*,*,#4603,.T.);
#4603 = EDGE_CURVE('',#4596,#4604,#4606,.T.);
#4604 = VERTEX_POINT('',#4605);
#4605 = CARTESIAN_POINT('',(93.96,-29.7,0.));
#4606 = CIRCLE('',#4607,0.75);
#4607 = AXIS2_PLACEMENT_3D('',#4608,#4609,#4610);
#4608 = CARTESIAN_POINT('',(93.96,-30.45,0.));
#4609 = DIRECTION('',(-0.,0.,-1.));
#4610 = DIRECTION('',(0.,1.,0.));
#4611 = ORIENTED_EDGE('',*,*,#4612,.T.);
#4612 = EDGE_CURVE('',#4604,#4585,#4613,.T.);
#4613 = LINE('',#4614,#4615);
#4614 = CARTESIAN_POINT('',(47.63,-29.7,0.));
#4615 = VECTOR('',#4616,1.);
#4616 = DIRECTION('',(1.,0.,-0.));
#4617 = FACE_BOUND('',#4618,.F.);
#4618 = EDGE_LOOP('',(#4619));
#4619 = ORIENTED_EDGE('',*,*,#4620,.T.);
#4620 = EDGE_CURVE('',#4621,#4621,#4623,.T.);
#4621 = VERTEX_POINT('',#4622);
#4622 = CARTESIAN_POINT('',(101.61,-34.05,0.));
#4623 = CIRCLE('',#4624,0.5);
#4624 = AXIS2_PLACEMENT_3D('',#4625,#4626,#4627);
#4625 = CARTESIAN_POINT('',(101.61,-33.55,0.));
#4626 = DIRECTION('',(-0.,0.,-1.));
#4627 = DIRECTION('',(-0.,-1.,0.));
#4628 = FACE_BOUND('',#4629,.F.);
#4629 = EDGE_LOOP('',(#4630));
#4630 = ORIENTED_EDGE('',*,*,#4631,.T.);
#4631 = EDGE_CURVE('',#4632,#4632,#4634,.T.);
#4632 = VERTEX_POINT('',#4633);
#4633 = CARTESIAN_POINT('',(105.31,-43.075,0.));
#4634 = CIRCLE('',#4635,0.4);
#4635 = AXIS2_PLACEMENT_3D('',#4636,#4637,#4638);
#4636 = CARTESIAN_POINT('',(105.31,-42.675,0.));
#4637 = DIRECTION('',(-0.,0.,-1.));
#4638 = DIRECTION('',(-0.,-1.,0.));
#4639 = FACE_BOUND('',#4640,.F.);
#4640 = EDGE_LOOP('',(#4641));
#4641 = ORIENTED_EDGE('',*,*,#4642,.T.);
#4642 = EDGE_CURVE('',#4643,#4643,#4645,.T.);
#4643 = VERTEX_POINT('',#4644);
#4644 = CARTESIAN_POINT('',(112.93,-43.075,0.));
#4645 = CIRCLE('',#4646,0.4);
#4646 = AXIS2_PLACEMENT_3D('',#4647,#4648,#4649);
#4647 = CARTESIAN_POINT('',(112.93,-42.675,0.));
#4648 = DIRECTION('',(-0.,0.,-1.));
#4649 = DIRECTION('',(-0.,-1.,0.));
#4650 = FACE_BOUND('',#4651,.F.);
#4651 = EDGE_LOOP('',(#4652));
#4652 = ORIENTED_EDGE('',*,*,#4653,.T.);
#4653 = EDGE_CURVE('',#4654,#4654,#4656,.T.);
#4654 = VERTEX_POINT('',#4655);
#4655 = CARTESIAN_POINT('',(105.31,-36.7625,0.));
#4656 = CIRCLE('',#4657,0.4);
#4657 = AXIS2_PLACEMENT_3D('',#4658,#4659,#4660);
#4658 = CARTESIAN_POINT('',(105.31,-36.3625,0.));
#4659 = DIRECTION('',(-0.,0.,-1.));
#4660 = DIRECTION('',(-0.,-1.,0.));
#4661 = FACE_BOUND('',#4662,.F.);
#4662 = EDGE_LOOP('',(#4663));
#4663 = ORIENTED_EDGE('',*,*,#4664,.T.);
#4664 = EDGE_CURVE('',#4665,#4665,#4667,.T.);
#4665 = VERTEX_POINT('',#4666);
#4666 = CARTESIAN_POINT('',(112.93,-36.7625,0.));
#4667 = CIRCLE('',#4668,0.4);
#4668 = AXIS2_PLACEMENT_3D('',#4669,#4670,#4671);
#4669 = CARTESIAN_POINT('',(112.93,-36.3625,0.));
#4670 = DIRECTION('',(-0.,0.,-1.));
#4671 = DIRECTION('',(-0.,-1.,0.));
#4672 = FACE_BOUND('',#4673,.F.);
#4673 = EDGE_LOOP('',(#4674));
#4674 = ORIENTED_EDGE('',*,*,#4675,.T.);
#4675 = EDGE_CURVE('',#4676,#4676,#4678,.T.);
#4676 = VERTEX_POINT('',#4677);
#4677 = CARTESIAN_POINT('',(105.31,-30.45,0.));
#4678 = CIRCLE('',#4679,0.4);
#4679 = AXIS2_PLACEMENT_3D('',#4680,#4681,#4682);
#4680 = CARTESIAN_POINT('',(105.31,-30.05,0.));
#4681 = DIRECTION('',(-0.,0.,-1.));
#4682 = DIRECTION('',(-0.,-1.,0.));
#4683 = FACE_BOUND('',#4684,.F.);
#4684 = EDGE_LOOP('',(#4685));
#4685 = ORIENTED_EDGE('',*,*,#4686,.T.);
#4686 = EDGE_CURVE('',#4687,#4687,#4689,.T.);
#4687 = VERTEX_POINT('',#4688);
#4688 = CARTESIAN_POINT('',(112.93,-30.45,0.));
#4689 = CIRCLE('',#4690,0.4);
#4690 = AXIS2_PLACEMENT_3D('',#4691,#4692,#4693);
#4691 = CARTESIAN_POINT('',(112.93,-30.05,0.));
#4692 = DIRECTION('',(-0.,0.,-1.));
#4693 = DIRECTION('',(-0.,-1.,0.));
#4694 = FACE_BOUND('',#4695,.F.);
#4695 = EDGE_LOOP('',(#4696));
#4696 = ORIENTED_EDGE('',*,*,#4697,.T.);
#4697 = EDGE_CURVE('',#4698,#4698,#4700,.T.);
#4698 = VERTEX_POINT('',#4699);
#4699 = CARTESIAN_POINT('',(124.5186,-26.5528,0.));
#4700 = CIRCLE('',#4701,1.6);
#4701 = AXIS2_PLACEMENT_3D('',#4702,#4703,#4704);
#4702 = CARTESIAN_POINT('',(124.5186,-24.9528,0.));
#4703 = DIRECTION('',(-0.,0.,-1.));
#4704 = DIRECTION('',(8.881784197001E-15,-1.,-0.));
#4705 = PLANE('',#4706);
#4706 = AXIS2_PLACEMENT_3D('',#4707,#4708,#4709);
#4707 = CARTESIAN_POINT('',(0.,0.,0.));
#4708 = DIRECTION('',(0.,0.,1.));
#4709 = DIRECTION('',(1.,0.,-0.));
#4710 = ADVANCED_FACE('',(#4711,#4754,#4765,#4907,#4918,#4929,#4940,
    #4951,#4962,#5104,#5115,#5126,#5137,#5148,#5159,#5301,#5312,#5323,
    #5334,#5345,#5356,#5498,#5509,#5520,#5531,#5542,#5553,#5695,#5706,
    #5717,#5728,#5739,#5750,#5761,#5772,#5783,#5794,#5805,#5816,#5827,
    #5838,#5980,#5991,#6002,#6013,#6024,#6035,#6046,#6057,#6068,#6079,
    #6090,#6101,#6112,#6123,#6134,#6145,#6156,#6167,#6178,#6189,#6331,
    #6342,#6353,#6364,#6375,#6517,#6528,#6539,#6550,#6561,#6572,#6583,
    #6594,#6605,#6616,#6627,#6769,#6780,#6791,#6802,#6813,#6824,#6835,
    #6846,#6857,#6868,#6879,#6890,#6901,#6912,#6948,#6959,#6970,#7006,
    #7017,#7028,#7039,#7050,#7061,#7072,#7083),#7094,.T.);
#4711 = FACE_BOUND('',#4712,.T.);
#4712 = EDGE_LOOP('',(#4713,#4714,#4715,#4723,#4731,#4739,#4747,#4753));
#4713 = ORIENTED_EDGE('',*,*,#2233,.F.);
#4714 = ORIENTED_EDGE('',*,*,#2273,.F.);
#4715 = ORIENTED_EDGE('',*,*,#4716,.F.);
#4716 = EDGE_CURVE('',#4717,#2266,#4719,.T.);
#4717 = VERTEX_POINT('',#4718);
#4718 = CARTESIAN_POINT('',(35.2172,-20.8768,1.51));
#4719 = LINE('',#4720,#4721);
#4720 = CARTESIAN_POINT('',(35.2172,-20.8768,1.51));
#4721 = VECTOR('',#4722,1.);
#4722 = DIRECTION('',(1.,0.,0.));
#4723 = ORIENTED_EDGE('',*,*,#4724,.F.);
#4724 = EDGE_CURVE('',#4725,#4717,#4727,.T.);
#4725 = VERTEX_POINT('',#4726);
#4726 = CARTESIAN_POINT('',(32.2172,-23.8768,1.51));
#4727 = LINE('',#4728,#4729);
#4728 = CARTESIAN_POINT('',(32.2172,-23.8768,1.51));
#4729 = VECTOR('',#4730,1.);
#4730 = DIRECTION('',(0.707106781187,0.707106781187,0.));
#4731 = ORIENTED_EDGE('',*,*,#4732,.F.);
#4732 = EDGE_CURVE('',#4733,#4725,#4735,.T.);
#4733 = VERTEX_POINT('',#4734);
#4734 = CARTESIAN_POINT('',(32.2172,-108.7767,1.51));
#4735 = LINE('',#4736,#4737);
#4736 = CARTESIAN_POINT('',(32.2172,-108.7767,1.51));
#4737 = VECTOR('',#4738,1.);
#4738 = DIRECTION('',(0.,1.,0.));
#4739 = ORIENTED_EDGE('',*,*,#4740,.F.);
#4740 = EDGE_CURVE('',#4741,#4733,#4743,.T.);
#4741 = VERTEX_POINT('',#4742);
#4742 = CARTESIAN_POINT('',(35.2172,-111.7767,1.51));
#4743 = LINE('',#4744,#4745);
#4744 = CARTESIAN_POINT('',(35.2172,-111.7767,1.51));
#4745 = VECTOR('',#4746,1.);
#4746 = DIRECTION('',(-0.707106781187,0.707106781187,0.));
#4747 = ORIENTED_EDGE('',*,*,#4748,.F.);
#4748 = EDGE_CURVE('',#2296,#4741,#4749,.T.);
#4749 = LINE('',#4750,#4751);
#4750 = CARTESIAN_POINT('',(125.5946,-111.7767,1.51));
#4751 = VECTOR('',#4752,1.);
#4752 = DIRECTION('',(-1.,0.,0.));
#4753 = ORIENTED_EDGE('',*,*,#2295,.F.);
#4754 = FACE_BOUND('',#4755,.T.);
#4755 = EDGE_LOOP('',(#4756));
#4756 = ORIENTED_EDGE('',*,*,#4757,.T.);
#4757 = EDGE_CURVE('',#4758,#4758,#4760,.T.);
#4758 = VERTEX_POINT('',#4759);
#4759 = CARTESIAN_POINT('',(36.2932,-109.3007,1.51));
#4760 = CIRCLE('',#4761,1.6);
#4761 = AXIS2_PLACEMENT_3D('',#4762,#4763,#4764);
#4762 = CARTESIAN_POINT('',(36.2932,-107.7007,1.51));
#4763 = DIRECTION('',(-0.,0.,-1.));
#4764 = DIRECTION('',(-0.,-1.,0.));
#4765 = FACE_BOUND('',#4766,.T.);
#4766 = EDGE_LOOP('',(#4767,#4778,#4787,#4795,#4804,#4813,#4822,#4830,
    #4839,#4848,#4857,#4865,#4874,#4883,#4892,#4900));
#4767 = ORIENTED_EDGE('',*,*,#4768,.F.);
#4768 = EDGE_CURVE('',#4769,#4771,#4773,.T.);
#4769 = VERTEX_POINT('',#4770);
#4770 = CARTESIAN_POINT('',(50.609485,-99.527438,1.51));
#4771 = VERTEX_POINT('',#4772);
#4772 = CARTESIAN_POINT('',(49.906712,-98.87886,1.51));
#4773 = CIRCLE('',#4774,0.499999422661);
#4774 = AXIS2_PLACEMENT_3D('',#4775,#4776,#4777);
#4775 = CARTESIAN_POINT('',(50.158970295513,-99.31056033009,1.51));
#4776 = DIRECTION('',(0.,0.,1.));
#4777 = DIRECTION('',(0.901030449374,-0.433755840654,0.));
#4778 = ORIENTED_EDGE('',*,*,#4779,.F.);
#4779 = EDGE_CURVE('',#4780,#4769,#4782,.T.);
#4780 = VERTEX_POINT('',#4781);
#4781 = CARTESIAN_POINT('',(50.56,-99.744316,1.51));
#4782 = CIRCLE('',#4783,0.499989885034);
#4783 = AXIS2_PLACEMENT_3D('',#4784,#4785,#4786);
#4784 = CARTESIAN_POINT('',(51.05998988503,-99.74431407913,1.51));
#4785 = DIRECTION('',(0.,0.,-1.));
#4786 = DIRECTION('',(-0.999999999993,-3.841811477365E-06,-0.));
#4787 = ORIENTED_EDGE('',*,*,#4788,.F.);
#4788 = EDGE_CURVE('',#4789,#4780,#4791,.T.);
#4789 = VERTEX_POINT('',#4790);
#4790 = CARTESIAN_POINT('',(50.56,-101.15,1.51));
#4791 = LINE('',#4792,#4793);
#4792 = CARTESIAN_POINT('',(50.56,-101.15,1.51));
#4793 = VECTOR('',#4794,1.);
#4794 = DIRECTION('',(0.,1.,0.));
#4795 = ORIENTED_EDGE('',*,*,#4796,.F.);
#4796 = EDGE_CURVE('',#4797,#4789,#4799,.T.);
#4797 = VERTEX_POINT('',#4798);
#4798 = CARTESIAN_POINT('',(50.609485,-101.366878,1.51));
#4799 = CIRCLE('',#4800,0.499989885034);
#4800 = AXIS2_PLACEMENT_3D('',#4801,#4802,#4803);
#4801 = CARTESIAN_POINT('',(51.059989885031,-101.1500019208,1.51));
#4802 = DIRECTION('',(0.,0.,-1.));
#4803 = DIRECTION('',(-0.901027997796,-0.43376093322,-0.));
#4804 = ORIENTED_EDGE('',*,*,#4805,.F.);
#4805 = EDGE_CURVE('',#4806,#4797,#4808,.T.);
#4806 = VERTEX_POINT('',#4807);
#4807 = CARTESIAN_POINT('',(49.906712,-102.015457,1.51));
#4808 = CIRCLE('',#4809,0.499999448976);
#4809 = AXIS2_PLACEMENT_3D('',#4810,#4811,#4812);
#4810 = CARTESIAN_POINT('',(50.158970904285,-101.5837569951,1.51));
#4811 = DIRECTION('',(0.,0.,1.));
#4812 = DIRECTION('',(-0.504518364574,-0.863400961204,0.));
#4813 = ORIENTED_EDGE('',*,*,#4814,.F.);
#4814 = EDGE_CURVE('',#4815,#4806,#4817,.T.);
#4815 = VERTEX_POINT('',#4816);
#4816 = CARTESIAN_POINT('',(49.654453,-101.947158,1.51));
#4817 = CIRCLE('',#4818,0.500008729226);
#4818 = AXIS2_PLACEMENT_3D('',#4819,#4820,#4821);
#4819 = CARTESIAN_POINT('',(49.654451343146,-102.4471667292,1.51));
#4820 = DIRECTION('',(0.,0.,-1.));
#4821 = DIRECTION('',(3.313649245977E-06,0.999999999995,0.));
#4822 = ORIENTED_EDGE('',*,*,#4823,.F.);
#4823 = EDGE_CURVE('',#4824,#4815,#4826,.T.);
#4824 = VERTEX_POINT('',#4825);
#4825 = CARTESIAN_POINT('',(48.065549,-101.947158,1.51));
#4826 = LINE('',#4827,#4828);
#4827 = CARTESIAN_POINT('',(48.065549,-101.947158,1.51));
#4828 = VECTOR('',#4829,1.);
#4829 = DIRECTION('',(1.,0.,0.));
#4830 = ORIENTED_EDGE('',*,*,#4831,.F.);
#4831 = EDGE_CURVE('',#4832,#4824,#4834,.T.);
#4832 = VERTEX_POINT('',#4833);
#4833 = CARTESIAN_POINT('',(47.813291,-102.015457,1.51));
#4834 = CIRCLE('',#4835,0.500008729288);
#4835 = AXIS2_PLACEMENT_3D('',#4836,#4837,#4838);
#4836 = CARTESIAN_POINT('',(48.065551656878,-102.4471667292,1.51));
#4837 = DIRECTION('',(0.,0.,-1.));
#4838 = DIRECTION('',(-0.504512505685,0.863404384751,0.));
#4839 = ORIENTED_EDGE('',*,*,#4840,.F.);
#4840 = EDGE_CURVE('',#4841,#4832,#4843,.T.);
#4841 = VERTEX_POINT('',#4842);
#4842 = CARTESIAN_POINT('',(47.110517,-101.366878,1.51));
#4843 = CIRCLE('',#4844,0.500000669307);
#4844 = AXIS2_PLACEMENT_3D('',#4845,#4846,#4847);
#4845 = CARTESIAN_POINT('',(47.561033535509,-101.5837547404,1.51));
#4846 = DIRECTION('',(0.,0.,1.));
#4847 = DIRECTION('',(-0.901031864884,0.433752900236,0.));
#4848 = ORIENTED_EDGE('',*,*,#4849,.F.);
#4849 = EDGE_CURVE('',#4850,#4841,#4852,.T.);
#4850 = VERTEX_POINT('',#4851);
#4851 = CARTESIAN_POINT('',(47.160002,-101.150001,1.51));
#4852 = CIRCLE('',#4853,0.499989884978);
#4853 = AXIS2_PLACEMENT_3D('',#4854,#4855,#4856);
#4854 = CARTESIAN_POINT('',(46.660012115023,-101.1500019208,1.51));
#4855 = DIRECTION('',(0.,0.,-1.));
#4856 = DIRECTION('',(0.999999999998,1.841808681468E-06,0.));
#4857 = ORIENTED_EDGE('',*,*,#4858,.F.);
#4858 = EDGE_CURVE('',#4859,#4850,#4861,.T.);
#4859 = VERTEX_POINT('',#4860);
#4860 = CARTESIAN_POINT('',(47.160002,-99.744316,1.51));
#4861 = LINE('',#4862,#4863);
#4862 = CARTESIAN_POINT('',(47.160002,-99.744316,1.51));
#4863 = VECTOR('',#4864,1.);
#4864 = DIRECTION('',(0.,-1.,0.));
#4865 = ORIENTED_EDGE('',*,*,#4866,.F.);
#4866 = EDGE_CURVE('',#4867,#4859,#4869,.T.);
#4867 = VERTEX_POINT('',#4868);
#4868 = CARTESIAN_POINT('',(47.110517,-99.527438,1.51));
#4869 = CIRCLE('',#4870,0.499989885034);
#4870 = AXIS2_PLACEMENT_3D('',#4871,#4872,#4873);
#4871 = CARTESIAN_POINT('',(46.66001211497,-99.74431407913,1.51));
#4872 = DIRECTION('',(0.,0.,-1.));
#4873 = DIRECTION('',(0.901027997796,0.43376093322,0.));
#4874 = ORIENTED_EDGE('',*,*,#4875,.F.);
#4875 = EDGE_CURVE('',#4876,#4867,#4878,.T.);
#4876 = VERTEX_POINT('',#4877);
#4877 = CARTESIAN_POINT('',(47.81329,-98.878859,1.51));
#4878 = CIRCLE('',#4879,0.499999729127);
#4879 = AXIS2_PLACEMENT_3D('',#4880,#4881,#4882);
#4880 = CARTESIAN_POINT('',(47.561031745676,-99.31055970911,1.51));
#4881 = DIRECTION('',(0.,0.,1.));
#4882 = DIRECTION('',(0.504516781969,0.863401885979,-0.));
#4883 = ORIENTED_EDGE('',*,*,#4884,.F.);
#4884 = EDGE_CURVE('',#4885,#4876,#4887,.T.);
#4885 = VERTEX_POINT('',#4886);
#4886 = CARTESIAN_POINT('',(48.065548,-98.947158,1.51));
#4887 = CIRCLE('',#4888,0.500008729288);
#4888 = AXIS2_PLACEMENT_3D('',#4889,#4890,#4891);
#4889 = CARTESIAN_POINT('',(48.065550656878,-98.44714927071,1.51));
#4890 = DIRECTION('',(0.,0.,-1.));
#4891 = DIRECTION('',(-5.313662725299E-06,-0.999999999986,-0.));
#4892 = ORIENTED_EDGE('',*,*,#4893,.F.);
#4893 = EDGE_CURVE('',#4894,#4885,#4896,.T.);
#4894 = VERTEX_POINT('',#4895);
#4895 = CARTESIAN_POINT('',(49.654454,-98.947159,1.51));
#4896 = LINE('',#4897,#4898);
#4897 = CARTESIAN_POINT('',(49.654454,-98.947159,1.51));
#4898 = VECTOR('',#4899,1.);
#4899 = DIRECTION('',(-1.,6.29363850017E-07,0.));
#4900 = ORIENTED_EDGE('',*,*,#4901,.F.);
#4901 = EDGE_CURVE('',#4771,#4894,#4902,.T.);
#4902 = CIRCLE('',#4903,0.500008729288);
#4903 = AXIS2_PLACEMENT_3D('',#4904,#4905,#4906);
#4904 = CARTESIAN_POINT('',(49.654451343122,-98.44715027071,1.51));
#4905 = DIRECTION('',(0.,0.,-1.));
#4906 = DIRECTION('',(0.504512505685,-0.863404384751,0.));
#4907 = FACE_BOUND('',#4908,.T.);
#4908 = EDGE_LOOP('',(#4909));
#4909 = ORIENTED_EDGE('',*,*,#4910,.T.);
#4910 = EDGE_CURVE('',#4911,#4911,#4913,.T.);
#4911 = VERTEX_POINT('',#4912);
#4912 = CARTESIAN_POINT('',(43.805,-96.525,1.51));
#4913 = CIRCLE('',#4914,0.85);
#4914 = AXIS2_PLACEMENT_3D('',#4915,#4916,#4917);
#4915 = CARTESIAN_POINT('',(43.805,-95.675,1.51));
#4916 = DIRECTION('',(-0.,0.,-1.));
#4917 = DIRECTION('',(-0.,-1.,0.));
#4918 = FACE_BOUND('',#4919,.T.);
#4919 = EDGE_LOOP('',(#4920));
#4920 = ORIENTED_EDGE('',*,*,#4921,.T.);
#4921 = EDGE_CURVE('',#4922,#4922,#4924,.T.);
#4922 = VERTEX_POINT('',#4923);
#4923 = CARTESIAN_POINT('',(45.075,-93.885,1.51));
#4924 = CIRCLE('',#4925,0.75);
#4925 = AXIS2_PLACEMENT_3D('',#4926,#4927,#4928);
#4926 = CARTESIAN_POINT('',(45.075,-93.135,1.51));
#4927 = DIRECTION('',(-0.,0.,-1.));
#4928 = DIRECTION('',(-0.,-1.,0.));
#4929 = FACE_BOUND('',#4930,.T.);
#4930 = EDGE_LOOP('',(#4931));
#4931 = ORIENTED_EDGE('',*,*,#4932,.T.);
#4932 = EDGE_CURVE('',#4933,#4933,#4935,.T.);
#4933 = VERTEX_POINT('',#4934);
#4934 = CARTESIAN_POINT('',(48.885,-97.675,1.51));
#4935 = CIRCLE('',#4936,2.);
#4936 = AXIS2_PLACEMENT_3D('',#4937,#4938,#4939);
#4937 = CARTESIAN_POINT('',(48.885,-95.675,1.51));
#4938 = DIRECTION('',(-0.,0.,-1.));
#4939 = DIRECTION('',(-0.,-1.,0.));
#4940 = FACE_BOUND('',#4941,.T.);
#4941 = EDGE_LOOP('',(#4942));
#4942 = ORIENTED_EDGE('',*,*,#4943,.T.);
#4943 = EDGE_CURVE('',#4944,#4944,#4946,.T.);
#4944 = VERTEX_POINT('',#4945);
#4945 = CARTESIAN_POINT('',(53.965,-96.525,1.51));
#4946 = CIRCLE('',#4947,0.85);
#4947 = AXIS2_PLACEMENT_3D('',#4948,#4949,#4950);
#4948 = CARTESIAN_POINT('',(53.965,-95.675,1.51));
#4949 = DIRECTION('',(-0.,0.,-1.));
#4950 = DIRECTION('',(-0.,-1.,0.));
#4951 = FACE_BOUND('',#4952,.T.);
#4952 = EDGE_LOOP('',(#4953));
#4953 = ORIENTED_EDGE('',*,*,#4954,.T.);
#4954 = EDGE_CURVE('',#4955,#4955,#4957,.T.);
#4955 = VERTEX_POINT('',#4956);
#4956 = CARTESIAN_POINT('',(51.425,-91.345,1.51));
#4957 = CIRCLE('',#4958,0.75);
#4958 = AXIS2_PLACEMENT_3D('',#4959,#4960,#4961);
#4959 = CARTESIAN_POINT('',(51.425,-90.595,1.51));
#4960 = DIRECTION('',(-0.,0.,-1.));
#4961 = DIRECTION('',(-0.,-1.,0.));
#4962 = FACE_BOUND('',#4963,.T.);
#4963 = EDGE_LOOP('',(#4964,#4975,#4984,#4992,#5001,#5010,#5019,#5027,
    #5036,#5045,#5054,#5062,#5071,#5080,#5089,#5097));
#4964 = ORIENTED_EDGE('',*,*,#4965,.F.);
#4965 = EDGE_CURVE('',#4966,#4968,#4970,.T.);
#4966 = VERTEX_POINT('',#4967);
#4967 = CARTESIAN_POINT('',(69.609485,-99.027438,1.51));
#4968 = VERTEX_POINT('',#4969);
#4969 = CARTESIAN_POINT('',(68.906712,-98.37886,1.51));
#4970 = CIRCLE('',#4971,0.499999422661);
#4971 = AXIS2_PLACEMENT_3D('',#4972,#4973,#4974);
#4972 = CARTESIAN_POINT('',(69.158970295513,-98.81056033009,1.51));
#4973 = DIRECTION('',(0.,0.,1.));
#4974 = DIRECTION('',(0.901030449374,-0.433755840654,0.));
#4975 = ORIENTED_EDGE('',*,*,#4976,.F.);
#4976 = EDGE_CURVE('',#4977,#4966,#4979,.T.);
#4977 = VERTEX_POINT('',#4978);
#4978 = CARTESIAN_POINT('',(69.56,-99.244315,1.51));
#4979 = CIRCLE('',#4980,0.499989884978);
#4980 = AXIS2_PLACEMENT_3D('',#4981,#4982,#4983);
#4981 = CARTESIAN_POINT('',(70.059989884977,-99.24431407911,1.51));
#4982 = DIRECTION('',(0.,0.,-1.));
#4983 = DIRECTION('',(-0.999999999998,-1.841808624623E-06,-0.));
#4984 = ORIENTED_EDGE('',*,*,#4985,.F.);
#4985 = EDGE_CURVE('',#4986,#4977,#4988,.T.);
#4986 = VERTEX_POINT('',#4987);
#4987 = CARTESIAN_POINT('',(69.56,-100.65,1.51));
#4988 = LINE('',#4989,#4990);
#4989 = CARTESIAN_POINT('',(69.56,-100.65,1.51));
#4990 = VECTOR('',#4991,1.);
#4991 = DIRECTION('',(0.,1.,0.));
#4992 = ORIENTED_EDGE('',*,*,#4993,.F.);
#4993 = EDGE_CURVE('',#4994,#4986,#4996,.T.);
#4994 = VERTEX_POINT('',#4995);
#4995 = CARTESIAN_POINT('',(69.609485,-100.866878,1.51));
#4996 = CIRCLE('',#4997,0.499989885034);
#4997 = AXIS2_PLACEMENT_3D('',#4998,#4999,#5000);
#4998 = CARTESIAN_POINT('',(70.059989885031,-100.6500019208,1.51));
#4999 = DIRECTION('',(0.,0.,-1.));
#5000 = DIRECTION('',(-0.901027997796,-0.43376093322,-0.));
#5001 = ORIENTED_EDGE('',*,*,#5002,.F.);
#5002 = EDGE_CURVE('',#5003,#4994,#5005,.T.);
#5003 = VERTEX_POINT('',#5004);
#5004 = CARTESIAN_POINT('',(68.906712,-101.515457,1.51));
#5005 = CIRCLE('',#5006,0.499999448976);
#5006 = AXIS2_PLACEMENT_3D('',#5007,#5008,#5009);
#5007 = CARTESIAN_POINT('',(69.158970904285,-101.0837569951,1.51));
#5008 = DIRECTION('',(0.,0.,1.));
#5009 = DIRECTION('',(-0.504518364574,-0.863400961204,0.));
#5010 = ORIENTED_EDGE('',*,*,#5011,.F.);
#5011 = EDGE_CURVE('',#5012,#5003,#5014,.T.);
#5012 = VERTEX_POINT('',#5013);
#5013 = CARTESIAN_POINT('',(68.654453,-101.447158,1.51));
#5014 = CIRCLE('',#5015,0.500008729226);
#5015 = AXIS2_PLACEMENT_3D('',#5016,#5017,#5018);
#5016 = CARTESIAN_POINT('',(68.654451343146,-101.9471667292,1.51));
#5017 = DIRECTION('',(0.,0.,-1.));
#5018 = DIRECTION('',(3.313649317029E-06,0.999999999995,0.));
#5019 = ORIENTED_EDGE('',*,*,#5020,.F.);
#5020 = EDGE_CURVE('',#5021,#5012,#5023,.T.);
#5021 = VERTEX_POINT('',#5022);
#5022 = CARTESIAN_POINT('',(67.065549,-101.447158,1.51));
#5023 = LINE('',#5024,#5025);
#5024 = CARTESIAN_POINT('',(67.065549,-101.447158,1.51));
#5025 = VECTOR('',#5026,1.);
#5026 = DIRECTION('',(1.,0.,0.));
#5027 = ORIENTED_EDGE('',*,*,#5028,.F.);
#5028 = EDGE_CURVE('',#5029,#5021,#5031,.T.);
#5029 = VERTEX_POINT('',#5030);
#5030 = CARTESIAN_POINT('',(66.813291,-101.515457,1.51));
#5031 = CIRCLE('',#5032,0.500008729288);
#5032 = AXIS2_PLACEMENT_3D('',#5033,#5034,#5035);
#5033 = CARTESIAN_POINT('',(67.065551656878,-101.9471667292,1.51));
#5034 = DIRECTION('',(0.,0.,-1.));
#5035 = DIRECTION('',(-0.504512505685,0.863404384751,0.));
#5036 = ORIENTED_EDGE('',*,*,#5037,.F.);
#5037 = EDGE_CURVE('',#5038,#5029,#5040,.T.);
#5038 = VERTEX_POINT('',#5039);
#5039 = CARTESIAN_POINT('',(66.110517,-100.866878,1.51));
#5040 = CIRCLE('',#5041,0.500000669307);
#5041 = AXIS2_PLACEMENT_3D('',#5042,#5043,#5044);
#5042 = CARTESIAN_POINT('',(66.561033535509,-101.0837547404,1.51));
#5043 = DIRECTION('',(0.,0.,1.));
#5044 = DIRECTION('',(-0.901031864884,0.433752900236,0.));
#5045 = ORIENTED_EDGE('',*,*,#5046,.F.);
#5046 = EDGE_CURVE('',#5047,#5038,#5049,.T.);
#5047 = VERTEX_POINT('',#5048);
#5048 = CARTESIAN_POINT('',(66.160002,-100.650001,1.51));
#5049 = CIRCLE('',#5050,0.499989884978);
#5050 = AXIS2_PLACEMENT_3D('',#5051,#5052,#5053);
#5051 = CARTESIAN_POINT('',(65.660012115023,-100.6500019208,1.51));
#5052 = DIRECTION('',(0.,0.,-1.));
#5053 = DIRECTION('',(0.999999999998,1.841808567778E-06,0.));
#5054 = ORIENTED_EDGE('',*,*,#5055,.F.);
#5055 = EDGE_CURVE('',#5056,#5047,#5058,.T.);
#5056 = VERTEX_POINT('',#5057);
#5057 = CARTESIAN_POINT('',(66.160002,-99.244316,1.51));
#5058 = LINE('',#5059,#5060);
#5059 = CARTESIAN_POINT('',(66.160002,-99.244316,1.51));
#5060 = VECTOR('',#5061,1.);
#5061 = DIRECTION('',(0.,-1.,0.));
#5062 = ORIENTED_EDGE('',*,*,#5063,.F.);
#5063 = EDGE_CURVE('',#5064,#5056,#5066,.T.);
#5064 = VERTEX_POINT('',#5065);
#5065 = CARTESIAN_POINT('',(66.110517,-99.027438,1.51));
#5066 = CIRCLE('',#5067,0.499989885034);
#5067 = AXIS2_PLACEMENT_3D('',#5068,#5069,#5070);
#5068 = CARTESIAN_POINT('',(65.660012114969,-99.24431407913,1.51));
#5069 = DIRECTION('',(0.,0.,-1.));
#5070 = DIRECTION('',(0.901027997796,0.43376093322,0.));
#5071 = ORIENTED_EDGE('',*,*,#5072,.F.);
#5072 = EDGE_CURVE('',#5073,#5064,#5075,.T.);
#5073 = VERTEX_POINT('',#5074);
#5074 = CARTESIAN_POINT('',(66.81329,-98.378859,1.51));
#5075 = CIRCLE('',#5076,0.499999729127);
#5076 = AXIS2_PLACEMENT_3D('',#5077,#5078,#5079);
#5077 = CARTESIAN_POINT('',(66.561031745676,-98.81055970911,1.51));
#5078 = DIRECTION('',(0.,0.,1.));
#5079 = DIRECTION('',(0.504516781969,0.863401885979,-0.));
#5080 = ORIENTED_EDGE('',*,*,#5081,.F.);
#5081 = EDGE_CURVE('',#5082,#5073,#5084,.T.);
#5082 = VERTEX_POINT('',#5083);
#5083 = CARTESIAN_POINT('',(67.065548,-98.447158,1.51));
#5084 = CIRCLE('',#5085,0.500008729288);
#5085 = AXIS2_PLACEMENT_3D('',#5086,#5087,#5088);
#5086 = CARTESIAN_POINT('',(67.065550656878,-97.94714927071,1.51));
#5087 = DIRECTION('',(0.,0.,-1.));
#5088 = DIRECTION('',(-5.313662711088E-06,-0.999999999986,-0.));
#5089 = ORIENTED_EDGE('',*,*,#5090,.F.);
#5090 = EDGE_CURVE('',#5091,#5082,#5093,.T.);
#5091 = VERTEX_POINT('',#5092);
#5092 = CARTESIAN_POINT('',(68.654454,-98.447159,1.51));
#5093 = LINE('',#5094,#5095);
#5094 = CARTESIAN_POINT('',(68.654454,-98.447159,1.51));
#5095 = VECTOR('',#5096,1.);
#5096 = DIRECTION('',(-1.,6.29363850017E-07,0.));
#5097 = ORIENTED_EDGE('',*,*,#5098,.F.);
#5098 = EDGE_CURVE('',#4968,#5091,#5099,.T.);
#5099 = CIRCLE('',#5100,0.500008729288);
#5100 = AXIS2_PLACEMENT_3D('',#5101,#5102,#5103);
#5101 = CARTESIAN_POINT('',(68.654451343122,-97.94715027071,1.51));
#5102 = DIRECTION('',(0.,0.,-1.));
#5103 = DIRECTION('',(0.504512505685,-0.863404384751,0.));
#5104 = FACE_BOUND('',#5105,.T.);
#5105 = EDGE_LOOP('',(#5106));
#5106 = ORIENTED_EDGE('',*,*,#5107,.T.);
#5107 = EDGE_CURVE('',#5108,#5108,#5110,.T.);
#5108 = VERTEX_POINT('',#5109);
#5109 = CARTESIAN_POINT('',(62.855,-96.525,1.51));
#5110 = CIRCLE('',#5111,0.85);
#5111 = AXIS2_PLACEMENT_3D('',#5112,#5113,#5114);
#5112 = CARTESIAN_POINT('',(62.855,-95.675,1.51));
#5113 = DIRECTION('',(-0.,0.,-1.));
#5114 = DIRECTION('',(-8.35932630306E-15,-1.,0.));
#5115 = FACE_BOUND('',#5116,.T.);
#5116 = EDGE_LOOP('',(#5117));
#5117 = ORIENTED_EDGE('',*,*,#5118,.T.);
#5118 = EDGE_CURVE('',#5119,#5119,#5121,.T.);
#5119 = VERTEX_POINT('',#5120);
#5120 = CARTESIAN_POINT('',(67.935,-97.675,1.51));
#5121 = CIRCLE('',#5122,2.);
#5122 = AXIS2_PLACEMENT_3D('',#5123,#5124,#5125);
#5123 = CARTESIAN_POINT('',(67.935,-95.675,1.51));
#5124 = DIRECTION('',(-0.,0.,-1.));
#5125 = DIRECTION('',(-0.,-1.,0.));
#5126 = FACE_BOUND('',#5127,.T.);
#5127 = EDGE_LOOP('',(#5128));
#5128 = ORIENTED_EDGE('',*,*,#5129,.T.);
#5129 = EDGE_CURVE('',#5130,#5130,#5132,.T.);
#5130 = VERTEX_POINT('',#5131);
#5131 = CARTESIAN_POINT('',(64.125,-93.885,1.51));
#5132 = CIRCLE('',#5133,0.75);
#5133 = AXIS2_PLACEMENT_3D('',#5134,#5135,#5136);
#5134 = CARTESIAN_POINT('',(64.125,-93.135,1.51));
#5135 = DIRECTION('',(-0.,0.,-1.));
#5136 = DIRECTION('',(-0.,-1.,0.));
#5137 = FACE_BOUND('',#5138,.T.);
#5138 = EDGE_LOOP('',(#5139));
#5139 = ORIENTED_EDGE('',*,*,#5140,.T.);
#5140 = EDGE_CURVE('',#5141,#5141,#5143,.T.);
#5141 = VERTEX_POINT('',#5142);
#5142 = CARTESIAN_POINT('',(73.015,-96.525,1.51));
#5143 = CIRCLE('',#5144,0.85);
#5144 = AXIS2_PLACEMENT_3D('',#5145,#5146,#5147);
#5145 = CARTESIAN_POINT('',(73.015,-95.675,1.51));
#5146 = DIRECTION('',(-0.,0.,-1.));
#5147 = DIRECTION('',(-0.,-1.,0.));
#5148 = FACE_BOUND('',#5149,.T.);
#5149 = EDGE_LOOP('',(#5150));
#5150 = ORIENTED_EDGE('',*,*,#5151,.T.);
#5151 = EDGE_CURVE('',#5152,#5152,#5154,.T.);
#5152 = VERTEX_POINT('',#5153);
#5153 = CARTESIAN_POINT('',(70.475,-91.345,1.51));
#5154 = CIRCLE('',#5155,0.75);
#5155 = AXIS2_PLACEMENT_3D('',#5156,#5157,#5158);
#5156 = CARTESIAN_POINT('',(70.475,-90.595,1.51));
#5157 = DIRECTION('',(-0.,0.,-1.));
#5158 = DIRECTION('',(-0.,-1.,0.));
#5159 = FACE_BOUND('',#5160,.T.);
#5160 = EDGE_LOOP('',(#5161,#5172,#5181,#5189,#5198,#5207,#5216,#5224,
    #5233,#5242,#5251,#5259,#5268,#5277,#5286,#5294));
#5161 = ORIENTED_EDGE('',*,*,#5162,.F.);
#5162 = EDGE_CURVE('',#5163,#5165,#5167,.T.);
#5163 = VERTEX_POINT('',#5164);
#5164 = CARTESIAN_POINT('',(50.609485,-80.027438,1.51));
#5165 = VERTEX_POINT('',#5166);
#5166 = CARTESIAN_POINT('',(49.906712,-79.37886,1.51));
#5167 = CIRCLE('',#5168,0.499999422661);
#5168 = AXIS2_PLACEMENT_3D('',#5169,#5170,#5171);
#5169 = CARTESIAN_POINT('',(50.158970295513,-79.81056033009,1.51));
#5170 = DIRECTION('',(0.,0.,1.));
#5171 = DIRECTION('',(0.901030449374,-0.433755840654,0.));
#5172 = ORIENTED_EDGE('',*,*,#5173,.F.);
#5173 = EDGE_CURVE('',#5174,#5163,#5176,.T.);
#5174 = VERTEX_POINT('',#5175);
#5175 = CARTESIAN_POINT('',(50.56,-80.244315,1.51));
#5176 = CIRCLE('',#5177,0.499989884977);
#5177 = AXIS2_PLACEMENT_3D('',#5178,#5179,#5180);
#5178 = CARTESIAN_POINT('',(51.059989884977,-80.24431407911,1.51));
#5179 = DIRECTION('',(0.,0.,-1.));
#5180 = DIRECTION('',(-0.999999999998,-1.841808709891E-06,-0.));
#5181 = ORIENTED_EDGE('',*,*,#5182,.F.);
#5182 = EDGE_CURVE('',#5183,#5174,#5185,.T.);
#5183 = VERTEX_POINT('',#5184);
#5184 = CARTESIAN_POINT('',(50.56,-81.65,1.51));
#5185 = LINE('',#5186,#5187);
#5186 = CARTESIAN_POINT('',(50.56,-81.65,1.51));
#5187 = VECTOR('',#5188,1.);
#5188 = DIRECTION('',(0.,1.,0.));
#5189 = ORIENTED_EDGE('',*,*,#5190,.F.);
#5190 = EDGE_CURVE('',#5191,#5183,#5193,.T.);
#5191 = VERTEX_POINT('',#5192);
#5192 = CARTESIAN_POINT('',(50.609485,-81.866878,1.51));
#5193 = CIRCLE('',#5194,0.499989885034);
#5194 = AXIS2_PLACEMENT_3D('',#5195,#5196,#5197);
#5195 = CARTESIAN_POINT('',(51.059989885031,-81.65000192086,1.51));
#5196 = DIRECTION('',(0.,0.,-1.));
#5197 = DIRECTION('',(-0.901027997796,-0.43376093322,-0.));
#5198 = ORIENTED_EDGE('',*,*,#5199,.F.);
#5199 = EDGE_CURVE('',#5200,#5191,#5202,.T.);
#5200 = VERTEX_POINT('',#5201);
#5201 = CARTESIAN_POINT('',(49.906712,-82.515457,1.51));
#5202 = CIRCLE('',#5203,0.499999448976);
#5203 = AXIS2_PLACEMENT_3D('',#5204,#5205,#5206);
#5204 = CARTESIAN_POINT('',(50.158970904285,-82.08375699515,1.51));
#5205 = DIRECTION('',(0.,0.,1.));
#5206 = DIRECTION('',(-0.504518364574,-0.863400961204,0.));
#5207 = ORIENTED_EDGE('',*,*,#5208,.F.);
#5208 = EDGE_CURVE('',#5209,#5200,#5211,.T.);
#5209 = VERTEX_POINT('',#5210);
#5210 = CARTESIAN_POINT('',(49.654453,-82.447158,1.51));
#5211 = CIRCLE('',#5212,0.500008729226);
#5212 = AXIS2_PLACEMENT_3D('',#5213,#5214,#5215);
#5213 = CARTESIAN_POINT('',(49.654451343146,-82.94716672922,1.51));
#5214 = DIRECTION('',(0.,0.,-1.));
#5215 = DIRECTION('',(3.313649245977E-06,0.999999999995,0.));
#5216 = ORIENTED_EDGE('',*,*,#5217,.F.);
#5217 = EDGE_CURVE('',#5218,#5209,#5220,.T.);
#5218 = VERTEX_POINT('',#5219);
#5219 = CARTESIAN_POINT('',(48.065549,-82.447158,1.51));
#5220 = LINE('',#5221,#5222);
#5221 = CARTESIAN_POINT('',(48.065549,-82.447158,1.51));
#5222 = VECTOR('',#5223,1.);
#5223 = DIRECTION('',(1.,0.,0.));
#5224 = ORIENTED_EDGE('',*,*,#5225,.F.);
#5225 = EDGE_CURVE('',#5226,#5218,#5228,.T.);
#5226 = VERTEX_POINT('',#5227);
#5227 = CARTESIAN_POINT('',(47.813291,-82.515457,1.51));
#5228 = CIRCLE('',#5229,0.500008729288);
#5229 = AXIS2_PLACEMENT_3D('',#5230,#5231,#5232);
#5230 = CARTESIAN_POINT('',(48.065551656878,-82.94716672928,1.51));
#5231 = DIRECTION('',(0.,0.,-1.));
#5232 = DIRECTION('',(-0.504512505685,0.863404384751,0.));
#5233 = ORIENTED_EDGE('',*,*,#5234,.F.);
#5234 = EDGE_CURVE('',#5235,#5226,#5237,.T.);
#5235 = VERTEX_POINT('',#5236);
#5236 = CARTESIAN_POINT('',(47.110517,-81.866878,1.51));
#5237 = CIRCLE('',#5238,0.500000669307);
#5238 = AXIS2_PLACEMENT_3D('',#5239,#5240,#5241);
#5239 = CARTESIAN_POINT('',(47.561033535509,-82.08375474043,1.51));
#5240 = DIRECTION('',(0.,0.,1.));
#5241 = DIRECTION('',(-0.901031864884,0.433752900236,0.));
#5242 = ORIENTED_EDGE('',*,*,#5243,.F.);
#5243 = EDGE_CURVE('',#5244,#5235,#5246,.T.);
#5244 = VERTEX_POINT('',#5245);
#5245 = CARTESIAN_POINT('',(47.160002,-81.650001,1.51));
#5246 = CIRCLE('',#5247,0.499989884978);
#5247 = AXIS2_PLACEMENT_3D('',#5248,#5249,#5250);
#5248 = CARTESIAN_POINT('',(46.660012115023,-81.65000192088,1.51));
#5249 = DIRECTION('',(0.,0.,-1.));
#5250 = DIRECTION('',(0.999999999998,1.841808681468E-06,0.));
#5251 = ORIENTED_EDGE('',*,*,#5252,.F.);
#5252 = EDGE_CURVE('',#5253,#5244,#5255,.T.);
#5253 = VERTEX_POINT('',#5254);
#5254 = CARTESIAN_POINT('',(47.160002,-80.244316,1.51));
#5255 = LINE('',#5256,#5257);
#5256 = CARTESIAN_POINT('',(47.160002,-80.244316,1.51));
#5257 = VECTOR('',#5258,1.);
#5258 = DIRECTION('',(0.,-1.,0.));
#5259 = ORIENTED_EDGE('',*,*,#5260,.F.);
#5260 = EDGE_CURVE('',#5261,#5253,#5263,.T.);
#5261 = VERTEX_POINT('',#5262);
#5262 = CARTESIAN_POINT('',(47.110517,-80.027438,1.51));
#5263 = CIRCLE('',#5264,0.499989885034);
#5264 = AXIS2_PLACEMENT_3D('',#5265,#5266,#5267);
#5265 = CARTESIAN_POINT('',(46.66001211497,-80.24431407913,1.51));
#5266 = DIRECTION('',(0.,0.,-1.));
#5267 = DIRECTION('',(0.901027997796,0.43376093322,0.));
#5268 = ORIENTED_EDGE('',*,*,#5269,.F.);
#5269 = EDGE_CURVE('',#5270,#5261,#5272,.T.);
#5270 = VERTEX_POINT('',#5271);
#5271 = CARTESIAN_POINT('',(47.81329,-79.378859,1.51));
#5272 = CIRCLE('',#5273,0.499999729127);
#5273 = AXIS2_PLACEMENT_3D('',#5274,#5275,#5276);
#5274 = CARTESIAN_POINT('',(47.561031745676,-79.81055970911,1.51));
#5275 = DIRECTION('',(0.,0.,1.));
#5276 = DIRECTION('',(0.504516781969,0.863401885979,-0.));
#5277 = ORIENTED_EDGE('',*,*,#5278,.F.);
#5278 = EDGE_CURVE('',#5279,#5270,#5281,.T.);
#5279 = VERTEX_POINT('',#5280);
#5280 = CARTESIAN_POINT('',(48.065548,-79.447158,1.51));
#5281 = CIRCLE('',#5282,0.500008729288);
#5282 = AXIS2_PLACEMENT_3D('',#5283,#5284,#5285);
#5283 = CARTESIAN_POINT('',(48.065550656878,-78.94714927071,1.51));
#5284 = DIRECTION('',(0.,0.,-1.));
#5285 = DIRECTION('',(-5.313662725299E-06,-0.999999999986,-0.));
#5286 = ORIENTED_EDGE('',*,*,#5287,.F.);
#5287 = EDGE_CURVE('',#5288,#5279,#5290,.T.);
#5288 = VERTEX_POINT('',#5289);
#5289 = CARTESIAN_POINT('',(49.654454,-79.447159,1.51));
#5290 = LINE('',#5291,#5292);
#5291 = CARTESIAN_POINT('',(49.654454,-79.447159,1.51));
#5292 = VECTOR('',#5293,1.);
#5293 = DIRECTION('',(-1.,6.29363850017E-07,0.));
#5294 = ORIENTED_EDGE('',*,*,#5295,.F.);
#5295 = EDGE_CURVE('',#5165,#5288,#5296,.T.);
#5296 = CIRCLE('',#5297,0.500008729288);
#5297 = AXIS2_PLACEMENT_3D('',#5298,#5299,#5300);
#5298 = CARTESIAN_POINT('',(49.654451343122,-78.94715027071,1.51));
#5299 = DIRECTION('',(0.,0.,-1.));
#5300 = DIRECTION('',(0.504512505685,-0.863404384751,0.));
#5301 = FACE_BOUND('',#5302,.T.);
#5302 = EDGE_LOOP('',(#5303));
#5303 = ORIENTED_EDGE('',*,*,#5304,.T.);
#5304 = EDGE_CURVE('',#5305,#5305,#5307,.T.);
#5305 = VERTEX_POINT('',#5306);
#5306 = CARTESIAN_POINT('',(43.805,-77.475,1.51));
#5307 = CIRCLE('',#5308,0.85);
#5308 = AXIS2_PLACEMENT_3D('',#5309,#5310,#5311);
#5309 = CARTESIAN_POINT('',(43.805,-76.625,1.51));
#5310 = DIRECTION('',(-0.,0.,-1.));
#5311 = DIRECTION('',(-0.,-1.,0.));
#5312 = FACE_BOUND('',#5313,.T.);
#5313 = EDGE_LOOP('',(#5314));
#5314 = ORIENTED_EDGE('',*,*,#5315,.T.);
#5315 = EDGE_CURVE('',#5316,#5316,#5318,.T.);
#5316 = VERTEX_POINT('',#5317);
#5317 = CARTESIAN_POINT('',(45.075,-74.835,1.51));
#5318 = CIRCLE('',#5319,0.75);
#5319 = AXIS2_PLACEMENT_3D('',#5320,#5321,#5322);
#5320 = CARTESIAN_POINT('',(45.075,-74.085,1.51));
#5321 = DIRECTION('',(-0.,0.,-1.));
#5322 = DIRECTION('',(-0.,-1.,0.));
#5323 = FACE_BOUND('',#5324,.T.);
#5324 = EDGE_LOOP('',(#5325));
#5325 = ORIENTED_EDGE('',*,*,#5326,.T.);
#5326 = EDGE_CURVE('',#5327,#5327,#5329,.T.);
#5327 = VERTEX_POINT('',#5328);
#5328 = CARTESIAN_POINT('',(48.885,-78.625,1.51));
#5329 = CIRCLE('',#5330,2.);
#5330 = AXIS2_PLACEMENT_3D('',#5331,#5332,#5333);
#5331 = CARTESIAN_POINT('',(48.885,-76.625,1.51));
#5332 = DIRECTION('',(-0.,0.,-1.));
#5333 = DIRECTION('',(-0.,-1.,0.));
#5334 = FACE_BOUND('',#5335,.T.);
#5335 = EDGE_LOOP('',(#5336));
#5336 = ORIENTED_EDGE('',*,*,#5337,.T.);
#5337 = EDGE_CURVE('',#5338,#5338,#5340,.T.);
#5338 = VERTEX_POINT('',#5339);
#5339 = CARTESIAN_POINT('',(53.965,-77.475,1.51));
#5340 = CIRCLE('',#5341,0.85);
#5341 = AXIS2_PLACEMENT_3D('',#5342,#5343,#5344);
#5342 = CARTESIAN_POINT('',(53.965,-76.625,1.51));
#5343 = DIRECTION('',(-0.,0.,-1.));
#5344 = DIRECTION('',(-0.,-1.,0.));
#5345 = FACE_BOUND('',#5346,.T.);
#5346 = EDGE_LOOP('',(#5347));
#5347 = ORIENTED_EDGE('',*,*,#5348,.T.);
#5348 = EDGE_CURVE('',#5349,#5349,#5351,.T.);
#5349 = VERTEX_POINT('',#5350);
#5350 = CARTESIAN_POINT('',(51.425,-72.295,1.51));
#5351 = CIRCLE('',#5352,0.75);
#5352 = AXIS2_PLACEMENT_3D('',#5353,#5354,#5355);
#5353 = CARTESIAN_POINT('',(51.425,-71.545,1.51));
#5354 = DIRECTION('',(-0.,0.,-1.));
#5355 = DIRECTION('',(-0.,-1.,0.));
#5356 = FACE_BOUND('',#5357,.T.);
#5357 = EDGE_LOOP('',(#5358,#5369,#5378,#5386,#5395,#5404,#5413,#5421,
    #5430,#5439,#5448,#5456,#5465,#5474,#5483,#5491));
#5358 = ORIENTED_EDGE('',*,*,#5359,.F.);
#5359 = EDGE_CURVE('',#5360,#5362,#5364,.T.);
#5360 = VERTEX_POINT('',#5361);
#5361 = CARTESIAN_POINT('',(69.609485,-80.027438,1.51));
#5362 = VERTEX_POINT('',#5363);
#5363 = CARTESIAN_POINT('',(68.906712,-79.37886,1.51));
#5364 = CIRCLE('',#5365,0.499999422661);
#5365 = AXIS2_PLACEMENT_3D('',#5366,#5367,#5368);
#5366 = CARTESIAN_POINT('',(69.158970295513,-79.81056033009,1.51));
#5367 = DIRECTION('',(0.,0.,1.));
#5368 = DIRECTION('',(0.901030449374,-0.433755840654,0.));
#5369 = ORIENTED_EDGE('',*,*,#5370,.F.);
#5370 = EDGE_CURVE('',#5371,#5360,#5373,.T.);
#5371 = VERTEX_POINT('',#5372);
#5372 = CARTESIAN_POINT('',(69.56,-80.244315,1.51));
#5373 = CIRCLE('',#5374,0.499989884978);
#5374 = AXIS2_PLACEMENT_3D('',#5375,#5376,#5377);
#5375 = CARTESIAN_POINT('',(70.059989884977,-80.24431407911,1.51));
#5376 = DIRECTION('',(0.,0.,-1.));
#5377 = DIRECTION('',(-0.999999999998,-1.841808624623E-06,-0.));
#5378 = ORIENTED_EDGE('',*,*,#5379,.F.);
#5379 = EDGE_CURVE('',#5380,#5371,#5382,.T.);
#5380 = VERTEX_POINT('',#5381);
#5381 = CARTESIAN_POINT('',(69.56,-81.65,1.51));
#5382 = LINE('',#5383,#5384);
#5383 = CARTESIAN_POINT('',(69.56,-81.65,1.51));
#5384 = VECTOR('',#5385,1.);
#5385 = DIRECTION('',(0.,1.,0.));
#5386 = ORIENTED_EDGE('',*,*,#5387,.F.);
#5387 = EDGE_CURVE('',#5388,#5380,#5390,.T.);
#5388 = VERTEX_POINT('',#5389);
#5389 = CARTESIAN_POINT('',(69.609485,-81.866878,1.51));
#5390 = CIRCLE('',#5391,0.499989885034);
#5391 = AXIS2_PLACEMENT_3D('',#5392,#5393,#5394);
#5392 = CARTESIAN_POINT('',(70.059989885031,-81.65000192086,1.51));
#5393 = DIRECTION('',(0.,0.,-1.));
#5394 = DIRECTION('',(-0.901027997796,-0.43376093322,-0.));
#5395 = ORIENTED_EDGE('',*,*,#5396,.F.);
#5396 = EDGE_CURVE('',#5397,#5388,#5399,.T.);
#5397 = VERTEX_POINT('',#5398);
#5398 = CARTESIAN_POINT('',(68.906712,-82.515457,1.51));
#5399 = CIRCLE('',#5400,0.499999448976);
#5400 = AXIS2_PLACEMENT_3D('',#5401,#5402,#5403);
#5401 = CARTESIAN_POINT('',(69.158970904285,-82.08375699515,1.51));
#5402 = DIRECTION('',(0.,0.,1.));
#5403 = DIRECTION('',(-0.504518364574,-0.863400961204,0.));
#5404 = ORIENTED_EDGE('',*,*,#5405,.F.);
#5405 = EDGE_CURVE('',#5406,#5397,#5408,.T.);
#5406 = VERTEX_POINT('',#5407);
#5407 = CARTESIAN_POINT('',(68.654453,-82.447158,1.51));
#5408 = CIRCLE('',#5409,0.500008729226);
#5409 = AXIS2_PLACEMENT_3D('',#5410,#5411,#5412);
#5410 = CARTESIAN_POINT('',(68.654451343146,-82.94716672922,1.51));
#5411 = DIRECTION('',(0.,0.,-1.));
#5412 = DIRECTION('',(3.313649317029E-06,0.999999999995,0.));
#5413 = ORIENTED_EDGE('',*,*,#5414,.F.);
#5414 = EDGE_CURVE('',#5415,#5406,#5417,.T.);
#5415 = VERTEX_POINT('',#5416);
#5416 = CARTESIAN_POINT('',(67.065549,-82.447158,1.51));
#5417 = LINE('',#5418,#5419);
#5418 = CARTESIAN_POINT('',(67.065549,-82.447158,1.51));
#5419 = VECTOR('',#5420,1.);
#5420 = DIRECTION('',(1.,0.,0.));
#5421 = ORIENTED_EDGE('',*,*,#5422,.F.);
#5422 = EDGE_CURVE('',#5423,#5415,#5425,.T.);
#5423 = VERTEX_POINT('',#5424);
#5424 = CARTESIAN_POINT('',(66.813291,-82.515457,1.51));
#5425 = CIRCLE('',#5426,0.500008729288);
#5426 = AXIS2_PLACEMENT_3D('',#5427,#5428,#5429);
#5427 = CARTESIAN_POINT('',(67.065551656878,-82.94716672928,1.51));
#5428 = DIRECTION('',(0.,0.,-1.));
#5429 = DIRECTION('',(-0.504512505685,0.863404384751,0.));
#5430 = ORIENTED_EDGE('',*,*,#5431,.F.);
#5431 = EDGE_CURVE('',#5432,#5423,#5434,.T.);
#5432 = VERTEX_POINT('',#5433);
#5433 = CARTESIAN_POINT('',(66.110517,-81.866878,1.51));
#5434 = CIRCLE('',#5435,0.500000669307);
#5435 = AXIS2_PLACEMENT_3D('',#5436,#5437,#5438);
#5436 = CARTESIAN_POINT('',(66.561033535509,-82.08375474043,1.51));
#5437 = DIRECTION('',(0.,0.,1.));
#5438 = DIRECTION('',(-0.901031864884,0.433752900236,0.));
#5439 = ORIENTED_EDGE('',*,*,#5440,.F.);
#5440 = EDGE_CURVE('',#5441,#5432,#5443,.T.);
#5441 = VERTEX_POINT('',#5442);
#5442 = CARTESIAN_POINT('',(66.160002,-81.65,1.51));
#5443 = CIRCLE('',#5444,0.499989885034);
#5444 = AXIS2_PLACEMENT_3D('',#5445,#5446,#5447);
#5445 = CARTESIAN_POINT('',(65.660012114969,-81.65000192086,1.51));
#5446 = DIRECTION('',(0.,0.,-1.));
#5447 = DIRECTION('',(0.999999999993,3.841811363674E-06,0.));
#5448 = ORIENTED_EDGE('',*,*,#5449,.F.);
#5449 = EDGE_CURVE('',#5450,#5441,#5452,.T.);
#5450 = VERTEX_POINT('',#5451);
#5451 = CARTESIAN_POINT('',(66.160002,-80.244316,1.51));
#5452 = LINE('',#5453,#5454);
#5453 = CARTESIAN_POINT('',(66.160002,-80.244316,1.51));
#5454 = VECTOR('',#5455,1.);
#5455 = DIRECTION('',(0.,-1.,0.));
#5456 = ORIENTED_EDGE('',*,*,#5457,.F.);
#5457 = EDGE_CURVE('',#5458,#5450,#5460,.T.);
#5458 = VERTEX_POINT('',#5459);
#5459 = CARTESIAN_POINT('',(66.110517,-80.027438,1.51));
#5460 = CIRCLE('',#5461,0.499989885034);
#5461 = AXIS2_PLACEMENT_3D('',#5462,#5463,#5464);
#5462 = CARTESIAN_POINT('',(65.660012114969,-80.24431407913,1.51));
#5463 = DIRECTION('',(0.,0.,-1.));
#5464 = DIRECTION('',(0.901027997796,0.43376093322,0.));
#5465 = ORIENTED_EDGE('',*,*,#5466,.F.);
#5466 = EDGE_CURVE('',#5467,#5458,#5469,.T.);
#5467 = VERTEX_POINT('',#5468);
#5468 = CARTESIAN_POINT('',(66.81329,-79.378859,1.51));
#5469 = CIRCLE('',#5470,0.499999729127);
#5470 = AXIS2_PLACEMENT_3D('',#5471,#5472,#5473);
#5471 = CARTESIAN_POINT('',(66.561031745676,-79.81055970911,1.51));
#5472 = DIRECTION('',(0.,0.,1.));
#5473 = DIRECTION('',(0.504516781969,0.863401885979,-0.));
#5474 = ORIENTED_EDGE('',*,*,#5475,.F.);
#5475 = EDGE_CURVE('',#5476,#5467,#5478,.T.);
#5476 = VERTEX_POINT('',#5477);
#5477 = CARTESIAN_POINT('',(67.065548,-79.447158,1.51));
#5478 = CIRCLE('',#5479,0.500008729288);
#5479 = AXIS2_PLACEMENT_3D('',#5480,#5481,#5482);
#5480 = CARTESIAN_POINT('',(67.065550656878,-78.94714927071,1.51));
#5481 = DIRECTION('',(0.,0.,-1.));
#5482 = DIRECTION('',(-5.313662711088E-06,-0.999999999986,-0.));
#5483 = ORIENTED_EDGE('',*,*,#5484,.F.);
#5484 = EDGE_CURVE('',#5485,#5476,#5487,.T.);
#5485 = VERTEX_POINT('',#5486);
#5486 = CARTESIAN_POINT('',(68.654454,-79.447159,1.51));
#5487 = LINE('',#5488,#5489);
#5488 = CARTESIAN_POINT('',(68.654454,-79.447159,1.51));
#5489 = VECTOR('',#5490,1.);
#5490 = DIRECTION('',(-1.,6.29363850017E-07,0.));
#5491 = ORIENTED_EDGE('',*,*,#5492,.F.);
#5492 = EDGE_CURVE('',#5362,#5485,#5493,.T.);
#5493 = CIRCLE('',#5494,0.500008729288);
#5494 = AXIS2_PLACEMENT_3D('',#5495,#5496,#5497);
#5495 = CARTESIAN_POINT('',(68.654451343122,-78.94715027071,1.51));
#5496 = DIRECTION('',(0.,0.,-1.));
#5497 = DIRECTION('',(0.504512505685,-0.863404384751,0.));
#5498 = FACE_BOUND('',#5499,.T.);
#5499 = EDGE_LOOP('',(#5500));
#5500 = ORIENTED_EDGE('',*,*,#5501,.T.);
#5501 = EDGE_CURVE('',#5502,#5502,#5504,.T.);
#5502 = VERTEX_POINT('',#5503);
#5503 = CARTESIAN_POINT('',(62.855,-77.475,1.51));
#5504 = CIRCLE('',#5505,0.85);
#5505 = AXIS2_PLACEMENT_3D('',#5506,#5507,#5508);
#5506 = CARTESIAN_POINT('',(62.855,-76.625,1.51));
#5507 = DIRECTION('',(-0.,0.,-1.));
#5508 = DIRECTION('',(-8.35932630306E-15,-1.,0.));
#5509 = FACE_BOUND('',#5510,.T.);
#5510 = EDGE_LOOP('',(#5511));
#5511 = ORIENTED_EDGE('',*,*,#5512,.T.);
#5512 = EDGE_CURVE('',#5513,#5513,#5515,.T.);
#5513 = VERTEX_POINT('',#5514);
#5514 = CARTESIAN_POINT('',(67.935,-78.625,1.51));
#5515 = CIRCLE('',#5516,2.);
#5516 = AXIS2_PLACEMENT_3D('',#5517,#5518,#5519);
#5517 = CARTESIAN_POINT('',(67.935,-76.625,1.51));
#5518 = DIRECTION('',(-0.,0.,-1.));
#5519 = DIRECTION('',(-0.,-1.,0.));
#5520 = FACE_BOUND('',#5521,.T.);
#5521 = EDGE_LOOP('',(#5522));
#5522 = ORIENTED_EDGE('',*,*,#5523,.T.);
#5523 = EDGE_CURVE('',#5524,#5524,#5526,.T.);
#5524 = VERTEX_POINT('',#5525);
#5525 = CARTESIAN_POINT('',(64.125,-74.835,1.51));
#5526 = CIRCLE('',#5527,0.75);
#5527 = AXIS2_PLACEMENT_3D('',#5528,#5529,#5530);
#5528 = CARTESIAN_POINT('',(64.125,-74.085,1.51));
#5529 = DIRECTION('',(-0.,0.,-1.));
#5530 = DIRECTION('',(-0.,-1.,0.));
#5531 = FACE_BOUND('',#5532,.T.);
#5532 = EDGE_LOOP('',(#5533));
#5533 = ORIENTED_EDGE('',*,*,#5534,.T.);
#5534 = EDGE_CURVE('',#5535,#5535,#5537,.T.);
#5535 = VERTEX_POINT('',#5536);
#5536 = CARTESIAN_POINT('',(73.015,-77.475,1.51));
#5537 = CIRCLE('',#5538,0.85);
#5538 = AXIS2_PLACEMENT_3D('',#5539,#5540,#5541);
#5539 = CARTESIAN_POINT('',(73.015,-76.625,1.51));
#5540 = DIRECTION('',(-0.,0.,-1.));
#5541 = DIRECTION('',(-0.,-1.,0.));
#5542 = FACE_BOUND('',#5543,.T.);
#5543 = EDGE_LOOP('',(#5544));
#5544 = ORIENTED_EDGE('',*,*,#5545,.T.);
#5545 = EDGE_CURVE('',#5546,#5546,#5548,.T.);
#5546 = VERTEX_POINT('',#5547);
#5547 = CARTESIAN_POINT('',(70.475,-72.295,1.51));
#5548 = CIRCLE('',#5549,0.75);
#5549 = AXIS2_PLACEMENT_3D('',#5550,#5551,#5552);
#5550 = CARTESIAN_POINT('',(70.475,-71.545,1.51));
#5551 = DIRECTION('',(-0.,0.,-1.));
#5552 = DIRECTION('',(-0.,-1.,0.));
#5553 = FACE_BOUND('',#5554,.T.);
#5554 = EDGE_LOOP('',(#5555,#5566,#5575,#5583,#5592,#5601,#5610,#5618,
    #5627,#5636,#5645,#5653,#5662,#5671,#5680,#5688));
#5555 = ORIENTED_EDGE('',*,*,#5556,.F.);
#5556 = EDGE_CURVE('',#5557,#5559,#5561,.T.);
#5557 = VERTEX_POINT('',#5558);
#5558 = CARTESIAN_POINT('',(89.109485,-99.027438,1.51));
#5559 = VERTEX_POINT('',#5560);
#5560 = CARTESIAN_POINT('',(88.406712,-98.37886,1.51));
#5561 = CIRCLE('',#5562,0.499999422661);
#5562 = AXIS2_PLACEMENT_3D('',#5563,#5564,#5565);
#5563 = CARTESIAN_POINT('',(88.658970295513,-98.81056033009,1.51));
#5564 = DIRECTION('',(0.,0.,1.));
#5565 = DIRECTION('',(0.901030449374,-0.433755840654,0.));
#5566 = ORIENTED_EDGE('',*,*,#5567,.F.);
#5567 = EDGE_CURVE('',#5568,#5557,#5570,.T.);
#5568 = VERTEX_POINT('',#5569);
#5569 = CARTESIAN_POINT('',(89.06,-99.244315,1.51));
#5570 = CIRCLE('',#5571,0.499989884978);
#5571 = AXIS2_PLACEMENT_3D('',#5572,#5573,#5574);
#5572 = CARTESIAN_POINT('',(89.559989884977,-99.24431407911,1.51));
#5573 = DIRECTION('',(0.,0.,-1.));
#5574 = DIRECTION('',(-0.999999999998,-1.841808624623E-06,-0.));
#5575 = ORIENTED_EDGE('',*,*,#5576,.F.);
#5576 = EDGE_CURVE('',#5577,#5568,#5579,.T.);
#5577 = VERTEX_POINT('',#5578);
#5578 = CARTESIAN_POINT('',(89.06,-100.65,1.51));
#5579 = LINE('',#5580,#5581);
#5580 = CARTESIAN_POINT('',(89.06,-100.65,1.51));
#5581 = VECTOR('',#5582,1.);
#5582 = DIRECTION('',(0.,1.,0.));
#5583 = ORIENTED_EDGE('',*,*,#5584,.F.);
#5584 = EDGE_CURVE('',#5585,#5577,#5587,.T.);
#5585 = VERTEX_POINT('',#5586);
#5586 = CARTESIAN_POINT('',(89.109485,-100.866878,1.51));
#5587 = CIRCLE('',#5588,0.499989885034);
#5588 = AXIS2_PLACEMENT_3D('',#5589,#5590,#5591);
#5589 = CARTESIAN_POINT('',(89.559989885031,-100.6500019208,1.51));
#5590 = DIRECTION('',(0.,0.,-1.));
#5591 = DIRECTION('',(-0.901027997796,-0.43376093322,-0.));
#5592 = ORIENTED_EDGE('',*,*,#5593,.F.);
#5593 = EDGE_CURVE('',#5594,#5585,#5596,.T.);
#5594 = VERTEX_POINT('',#5595);
#5595 = CARTESIAN_POINT('',(88.406712,-101.515457,1.51));
#5596 = CIRCLE('',#5597,0.499999448976);
#5597 = AXIS2_PLACEMENT_3D('',#5598,#5599,#5600);
#5598 = CARTESIAN_POINT('',(88.658970904285,-101.0837569951,1.51));
#5599 = DIRECTION('',(0.,0.,1.));
#5600 = DIRECTION('',(-0.504518364574,-0.863400961204,0.));
#5601 = ORIENTED_EDGE('',*,*,#5602,.F.);
#5602 = EDGE_CURVE('',#5603,#5594,#5605,.T.);
#5603 = VERTEX_POINT('',#5604);
#5604 = CARTESIAN_POINT('',(88.154453,-101.447158,1.51));
#5605 = CIRCLE('',#5606,0.500008729226);
#5606 = AXIS2_PLACEMENT_3D('',#5607,#5608,#5609);
#5607 = CARTESIAN_POINT('',(88.154451343146,-101.9471667292,1.51));
#5608 = DIRECTION('',(0.,0.,-1.));
#5609 = DIRECTION('',(3.313649317029E-06,0.999999999995,0.));
#5610 = ORIENTED_EDGE('',*,*,#5611,.F.);
#5611 = EDGE_CURVE('',#5612,#5603,#5614,.T.);
#5612 = VERTEX_POINT('',#5613);
#5613 = CARTESIAN_POINT('',(86.565549,-101.447158,1.51));
#5614 = LINE('',#5615,#5616);
#5615 = CARTESIAN_POINT('',(86.565549,-101.447158,1.51));
#5616 = VECTOR('',#5617,1.);
#5617 = DIRECTION('',(1.,0.,0.));
#5618 = ORIENTED_EDGE('',*,*,#5619,.F.);
#5619 = EDGE_CURVE('',#5620,#5612,#5622,.T.);
#5620 = VERTEX_POINT('',#5621);
#5621 = CARTESIAN_POINT('',(86.313291,-101.515457,1.51));
#5622 = CIRCLE('',#5623,0.500008729288);
#5623 = AXIS2_PLACEMENT_3D('',#5624,#5625,#5626);
#5624 = CARTESIAN_POINT('',(86.565551656878,-101.9471667292,1.51));
#5625 = DIRECTION('',(0.,0.,-1.));
#5626 = DIRECTION('',(-0.504512505685,0.863404384751,0.));
#5627 = ORIENTED_EDGE('',*,*,#5628,.F.);
#5628 = EDGE_CURVE('',#5629,#5620,#5631,.T.);
#5629 = VERTEX_POINT('',#5630);
#5630 = CARTESIAN_POINT('',(85.610517,-100.866878,1.51));
#5631 = CIRCLE('',#5632,0.500000669307);
#5632 = AXIS2_PLACEMENT_3D('',#5633,#5634,#5635);
#5633 = CARTESIAN_POINT('',(86.061033535509,-101.0837547404,1.51));
#5634 = DIRECTION('',(0.,0.,1.));
#5635 = DIRECTION('',(-0.901031864884,0.433752900236,0.));
#5636 = ORIENTED_EDGE('',*,*,#5637,.F.);
#5637 = EDGE_CURVE('',#5638,#5629,#5640,.T.);
#5638 = VERTEX_POINT('',#5639);
#5639 = CARTESIAN_POINT('',(85.660002,-100.65,1.51));
#5640 = CIRCLE('',#5641,0.499989885034);
#5641 = AXIS2_PLACEMENT_3D('',#5642,#5643,#5644);
#5642 = CARTESIAN_POINT('',(85.160012114969,-100.6500019208,1.51));
#5643 = DIRECTION('',(0.,0.,-1.));
#5644 = DIRECTION('',(0.999999999993,3.841811363674E-06,0.));
#5645 = ORIENTED_EDGE('',*,*,#5646,.F.);
#5646 = EDGE_CURVE('',#5647,#5638,#5649,.T.);
#5647 = VERTEX_POINT('',#5648);
#5648 = CARTESIAN_POINT('',(85.660002,-99.244316,1.51));
#5649 = LINE('',#5650,#5651);
#5650 = CARTESIAN_POINT('',(85.660002,-99.244316,1.51));
#5651 = VECTOR('',#5652,1.);
#5652 = DIRECTION('',(0.,-1.,0.));
#5653 = ORIENTED_EDGE('',*,*,#5654,.F.);
#5654 = EDGE_CURVE('',#5655,#5647,#5657,.T.);
#5655 = VERTEX_POINT('',#5656);
#5656 = CARTESIAN_POINT('',(85.610517,-99.027438,1.51));
#5657 = CIRCLE('',#5658,0.499989885034);
#5658 = AXIS2_PLACEMENT_3D('',#5659,#5660,#5661);
#5659 = CARTESIAN_POINT('',(85.160012114969,-99.24431407913,1.51));
#5660 = DIRECTION('',(0.,0.,-1.));
#5661 = DIRECTION('',(0.901027997796,0.43376093322,0.));
#5662 = ORIENTED_EDGE('',*,*,#5663,.F.);
#5663 = EDGE_CURVE('',#5664,#5655,#5666,.T.);
#5664 = VERTEX_POINT('',#5665);
#5665 = CARTESIAN_POINT('',(86.31329,-98.378859,1.51));
#5666 = CIRCLE('',#5667,0.499999729127);
#5667 = AXIS2_PLACEMENT_3D('',#5668,#5669,#5670);
#5668 = CARTESIAN_POINT('',(86.061031745676,-98.81055970911,1.51));
#5669 = DIRECTION('',(0.,0.,1.));
#5670 = DIRECTION('',(0.504516781969,0.863401885979,-0.));
#5671 = ORIENTED_EDGE('',*,*,#5672,.F.);
#5672 = EDGE_CURVE('',#5673,#5664,#5675,.T.);
#5673 = VERTEX_POINT('',#5674);
#5674 = CARTESIAN_POINT('',(86.565548,-98.447158,1.51));
#5675 = CIRCLE('',#5676,0.500008729288);
#5676 = AXIS2_PLACEMENT_3D('',#5677,#5678,#5679);
#5677 = CARTESIAN_POINT('',(86.565550656878,-97.94714927071,1.51));
#5678 = DIRECTION('',(0.,0.,-1.));
#5679 = DIRECTION('',(-5.313662711088E-06,-0.999999999986,-0.));
#5680 = ORIENTED_EDGE('',*,*,#5681,.F.);
#5681 = EDGE_CURVE('',#5682,#5673,#5684,.T.);
#5682 = VERTEX_POINT('',#5683);
#5683 = CARTESIAN_POINT('',(88.154454,-98.447159,1.51));
#5684 = LINE('',#5685,#5686);
#5685 = CARTESIAN_POINT('',(88.154454,-98.447159,1.51));
#5686 = VECTOR('',#5687,1.);
#5687 = DIRECTION('',(-1.,6.29363850017E-07,0.));
#5688 = ORIENTED_EDGE('',*,*,#5689,.F.);
#5689 = EDGE_CURVE('',#5559,#5682,#5690,.T.);
#5690 = CIRCLE('',#5691,0.500008729288);
#5691 = AXIS2_PLACEMENT_3D('',#5692,#5693,#5694);
#5692 = CARTESIAN_POINT('',(88.154451343122,-97.94715027071,1.51));
#5693 = DIRECTION('',(0.,0.,-1.));
#5694 = DIRECTION('',(0.504512505685,-0.863404384751,0.));
#5695 = FACE_BOUND('',#5696,.T.);
#5696 = EDGE_LOOP('',(#5697));
#5697 = ORIENTED_EDGE('',*,*,#5698,.T.);
#5698 = EDGE_CURVE('',#5699,#5699,#5701,.T.);
#5699 = VERTEX_POINT('',#5700);
#5700 = CARTESIAN_POINT('',(81.905,-96.525,1.51));
#5701 = CIRCLE('',#5702,0.85);
#5702 = AXIS2_PLACEMENT_3D('',#5703,#5704,#5705);
#5703 = CARTESIAN_POINT('',(81.905,-95.675,1.51));
#5704 = DIRECTION('',(-0.,0.,-1.));
#5705 = DIRECTION('',(-0.,-1.,0.));
#5706 = FACE_BOUND('',#5707,.T.);
#5707 = EDGE_LOOP('',(#5708));
#5708 = ORIENTED_EDGE('',*,*,#5709,.T.);
#5709 = EDGE_CURVE('',#5710,#5710,#5712,.T.);
#5710 = VERTEX_POINT('',#5711);
#5711 = CARTESIAN_POINT('',(86.985,-97.675,1.51));
#5712 = CIRCLE('',#5713,2.);
#5713 = AXIS2_PLACEMENT_3D('',#5714,#5715,#5716);
#5714 = CARTESIAN_POINT('',(86.985,-95.675,1.51));
#5715 = DIRECTION('',(-0.,0.,-1.));
#5716 = DIRECTION('',(-0.,-1.,0.));
#5717 = FACE_BOUND('',#5718,.T.);
#5718 = EDGE_LOOP('',(#5719));
#5719 = ORIENTED_EDGE('',*,*,#5720,.T.);
#5720 = EDGE_CURVE('',#5721,#5721,#5723,.T.);
#5721 = VERTEX_POINT('',#5722);
#5722 = CARTESIAN_POINT('',(83.175,-93.885,1.51));
#5723 = CIRCLE('',#5724,0.75);
#5724 = AXIS2_PLACEMENT_3D('',#5725,#5726,#5727);
#5725 = CARTESIAN_POINT('',(83.175,-93.135,1.51));
#5726 = DIRECTION('',(-0.,0.,-1.));
#5727 = DIRECTION('',(-0.,-1.,0.));
#5728 = FACE_BOUND('',#5729,.T.);
#5729 = EDGE_LOOP('',(#5730));
#5730 = ORIENTED_EDGE('',*,*,#5731,.T.);
#5731 = EDGE_CURVE('',#5732,#5732,#5734,.T.);
#5732 = VERTEX_POINT('',#5733);
#5733 = CARTESIAN_POINT('',(89.525,-91.345,1.51));
#5734 = CIRCLE('',#5735,0.75);
#5735 = AXIS2_PLACEMENT_3D('',#5736,#5737,#5738);
#5736 = CARTESIAN_POINT('',(89.525,-90.595,1.51));
#5737 = DIRECTION('',(-0.,0.,-1.));
#5738 = DIRECTION('',(-0.,-1.,0.));
#5739 = FACE_BOUND('',#5740,.T.);
#5740 = EDGE_LOOP('',(#5741));
#5741 = ORIENTED_EDGE('',*,*,#5742,.T.);
#5742 = EDGE_CURVE('',#5743,#5743,#5745,.T.);
#5743 = VERTEX_POINT('',#5744);
#5744 = CARTESIAN_POINT('',(92.065,-96.525,1.51));
#5745 = CIRCLE('',#5746,0.85);
#5746 = AXIS2_PLACEMENT_3D('',#5747,#5748,#5749);
#5747 = CARTESIAN_POINT('',(92.065,-95.675,1.51));
#5748 = DIRECTION('',(-0.,0.,-1.));
#5749 = DIRECTION('',(-0.,-1.,0.));
#5750 = FACE_BOUND('',#5751,.T.);
#5751 = EDGE_LOOP('',(#5752));
#5752 = ORIENTED_EDGE('',*,*,#5753,.T.);
#5753 = EDGE_CURVE('',#5754,#5754,#5756,.T.);
#5754 = VERTEX_POINT('',#5755);
#5755 = CARTESIAN_POINT('',(107.84,-102.85,1.51));
#5756 = CIRCLE('',#5757,0.5);
#5757 = AXIS2_PLACEMENT_3D('',#5758,#5759,#5760);
#5758 = CARTESIAN_POINT('',(107.84,-102.35,1.51));
#5759 = DIRECTION('',(-0.,0.,-1.));
#5760 = DIRECTION('',(-0.,-1.,0.));
#5761 = FACE_BOUND('',#5762,.T.);
#5762 = EDGE_LOOP('',(#5763));
#5763 = ORIENTED_EDGE('',*,*,#5764,.T.);
#5764 = EDGE_CURVE('',#5765,#5765,#5767,.T.);
#5765 = VERTEX_POINT('',#5766);
#5766 = CARTESIAN_POINT('',(110.38,-102.85,1.51));
#5767 = CIRCLE('',#5768,0.5);
#5768 = AXIS2_PLACEMENT_3D('',#5769,#5770,#5771);
#5769 = CARTESIAN_POINT('',(110.38,-102.35,1.51));
#5770 = DIRECTION('',(-0.,0.,-1.));
#5771 = DIRECTION('',(-0.,-1.,0.));
#5772 = FACE_BOUND('',#5773,.T.);
#5773 = EDGE_LOOP('',(#5774));
#5774 = ORIENTED_EDGE('',*,*,#5775,.T.);
#5775 = EDGE_CURVE('',#5776,#5776,#5778,.T.);
#5776 = VERTEX_POINT('',#5777);
#5777 = CARTESIAN_POINT('',(112.92,-102.85,1.51));
#5778 = CIRCLE('',#5779,0.5);
#5779 = AXIS2_PLACEMENT_3D('',#5780,#5781,#5782);
#5780 = CARTESIAN_POINT('',(112.92,-102.35,1.51));
#5781 = DIRECTION('',(-0.,0.,-1.));
#5782 = DIRECTION('',(-0.,-1.,0.));
#5783 = FACE_BOUND('',#5784,.T.);
#5784 = EDGE_LOOP('',(#5785));
#5785 = ORIENTED_EDGE('',*,*,#5786,.T.);
#5786 = EDGE_CURVE('',#5787,#5787,#5789,.T.);
#5787 = VERTEX_POINT('',#5788);
#5788 = CARTESIAN_POINT('',(124.5186,-109.3007,1.51));
#5789 = CIRCLE('',#5790,1.6);
#5790 = AXIS2_PLACEMENT_3D('',#5791,#5792,#5793);
#5791 = CARTESIAN_POINT('',(124.5186,-107.7007,1.51));
#5792 = DIRECTION('',(-0.,0.,-1.));
#5793 = DIRECTION('',(8.881784197001E-15,-1.,-0.));
#5794 = FACE_BOUND('',#5795,.T.);
#5795 = EDGE_LOOP('',(#5796));
#5796 = ORIENTED_EDGE('',*,*,#5797,.T.);
#5797 = EDGE_CURVE('',#5798,#5798,#5800,.T.);
#5798 = VERTEX_POINT('',#5799);
#5799 = CARTESIAN_POINT('',(115.46,-102.85,1.51));
#5800 = CIRCLE('',#5801,0.5);
#5801 = AXIS2_PLACEMENT_3D('',#5802,#5803,#5804);
#5802 = CARTESIAN_POINT('',(115.46,-102.35,1.51));
#5803 = DIRECTION('',(-0.,0.,-1.));
#5804 = DIRECTION('',(-0.,-1.,0.));
#5805 = FACE_BOUND('',#5806,.T.);
#5806 = EDGE_LOOP('',(#5807));
#5807 = ORIENTED_EDGE('',*,*,#5808,.T.);
#5808 = EDGE_CURVE('',#5809,#5809,#5811,.T.);
#5809 = VERTEX_POINT('',#5810);
#5810 = CARTESIAN_POINT('',(118.,-102.85,1.51));
#5811 = CIRCLE('',#5812,0.5);
#5812 = AXIS2_PLACEMENT_3D('',#5813,#5814,#5815);
#5813 = CARTESIAN_POINT('',(118.,-102.35,1.51));
#5814 = DIRECTION('',(-0.,0.,-1.));
#5815 = DIRECTION('',(-0.,-1.,0.));
#5816 = FACE_BOUND('',#5817,.T.);
#5817 = EDGE_LOOP('',(#5818));
#5818 = ORIENTED_EDGE('',*,*,#5819,.T.);
#5819 = EDGE_CURVE('',#5820,#5820,#5822,.T.);
#5820 = VERTEX_POINT('',#5821);
#5821 = CARTESIAN_POINT('',(120.54,-102.85,1.51));
#5822 = CIRCLE('',#5823,0.5);
#5823 = AXIS2_PLACEMENT_3D('',#5824,#5825,#5826);
#5824 = CARTESIAN_POINT('',(120.54,-102.35,1.51));
#5825 = DIRECTION('',(-0.,0.,-1.));
#5826 = DIRECTION('',(-0.,-1.,0.));
#5827 = FACE_BOUND('',#5828,.T.);
#5828 = EDGE_LOOP('',(#5829));
#5829 = ORIENTED_EDGE('',*,*,#5830,.T.);
#5830 = EDGE_CURVE('',#5831,#5831,#5833,.T.);
#5831 = VERTEX_POINT('',#5832);
#5832 = CARTESIAN_POINT('',(123.08,-102.85,1.51));
#5833 = CIRCLE('',#5834,0.5);
#5834 = AXIS2_PLACEMENT_3D('',#5835,#5836,#5837);
#5835 = CARTESIAN_POINT('',(123.08,-102.35,1.51));
#5836 = DIRECTION('',(-0.,0.,-1.));
#5837 = DIRECTION('',(-0.,-1.,0.));
#5838 = FACE_BOUND('',#5839,.T.);
#5839 = EDGE_LOOP('',(#5840,#5851,#5860,#5868,#5877,#5886,#5895,#5903,
    #5912,#5921,#5930,#5938,#5947,#5956,#5965,#5973));
#5840 = ORIENTED_EDGE('',*,*,#5841,.F.);
#5841 = EDGE_CURVE('',#5842,#5844,#5846,.T.);
#5842 = VERTEX_POINT('',#5843);
#5843 = CARTESIAN_POINT('',(89.109485,-80.027438,1.51));
#5844 = VERTEX_POINT('',#5845);
#5845 = CARTESIAN_POINT('',(88.406712,-79.37886,1.51));
#5846 = CIRCLE('',#5847,0.499999422661);
#5847 = AXIS2_PLACEMENT_3D('',#5848,#5849,#5850);
#5848 = CARTESIAN_POINT('',(88.658970295513,-79.81056033009,1.51));
#5849 = DIRECTION('',(0.,0.,1.));
#5850 = DIRECTION('',(0.901030449374,-0.433755840654,0.));
#5851 = ORIENTED_EDGE('',*,*,#5852,.F.);
#5852 = EDGE_CURVE('',#5853,#5842,#5855,.T.);
#5853 = VERTEX_POINT('',#5854);
#5854 = CARTESIAN_POINT('',(89.06,-80.244316,1.51));
#5855 = CIRCLE('',#5856,0.499989885034);
#5856 = AXIS2_PLACEMENT_3D('',#5857,#5858,#5859);
#5857 = CARTESIAN_POINT('',(89.559989885031,-80.24431407913,1.51));
#5858 = DIRECTION('',(0.,0.,-1.));
#5859 = DIRECTION('',(-0.999999999993,-3.841811392097E-06,-0.));
#5860 = ORIENTED_EDGE('',*,*,#5861,.F.);
#5861 = EDGE_CURVE('',#5862,#5853,#5864,.T.);
#5862 = VERTEX_POINT('',#5863);
#5863 = CARTESIAN_POINT('',(89.06,-81.65,1.51));
#5864 = LINE('',#5865,#5866);
#5865 = CARTESIAN_POINT('',(89.06,-81.65,1.51));
#5866 = VECTOR('',#5867,1.);
#5867 = DIRECTION('',(0.,1.,0.));
#5868 = ORIENTED_EDGE('',*,*,#5869,.F.);
#5869 = EDGE_CURVE('',#5870,#5862,#5872,.T.);
#5870 = VERTEX_POINT('',#5871);
#5871 = CARTESIAN_POINT('',(89.109485,-81.866878,1.51));
#5872 = CIRCLE('',#5873,0.499989885034);
#5873 = AXIS2_PLACEMENT_3D('',#5874,#5875,#5876);
#5874 = CARTESIAN_POINT('',(89.559989885031,-81.65000192086,1.51));
#5875 = DIRECTION('',(0.,0.,-1.));
#5876 = DIRECTION('',(-0.901027997796,-0.43376093322,-0.));
#5877 = ORIENTED_EDGE('',*,*,#5878,.F.);
#5878 = EDGE_CURVE('',#5879,#5870,#5881,.T.);
#5879 = VERTEX_POINT('',#5880);
#5880 = CARTESIAN_POINT('',(88.406712,-82.515457,1.51));
#5881 = CIRCLE('',#5882,0.499999448976);
#5882 = AXIS2_PLACEMENT_3D('',#5883,#5884,#5885);
#5883 = CARTESIAN_POINT('',(88.658970904285,-82.08375699515,1.51));
#5884 = DIRECTION('',(0.,0.,1.));
#5885 = DIRECTION('',(-0.504518364574,-0.863400961204,0.));
#5886 = ORIENTED_EDGE('',*,*,#5887,.F.);
#5887 = EDGE_CURVE('',#5888,#5879,#5890,.T.);
#5888 = VERTEX_POINT('',#5889);
#5889 = CARTESIAN_POINT('',(88.154453,-82.447158,1.51));
#5890 = CIRCLE('',#5891,0.500008729226);
#5891 = AXIS2_PLACEMENT_3D('',#5892,#5893,#5894);
#5892 = CARTESIAN_POINT('',(88.154451343146,-82.94716672922,1.51));
#5893 = DIRECTION('',(0.,0.,-1.));
#5894 = DIRECTION('',(3.313649317029E-06,0.999999999995,0.));
#5895 = ORIENTED_EDGE('',*,*,#5896,.F.);
#5896 = EDGE_CURVE('',#5897,#5888,#5899,.T.);
#5897 = VERTEX_POINT('',#5898);
#5898 = CARTESIAN_POINT('',(86.565549,-82.447158,1.51));
#5899 = LINE('',#5900,#5901);
#5900 = CARTESIAN_POINT('',(86.565549,-82.447158,1.51));
#5901 = VECTOR('',#5902,1.);
#5902 = DIRECTION('',(1.,0.,0.));
#5903 = ORIENTED_EDGE('',*,*,#5904,.F.);
#5904 = EDGE_CURVE('',#5905,#5897,#5907,.T.);
#5905 = VERTEX_POINT('',#5906);
#5906 = CARTESIAN_POINT('',(86.313291,-82.515457,1.51));
#5907 = CIRCLE('',#5908,0.500008729288);
#5908 = AXIS2_PLACEMENT_3D('',#5909,#5910,#5911);
#5909 = CARTESIAN_POINT('',(86.565551656878,-82.94716672928,1.51));
#5910 = DIRECTION('',(0.,0.,-1.));
#5911 = DIRECTION('',(-0.504512505685,0.863404384751,0.));
#5912 = ORIENTED_EDGE('',*,*,#5913,.F.);
#5913 = EDGE_CURVE('',#5914,#5905,#5916,.T.);
#5914 = VERTEX_POINT('',#5915);
#5915 = CARTESIAN_POINT('',(85.610517,-81.866878,1.51));
#5916 = CIRCLE('',#5917,0.500000669307);
#5917 = AXIS2_PLACEMENT_3D('',#5918,#5919,#5920);
#5918 = CARTESIAN_POINT('',(86.061033535509,-82.08375474043,1.51));
#5919 = DIRECTION('',(0.,0.,1.));
#5920 = DIRECTION('',(-0.901031864884,0.433752900236,0.));
#5921 = ORIENTED_EDGE('',*,*,#5922,.F.);
#5922 = EDGE_CURVE('',#5923,#5914,#5925,.T.);
#5923 = VERTEX_POINT('',#5924);
#5924 = CARTESIAN_POINT('',(85.660002,-81.650001,1.51));
#5925 = CIRCLE('',#5926,0.499989884978);
#5926 = AXIS2_PLACEMENT_3D('',#5927,#5928,#5929);
#5927 = CARTESIAN_POINT('',(85.160012115023,-81.65000192088,1.51));
#5928 = DIRECTION('',(0.,0.,-1.));
#5929 = DIRECTION('',(0.999999999998,1.841808567778E-06,0.));
#5930 = ORIENTED_EDGE('',*,*,#5931,.F.);
#5931 = EDGE_CURVE('',#5932,#5923,#5934,.T.);
#5932 = VERTEX_POINT('',#5933);
#5933 = CARTESIAN_POINT('',(85.660002,-80.244316,1.51));
#5934 = LINE('',#5935,#5936);
#5935 = CARTESIAN_POINT('',(85.660002,-80.244316,1.51));
#5936 = VECTOR('',#5937,1.);
#5937 = DIRECTION('',(0.,-1.,0.));
#5938 = ORIENTED_EDGE('',*,*,#5939,.F.);
#5939 = EDGE_CURVE('',#5940,#5932,#5942,.T.);
#5940 = VERTEX_POINT('',#5941);
#5941 = CARTESIAN_POINT('',(85.610517,-80.027438,1.51));
#5942 = CIRCLE('',#5943,0.499989885034);
#5943 = AXIS2_PLACEMENT_3D('',#5944,#5945,#5946);
#5944 = CARTESIAN_POINT('',(85.160012114969,-80.24431407913,1.51));
#5945 = DIRECTION('',(0.,0.,-1.));
#5946 = DIRECTION('',(0.901027997796,0.43376093322,0.));
#5947 = ORIENTED_EDGE('',*,*,#5948,.F.);
#5948 = EDGE_CURVE('',#5949,#5940,#5951,.T.);
#5949 = VERTEX_POINT('',#5950);
#5950 = CARTESIAN_POINT('',(86.31329,-79.378859,1.51));
#5951 = CIRCLE('',#5952,0.499999729127);
#5952 = AXIS2_PLACEMENT_3D('',#5953,#5954,#5955);
#5953 = CARTESIAN_POINT('',(86.061031745676,-79.81055970911,1.51));
#5954 = DIRECTION('',(0.,0.,1.));
#5955 = DIRECTION('',(0.504516781969,0.863401885979,-0.));
#5956 = ORIENTED_EDGE('',*,*,#5957,.F.);
#5957 = EDGE_CURVE('',#5958,#5949,#5960,.T.);
#5958 = VERTEX_POINT('',#5959);
#5959 = CARTESIAN_POINT('',(86.565548,-79.447158,1.51));
#5960 = CIRCLE('',#5961,0.500008729288);
#5961 = AXIS2_PLACEMENT_3D('',#5962,#5963,#5964);
#5962 = CARTESIAN_POINT('',(86.565550656878,-78.94714927071,1.51));
#5963 = DIRECTION('',(0.,0.,-1.));
#5964 = DIRECTION('',(-5.313662711088E-06,-0.999999999986,-0.));
#5965 = ORIENTED_EDGE('',*,*,#5966,.F.);
#5966 = EDGE_CURVE('',#5967,#5958,#5969,.T.);
#5967 = VERTEX_POINT('',#5968);
#5968 = CARTESIAN_POINT('',(88.154454,-79.447159,1.51));
#5969 = LINE('',#5970,#5971);
#5970 = CARTESIAN_POINT('',(88.154454,-79.447159,1.51));
#5971 = VECTOR('',#5972,1.);
#5972 = DIRECTION('',(-1.,6.29363850017E-07,0.));
#5973 = ORIENTED_EDGE('',*,*,#5974,.F.);
#5974 = EDGE_CURVE('',#5844,#5967,#5975,.T.);
#5975 = CIRCLE('',#5976,0.500008729288);
#5976 = AXIS2_PLACEMENT_3D('',#5977,#5978,#5979);
#5977 = CARTESIAN_POINT('',(88.154451343122,-78.94715027071,1.51));
#5978 = DIRECTION('',(0.,0.,-1.));
#5979 = DIRECTION('',(0.504512505685,-0.863404384751,0.));
#5980 = FACE_BOUND('',#5981,.T.);
#5981 = EDGE_LOOP('',(#5982));
#5982 = ORIENTED_EDGE('',*,*,#5983,.T.);
#5983 = EDGE_CURVE('',#5984,#5984,#5986,.T.);
#5984 = VERTEX_POINT('',#5985);
#5985 = CARTESIAN_POINT('',(81.905,-77.475,1.51));
#5986 = CIRCLE('',#5987,0.85);
#5987 = AXIS2_PLACEMENT_3D('',#5988,#5989,#5990);
#5988 = CARTESIAN_POINT('',(81.905,-76.625,1.51));
#5989 = DIRECTION('',(-0.,0.,-1.));
#5990 = DIRECTION('',(-0.,-1.,0.));
#5991 = FACE_BOUND('',#5992,.T.);
#5992 = EDGE_LOOP('',(#5993));
#5993 = ORIENTED_EDGE('',*,*,#5994,.T.);
#5994 = EDGE_CURVE('',#5995,#5995,#5997,.T.);
#5995 = VERTEX_POINT('',#5996);
#5996 = CARTESIAN_POINT('',(83.175,-74.835,1.51));
#5997 = CIRCLE('',#5998,0.75);
#5998 = AXIS2_PLACEMENT_3D('',#5999,#6000,#6001);
#5999 = CARTESIAN_POINT('',(83.175,-74.085,1.51));
#6000 = DIRECTION('',(-0.,0.,-1.));
#6001 = DIRECTION('',(-0.,-1.,0.));
#6002 = FACE_BOUND('',#6003,.T.);
#6003 = EDGE_LOOP('',(#6004));
#6004 = ORIENTED_EDGE('',*,*,#6005,.T.);
#6005 = EDGE_CURVE('',#6006,#6006,#6008,.T.);
#6006 = VERTEX_POINT('',#6007);
#6007 = CARTESIAN_POINT('',(86.985,-78.625,1.51));
#6008 = CIRCLE('',#6009,2.);
#6009 = AXIS2_PLACEMENT_3D('',#6010,#6011,#6012);
#6010 = CARTESIAN_POINT('',(86.985,-76.625,1.51));
#6011 = DIRECTION('',(-0.,0.,-1.));
#6012 = DIRECTION('',(-0.,-1.,0.));
#6013 = FACE_BOUND('',#6014,.T.);
#6014 = EDGE_LOOP('',(#6015));
#6015 = ORIENTED_EDGE('',*,*,#6016,.T.);
#6016 = EDGE_CURVE('',#6017,#6017,#6019,.T.);
#6017 = VERTEX_POINT('',#6018);
#6018 = CARTESIAN_POINT('',(89.525,-72.295,1.51));
#6019 = CIRCLE('',#6020,0.75);
#6020 = AXIS2_PLACEMENT_3D('',#6021,#6022,#6023);
#6021 = CARTESIAN_POINT('',(89.525,-71.545,1.51));
#6022 = DIRECTION('',(-0.,0.,-1.));
#6023 = DIRECTION('',(-0.,-1.,0.));
#6024 = FACE_BOUND('',#6025,.T.);
#6025 = EDGE_LOOP('',(#6026));
#6026 = ORIENTED_EDGE('',*,*,#6027,.T.);
#6027 = EDGE_CURVE('',#6028,#6028,#6030,.T.);
#6028 = VERTEX_POINT('',#6029);
#6029 = CARTESIAN_POINT('',(92.065,-77.475,1.51));
#6030 = CIRCLE('',#6031,0.85);
#6031 = AXIS2_PLACEMENT_3D('',#6032,#6033,#6034);
#6032 = CARTESIAN_POINT('',(92.065,-76.625,1.51));
#6033 = DIRECTION('',(-0.,0.,-1.));
#6034 = DIRECTION('',(-0.,-1.,0.));
#6035 = FACE_BOUND('',#6036,.T.);
#6036 = EDGE_LOOP('',(#6037));
#6037 = ORIENTED_EDGE('',*,*,#6038,.T.);
#6038 = EDGE_CURVE('',#6039,#6039,#6041,.T.);
#6039 = VERTEX_POINT('',#6040);
#6040 = CARTESIAN_POINT('',(107.84,-87.6,1.51));
#6041 = CIRCLE('',#6042,0.5);
#6042 = AXIS2_PLACEMENT_3D('',#6043,#6044,#6045);
#6043 = CARTESIAN_POINT('',(107.84,-87.1,1.51));
#6044 = DIRECTION('',(-0.,0.,-1.));
#6045 = DIRECTION('',(-0.,-1.,0.));
#6046 = FACE_BOUND('',#6047,.T.);
#6047 = EDGE_LOOP('',(#6048));
#6048 = ORIENTED_EDGE('',*,*,#6049,.T.);
#6049 = EDGE_CURVE('',#6050,#6050,#6052,.T.);
#6050 = VERTEX_POINT('',#6051);
#6051 = CARTESIAN_POINT('',(110.38,-87.6,1.51));
#6052 = CIRCLE('',#6053,0.5);
#6053 = AXIS2_PLACEMENT_3D('',#6054,#6055,#6056);
#6054 = CARTESIAN_POINT('',(110.38,-87.1,1.51));
#6055 = DIRECTION('',(-0.,0.,-1.));
#6056 = DIRECTION('',(-0.,-1.,0.));
#6057 = FACE_BOUND('',#6058,.T.);
#6058 = EDGE_LOOP('',(#6059));
#6059 = ORIENTED_EDGE('',*,*,#6060,.T.);
#6060 = EDGE_CURVE('',#6061,#6061,#6063,.T.);
#6061 = VERTEX_POINT('',#6062);
#6062 = CARTESIAN_POINT('',(112.92,-87.6,1.51));
#6063 = CIRCLE('',#6064,0.5);
#6064 = AXIS2_PLACEMENT_3D('',#6065,#6066,#6067);
#6065 = CARTESIAN_POINT('',(112.92,-87.1,1.51));
#6066 = DIRECTION('',(-0.,0.,-1.));
#6067 = DIRECTION('',(-0.,-1.,0.));
#6068 = FACE_BOUND('',#6069,.T.);
#6069 = EDGE_LOOP('',(#6070));
#6070 = ORIENTED_EDGE('',*,*,#6071,.T.);
#6071 = EDGE_CURVE('',#6072,#6072,#6074,.T.);
#6072 = VERTEX_POINT('',#6073);
#6073 = CARTESIAN_POINT('',(105.31,-80.95,1.51));
#6074 = CIRCLE('',#6075,0.4);
#6075 = AXIS2_PLACEMENT_3D('',#6076,#6077,#6078);
#6076 = CARTESIAN_POINT('',(105.31,-80.55,1.51));
#6077 = DIRECTION('',(-0.,0.,-1.));
#6078 = DIRECTION('',(-0.,-1.,0.));
#6079 = FACE_BOUND('',#6080,.T.);
#6080 = EDGE_LOOP('',(#6081));
#6081 = ORIENTED_EDGE('',*,*,#6082,.T.);
#6082 = EDGE_CURVE('',#6083,#6083,#6085,.T.);
#6083 = VERTEX_POINT('',#6084);
#6084 = CARTESIAN_POINT('',(112.93,-80.95,1.51));
#6085 = CIRCLE('',#6086,0.4);
#6086 = AXIS2_PLACEMENT_3D('',#6087,#6088,#6089);
#6087 = CARTESIAN_POINT('',(112.93,-80.55,1.51));
#6088 = DIRECTION('',(-0.,0.,-1.));
#6089 = DIRECTION('',(-0.,-1.,0.));
#6090 = FACE_BOUND('',#6091,.T.);
#6091 = EDGE_LOOP('',(#6092));
#6092 = ORIENTED_EDGE('',*,*,#6093,.T.);
#6093 = EDGE_CURVE('',#6094,#6094,#6096,.T.);
#6094 = VERTEX_POINT('',#6095);
#6095 = CARTESIAN_POINT('',(115.46,-87.6,1.51));
#6096 = CIRCLE('',#6097,0.5);
#6097 = AXIS2_PLACEMENT_3D('',#6098,#6099,#6100);
#6098 = CARTESIAN_POINT('',(115.46,-87.1,1.51));
#6099 = DIRECTION('',(-0.,0.,-1.));
#6100 = DIRECTION('',(-0.,-1.,0.));
#6101 = FACE_BOUND('',#6102,.T.);
#6102 = EDGE_LOOP('',(#6103));
#6103 = ORIENTED_EDGE('',*,*,#6104,.T.);
#6104 = EDGE_CURVE('',#6105,#6105,#6107,.T.);
#6105 = VERTEX_POINT('',#6106);
#6106 = CARTESIAN_POINT('',(118.,-87.6,1.51));
#6107 = CIRCLE('',#6108,0.5);
#6108 = AXIS2_PLACEMENT_3D('',#6109,#6110,#6111);
#6109 = CARTESIAN_POINT('',(118.,-87.1,1.51));
#6110 = DIRECTION('',(-0.,0.,-1.));
#6111 = DIRECTION('',(-0.,-1.,0.));
#6112 = FACE_BOUND('',#6113,.T.);
#6113 = EDGE_LOOP('',(#6114));
#6114 = ORIENTED_EDGE('',*,*,#6115,.T.);
#6115 = EDGE_CURVE('',#6116,#6116,#6118,.T.);
#6116 = VERTEX_POINT('',#6117);
#6117 = CARTESIAN_POINT('',(120.54,-87.6,1.51));
#6118 = CIRCLE('',#6119,0.5);
#6119 = AXIS2_PLACEMENT_3D('',#6120,#6121,#6122);
#6120 = CARTESIAN_POINT('',(120.54,-87.1,1.51));
#6121 = DIRECTION('',(-0.,0.,-1.));
#6122 = DIRECTION('',(-0.,-1.,0.));
#6123 = FACE_BOUND('',#6124,.T.);
#6124 = EDGE_LOOP('',(#6125));
#6125 = ORIENTED_EDGE('',*,*,#6126,.T.);
#6126 = EDGE_CURVE('',#6127,#6127,#6129,.T.);
#6127 = VERTEX_POINT('',#6128);
#6128 = CARTESIAN_POINT('',(123.08,-87.6,1.51));
#6129 = CIRCLE('',#6130,0.5);
#6130 = AXIS2_PLACEMENT_3D('',#6131,#6132,#6133);
#6131 = CARTESIAN_POINT('',(123.08,-87.1,1.51));
#6132 = DIRECTION('',(-0.,0.,-1.));
#6133 = DIRECTION('',(-0.,-1.,0.));
#6134 = FACE_BOUND('',#6135,.T.);
#6135 = EDGE_LOOP('',(#6136));
#6136 = ORIENTED_EDGE('',*,*,#6137,.T.);
#6137 = EDGE_CURVE('',#6138,#6138,#6140,.T.);
#6138 = VERTEX_POINT('',#6139);
#6139 = CARTESIAN_POINT('',(105.31,-74.6375,1.51));
#6140 = CIRCLE('',#6141,0.4);
#6141 = AXIS2_PLACEMENT_3D('',#6142,#6143,#6144);
#6142 = CARTESIAN_POINT('',(105.31,-74.2375,1.51));
#6143 = DIRECTION('',(-0.,0.,-1.));
#6144 = DIRECTION('',(-0.,-1.,0.));
#6145 = FACE_BOUND('',#6146,.T.);
#6146 = EDGE_LOOP('',(#6147));
#6147 = ORIENTED_EDGE('',*,*,#6148,.T.);
#6148 = EDGE_CURVE('',#6149,#6149,#6151,.T.);
#6149 = VERTEX_POINT('',#6150);
#6150 = CARTESIAN_POINT('',(112.93,-74.6375,1.51));
#6151 = CIRCLE('',#6152,0.4);
#6152 = AXIS2_PLACEMENT_3D('',#6153,#6154,#6155);
#6153 = CARTESIAN_POINT('',(112.93,-74.2375,1.51));
#6154 = DIRECTION('',(-0.,0.,-1.));
#6155 = DIRECTION('',(-0.,-1.,0.));
#6156 = FACE_BOUND('',#6157,.T.);
#6157 = EDGE_LOOP('',(#6158));
#6158 = ORIENTED_EDGE('',*,*,#6159,.T.);
#6159 = EDGE_CURVE('',#6160,#6160,#6162,.T.);
#6160 = VERTEX_POINT('',#6161);
#6161 = CARTESIAN_POINT('',(105.31,-68.325,1.51));
#6162 = CIRCLE('',#6163,0.4);
#6163 = AXIS2_PLACEMENT_3D('',#6164,#6165,#6166);
#6164 = CARTESIAN_POINT('',(105.31,-67.925,1.51));
#6165 = DIRECTION('',(-0.,0.,-1.));
#6166 = DIRECTION('',(-0.,-1.,0.));
#6167 = FACE_BOUND('',#6168,.T.);
#6168 = EDGE_LOOP('',(#6169));
#6169 = ORIENTED_EDGE('',*,*,#6170,.T.);
#6170 = EDGE_CURVE('',#6171,#6171,#6173,.T.);
#6171 = VERTEX_POINT('',#6172);
#6172 = CARTESIAN_POINT('',(112.93,-68.325,1.51));
#6173 = CIRCLE('',#6174,0.4);
#6174 = AXIS2_PLACEMENT_3D('',#6175,#6176,#6177);
#6175 = CARTESIAN_POINT('',(112.93,-67.925,1.51));
#6176 = DIRECTION('',(-0.,0.,-1.));
#6177 = DIRECTION('',(-0.,-1.,0.));
#6178 = FACE_BOUND('',#6179,.T.);
#6179 = EDGE_LOOP('',(#6180));
#6180 = ORIENTED_EDGE('',*,*,#6181,.T.);
#6181 = EDGE_CURVE('',#6182,#6182,#6184,.T.);
#6182 = VERTEX_POINT('',#6183);
#6183 = CARTESIAN_POINT('',(43.805,-58.425,1.51));
#6184 = CIRCLE('',#6185,0.85);
#6185 = AXIS2_PLACEMENT_3D('',#6186,#6187,#6188);
#6186 = CARTESIAN_POINT('',(43.805,-57.575,1.51));
#6187 = DIRECTION('',(-0.,0.,-1.));
#6188 = DIRECTION('',(-0.,-1.,0.));
#6189 = FACE_BOUND('',#6190,.T.);
#6190 = EDGE_LOOP('',(#6191,#6202,#6211,#6219,#6228,#6237,#6246,#6254,
    #6263,#6272,#6281,#6289,#6298,#6307,#6316,#6324));
#6191 = ORIENTED_EDGE('',*,*,#6192,.F.);
#6192 = EDGE_CURVE('',#6193,#6195,#6197,.T.);
#6193 = VERTEX_POINT('',#6194);
#6194 = CARTESIAN_POINT('',(47.81329,-60.378859,1.51));
#6195 = VERTEX_POINT('',#6196);
#6196 = CARTESIAN_POINT('',(47.110517,-61.027438,1.51));
#6197 = CIRCLE('',#6198,0.499999729127);
#6198 = AXIS2_PLACEMENT_3D('',#6199,#6200,#6201);
#6199 = CARTESIAN_POINT('',(47.561031745676,-60.81055970911,1.51));
#6200 = DIRECTION('',(0.,0.,1.));
#6201 = DIRECTION('',(0.504516781969,0.863401885979,-0.));
#6202 = ORIENTED_EDGE('',*,*,#6203,.F.);
#6203 = EDGE_CURVE('',#6204,#6193,#6206,.T.);
#6204 = VERTEX_POINT('',#6205);
#6205 = CARTESIAN_POINT('',(48.065549,-60.447159,1.51));
#6206 = CIRCLE('',#6207,0.50002311711);
#6207 = AXIS2_PLACEMENT_3D('',#6208,#6209,#6210);
#6208 = CARTESIAN_POINT('',(48.065556263782,-59.94713588294,1.51));
#6209 = DIRECTION('',(0.,0.,-1.));
#6210 = DIRECTION('',(-1.452689330345E-05,-0.999999999894,-0.));
#6211 = ORIENTED_EDGE('',*,*,#6212,.F.);
#6212 = EDGE_CURVE('',#6213,#6204,#6215,.T.);
#6213 = VERTEX_POINT('',#6214);
#6214 = CARTESIAN_POINT('',(49.654454,-60.447159,1.51));
#6215 = LINE('',#6216,#6217);
#6216 = CARTESIAN_POINT('',(49.654454,-60.447159,1.51));
#6217 = VECTOR('',#6218,1.);
#6218 = DIRECTION('',(-1.,0.,0.));
#6219 = ORIENTED_EDGE('',*,*,#6220,.F.);
#6220 = EDGE_CURVE('',#6221,#6213,#6223,.T.);
#6221 = VERTEX_POINT('',#6222);
#6222 = CARTESIAN_POINT('',(49.906712,-60.37886,1.51));
#6223 = CIRCLE('',#6224,0.500008729288);
#6224 = AXIS2_PLACEMENT_3D('',#6225,#6226,#6227);
#6225 = CARTESIAN_POINT('',(49.654451343122,-59.94715027071,1.51));
#6226 = DIRECTION('',(0.,0.,-1.));
#6227 = DIRECTION('',(0.504512505685,-0.863404384751,0.));
#6228 = ORIENTED_EDGE('',*,*,#6229,.F.);
#6229 = EDGE_CURVE('',#6230,#6221,#6232,.T.);
#6230 = VERTEX_POINT('',#6231);
#6231 = CARTESIAN_POINT('',(50.609485,-61.027438,1.51));
#6232 = CIRCLE('',#6233,0.499999422661);
#6233 = AXIS2_PLACEMENT_3D('',#6234,#6235,#6236);
#6234 = CARTESIAN_POINT('',(50.158970295513,-60.81056033009,1.51));
#6235 = DIRECTION('',(0.,0.,1.));
#6236 = DIRECTION('',(0.901030449374,-0.433755840654,0.));
#6237 = ORIENTED_EDGE('',*,*,#6238,.F.);
#6238 = EDGE_CURVE('',#6239,#6230,#6241,.T.);
#6239 = VERTEX_POINT('',#6240);
#6240 = CARTESIAN_POINT('',(50.56,-61.244316,1.51));
#6241 = CIRCLE('',#6242,0.499989885034);
#6242 = AXIS2_PLACEMENT_3D('',#6243,#6244,#6245);
#6243 = CARTESIAN_POINT('',(51.059989885031,-61.24431407913,1.51));
#6244 = DIRECTION('',(0.,0.,-1.));
#6245 = DIRECTION('',(-0.999999999993,-3.841811463153E-06,-0.));
#6246 = ORIENTED_EDGE('',*,*,#6247,.F.);
#6247 = EDGE_CURVE('',#6248,#6239,#6250,.T.);
#6248 = VERTEX_POINT('',#6249);
#6249 = CARTESIAN_POINT('',(50.56,-62.65,1.51));
#6250 = LINE('',#6251,#6252);
#6251 = CARTESIAN_POINT('',(50.56,-62.65,1.51));
#6252 = VECTOR('',#6253,1.);
#6253 = DIRECTION('',(0.,1.,0.));
#6254 = ORIENTED_EDGE('',*,*,#6255,.F.);
#6255 = EDGE_CURVE('',#6256,#6248,#6258,.T.);
#6256 = VERTEX_POINT('',#6257);
#6257 = CARTESIAN_POINT('',(50.609485,-62.866877,1.51));
#6258 = CIRCLE('',#6259,0.49998122973);
#6259 = AXIS2_PLACEMENT_3D('',#6260,#6261,#6262);
#6260 = CARTESIAN_POINT('',(51.059981229722,-62.65000289576,1.51));
#6261 = DIRECTION('',(0.,0.,-1.));
#6262 = DIRECTION('',(-0.901026284457,-0.433764492229,-0.));
#6263 = ORIENTED_EDGE('',*,*,#6264,.F.);
#6264 = EDGE_CURVE('',#6265,#6256,#6267,.T.);
#6265 = VERTEX_POINT('',#6266);
#6266 = CARTESIAN_POINT('',(49.906712,-63.515457,1.51));
#6267 = CIRCLE('',#6268,0.499999755443);
#6268 = AXIS2_PLACEMENT_3D('',#6269,#6270,#6271);
#6269 = CARTESIAN_POINT('',(50.158970863096,-63.08375661613,1.51));
#6270 = DIRECTION('',(0.,0.,1.));
#6271 = DIRECTION('',(-0.50451797296,-0.863401190039,0.));
#6272 = ORIENTED_EDGE('',*,*,#6273,.F.);
#6273 = EDGE_CURVE('',#6274,#6265,#6276,.T.);
#6274 = VERTEX_POINT('',#6275);
#6275 = CARTESIAN_POINT('',(49.654453,-63.447158,1.51));
#6276 = CIRCLE('',#6277,0.500008729226);
#6277 = AXIS2_PLACEMENT_3D('',#6278,#6279,#6280);
#6278 = CARTESIAN_POINT('',(49.654451343146,-63.94716672922,1.51));
#6279 = DIRECTION('',(0.,0.,-1.));
#6280 = DIRECTION('',(3.313649260187E-06,0.999999999995,0.));
#6281 = ORIENTED_EDGE('',*,*,#6282,.F.);
#6282 = EDGE_CURVE('',#6283,#6274,#6285,.T.);
#6283 = VERTEX_POINT('',#6284);
#6284 = CARTESIAN_POINT('',(48.065549,-63.447158,1.51));
#6285 = LINE('',#6286,#6287);
#6286 = CARTESIAN_POINT('',(48.065549,-63.447158,1.51));
#6287 = VECTOR('',#6288,1.);
#6288 = DIRECTION('',(1.,0.,0.));
#6289 = ORIENTED_EDGE('',*,*,#6290,.F.);
#6290 = EDGE_CURVE('',#6291,#6283,#6293,.T.);
#6291 = VERTEX_POINT('',#6292);
#6292 = CARTESIAN_POINT('',(47.81329,-63.515455,1.51));
#6293 = CIRCLE('',#6294,0.500040834725);
#6294 = AXIS2_PLACEMENT_3D('',#6295,#6296,#6297);
#6295 = CARTESIAN_POINT('',(48.065555926377,-63.94719883467,1.51));
#6296 = DIRECTION('',(0.,0.,-1.));
#6297 = DIRECTION('',(-0.50449065128,0.86341715455,0.));
#6298 = ORIENTED_EDGE('',*,*,#6299,.F.);
#6299 = EDGE_CURVE('',#6300,#6291,#6302,.T.);
#6300 = VERTEX_POINT('',#6301);
#6301 = CARTESIAN_POINT('',(47.110517,-62.866878,1.51));
#6302 = CIRCLE('',#6303,0.499999092786);
#6303 = AXIS2_PLACEMENT_3D('',#6304,#6305,#6306);
#6304 = CARTESIAN_POINT('',(47.561031608988,-63.08375510777,1.51));
#6305 = DIRECTION('',(0.,0.,1.));
#6306 = DIRECTION('',(-0.901030852831,0.43375500256,0.));
#6307 = ORIENTED_EDGE('',*,*,#6308,.F.);
#6308 = EDGE_CURVE('',#6309,#6300,#6311,.T.);
#6309 = VERTEX_POINT('',#6310);
#6310 = CARTESIAN_POINT('',(47.160002,-62.65,1.51));
#6311 = CIRCLE('',#6312,0.499989885034);
#6312 = AXIS2_PLACEMENT_3D('',#6313,#6314,#6315);
#6313 = CARTESIAN_POINT('',(46.66001211497,-62.65000192086,1.51));
#6314 = DIRECTION('',(0.,0.,-1.));
#6315 = DIRECTION('',(0.999999999993,3.841811491576E-06,0.));
#6316 = ORIENTED_EDGE('',*,*,#6317,.F.);
#6317 = EDGE_CURVE('',#6318,#6309,#6320,.T.);
#6318 = VERTEX_POINT('',#6319);
#6319 = CARTESIAN_POINT('',(47.160002,-61.244316,1.51));
#6320 = LINE('',#6321,#6322);
#6321 = CARTESIAN_POINT('',(47.160002,-61.244316,1.51));
#6322 = VECTOR('',#6323,1.);
#6323 = DIRECTION('',(0.,-1.,0.));
#6324 = ORIENTED_EDGE('',*,*,#6325,.F.);
#6325 = EDGE_CURVE('',#6195,#6318,#6326,.T.);
#6326 = CIRCLE('',#6327,0.499989885034);
#6327 = AXIS2_PLACEMENT_3D('',#6328,#6329,#6330);
#6328 = CARTESIAN_POINT('',(46.660012114969,-61.24431407913,1.51));
#6329 = DIRECTION('',(0.,0.,-1.));
#6330 = DIRECTION('',(0.901027997796,0.43376093322,0.));
#6331 = FACE_BOUND('',#6332,.T.);
#6332 = EDGE_LOOP('',(#6333));
#6333 = ORIENTED_EDGE('',*,*,#6334,.T.);
#6334 = EDGE_CURVE('',#6335,#6335,#6337,.T.);
#6335 = VERTEX_POINT('',#6336);
#6336 = CARTESIAN_POINT('',(48.885,-59.575,1.51));
#6337 = CIRCLE('',#6338,2.);
#6338 = AXIS2_PLACEMENT_3D('',#6339,#6340,#6341);
#6339 = CARTESIAN_POINT('',(48.885,-57.575,1.51));
#6340 = DIRECTION('',(-0.,0.,-1.));
#6341 = DIRECTION('',(-0.,-1.,0.));
#6342 = FACE_BOUND('',#6343,.T.);
#6343 = EDGE_LOOP('',(#6344));
#6344 = ORIENTED_EDGE('',*,*,#6345,.T.);
#6345 = EDGE_CURVE('',#6346,#6346,#6348,.T.);
#6346 = VERTEX_POINT('',#6347);
#6347 = CARTESIAN_POINT('',(53.965,-58.425,1.51));
#6348 = CIRCLE('',#6349,0.85);
#6349 = AXIS2_PLACEMENT_3D('',#6350,#6351,#6352);
#6350 = CARTESIAN_POINT('',(53.965,-57.575,1.51));
#6351 = DIRECTION('',(-0.,0.,-1.));
#6352 = DIRECTION('',(-0.,-1.,0.));
#6353 = FACE_BOUND('',#6354,.T.);
#6354 = EDGE_LOOP('',(#6355));
#6355 = ORIENTED_EDGE('',*,*,#6356,.T.);
#6356 = EDGE_CURVE('',#6357,#6357,#6359,.T.);
#6357 = VERTEX_POINT('',#6358);
#6358 = CARTESIAN_POINT('',(45.075,-55.785,1.51));
#6359 = CIRCLE('',#6360,0.75);
#6360 = AXIS2_PLACEMENT_3D('',#6361,#6362,#6363);
#6361 = CARTESIAN_POINT('',(45.075,-55.035,1.51));
#6362 = DIRECTION('',(-0.,0.,-1.));
#6363 = DIRECTION('',(-0.,-1.,0.));
#6364 = FACE_BOUND('',#6365,.T.);
#6365 = EDGE_LOOP('',(#6366));
#6366 = ORIENTED_EDGE('',*,*,#6367,.T.);
#6367 = EDGE_CURVE('',#6368,#6368,#6370,.T.);
#6368 = VERTEX_POINT('',#6369);
#6369 = CARTESIAN_POINT('',(51.425,-53.245,1.51));
#6370 = CIRCLE('',#6371,0.75);
#6371 = AXIS2_PLACEMENT_3D('',#6372,#6373,#6374);
#6372 = CARTESIAN_POINT('',(51.425,-52.495,1.51));
#6373 = DIRECTION('',(-0.,0.,-1.));
#6374 = DIRECTION('',(-0.,-1.,0.));
#6375 = FACE_BOUND('',#6376,.T.);
#6376 = EDGE_LOOP('',(#6377,#6388,#6397,#6405,#6414,#6423,#6432,#6440,
    #6449,#6458,#6467,#6475,#6484,#6493,#6502,#6510));
#6377 = ORIENTED_EDGE('',*,*,#6378,.F.);
#6378 = EDGE_CURVE('',#6379,#6381,#6383,.T.);
#6379 = VERTEX_POINT('',#6380);
#6380 = CARTESIAN_POINT('',(69.609485,-61.527438,1.51));
#6381 = VERTEX_POINT('',#6382);
#6382 = CARTESIAN_POINT('',(68.906712,-60.87886,1.51));
#6383 = CIRCLE('',#6384,0.499999422661);
#6384 = AXIS2_PLACEMENT_3D('',#6385,#6386,#6387);
#6385 = CARTESIAN_POINT('',(69.158970295513,-61.31056033009,1.51));
#6386 = DIRECTION('',(0.,0.,1.));
#6387 = DIRECTION('',(0.901030449374,-0.433755840654,0.));
#6388 = ORIENTED_EDGE('',*,*,#6389,.F.);
#6389 = EDGE_CURVE('',#6390,#6379,#6392,.T.);
#6390 = VERTEX_POINT('',#6391);
#6391 = CARTESIAN_POINT('',(69.56,-61.744316,1.51));
#6392 = CIRCLE('',#6393,0.499989885034);
#6393 = AXIS2_PLACEMENT_3D('',#6394,#6395,#6396);
#6394 = CARTESIAN_POINT('',(70.059989885031,-61.74431407913,1.51));
#6395 = DIRECTION('',(0.,0.,-1.));
#6396 = DIRECTION('',(-0.999999999993,-3.841811363674E-06,-0.));
#6397 = ORIENTED_EDGE('',*,*,#6398,.F.);
#6398 = EDGE_CURVE('',#6399,#6390,#6401,.T.);
#6399 = VERTEX_POINT('',#6400);
#6400 = CARTESIAN_POINT('',(69.56,-63.15,1.51));
#6401 = LINE('',#6402,#6403);
#6402 = CARTESIAN_POINT('',(69.56,-63.15,1.51));
#6403 = VECTOR('',#6404,1.);
#6404 = DIRECTION('',(0.,1.,0.));
#6405 = ORIENTED_EDGE('',*,*,#6406,.F.);
#6406 = EDGE_CURVE('',#6407,#6399,#6409,.T.);
#6407 = VERTEX_POINT('',#6408);
#6408 = CARTESIAN_POINT('',(69.609485,-63.366878,1.51));
#6409 = CIRCLE('',#6410,0.499989885034);
#6410 = AXIS2_PLACEMENT_3D('',#6411,#6412,#6413);
#6411 = CARTESIAN_POINT('',(70.059989885031,-63.15000192086,1.51));
#6412 = DIRECTION('',(0.,0.,-1.));
#6413 = DIRECTION('',(-0.901027997796,-0.43376093322,-0.));
#6414 = ORIENTED_EDGE('',*,*,#6415,.F.);
#6415 = EDGE_CURVE('',#6416,#6407,#6418,.T.);
#6416 = VERTEX_POINT('',#6417);
#6417 = CARTESIAN_POINT('',(68.906712,-64.015457,1.51));
#6418 = CIRCLE('',#6419,0.499999448976);
#6419 = AXIS2_PLACEMENT_3D('',#6420,#6421,#6422);
#6420 = CARTESIAN_POINT('',(69.158970904285,-63.58375699515,1.51));
#6421 = DIRECTION('',(0.,0.,1.));
#6422 = DIRECTION('',(-0.504518364574,-0.863400961204,0.));
#6423 = ORIENTED_EDGE('',*,*,#6424,.F.);
#6424 = EDGE_CURVE('',#6425,#6416,#6427,.T.);
#6425 = VERTEX_POINT('',#6426);
#6426 = CARTESIAN_POINT('',(68.654453,-63.947158,1.51));
#6427 = CIRCLE('',#6428,0.500008729226);
#6428 = AXIS2_PLACEMENT_3D('',#6429,#6430,#6431);
#6429 = CARTESIAN_POINT('',(68.654451343146,-64.44716672922,1.51));
#6430 = DIRECTION('',(0.,0.,-1.));
#6431 = DIRECTION('',(3.313649317029E-06,0.999999999995,0.));
#6432 = ORIENTED_EDGE('',*,*,#6433,.F.);
#6433 = EDGE_CURVE('',#6434,#6425,#6436,.T.);
#6434 = VERTEX_POINT('',#6435);
#6435 = CARTESIAN_POINT('',(67.065549,-63.947158,1.51));
#6436 = LINE('',#6437,#6438);
#6437 = CARTESIAN_POINT('',(67.065549,-63.947158,1.51));
#6438 = VECTOR('',#6439,1.);
#6439 = DIRECTION('',(1.,0.,0.));
#6440 = ORIENTED_EDGE('',*,*,#6441,.F.);
#6441 = EDGE_CURVE('',#6442,#6434,#6444,.T.);
#6442 = VERTEX_POINT('',#6443);
#6443 = CARTESIAN_POINT('',(66.813291,-64.015457,1.51));
#6444 = CIRCLE('',#6445,0.500008729288);
#6445 = AXIS2_PLACEMENT_3D('',#6446,#6447,#6448);
#6446 = CARTESIAN_POINT('',(67.065551656878,-64.44716672928,1.51));
#6447 = DIRECTION('',(0.,0.,-1.));
#6448 = DIRECTION('',(-0.504512505685,0.863404384751,0.));
#6449 = ORIENTED_EDGE('',*,*,#6450,.F.);
#6450 = EDGE_CURVE('',#6451,#6442,#6453,.T.);
#6451 = VERTEX_POINT('',#6452);
#6452 = CARTESIAN_POINT('',(66.110517,-63.366878,1.51));
#6453 = CIRCLE('',#6454,0.500000669307);
#6454 = AXIS2_PLACEMENT_3D('',#6455,#6456,#6457);
#6455 = CARTESIAN_POINT('',(66.561033535509,-63.58375474043,1.51));
#6456 = DIRECTION('',(0.,0.,1.));
#6457 = DIRECTION('',(-0.901031864884,0.433752900236,0.));
#6458 = ORIENTED_EDGE('',*,*,#6459,.F.);
#6459 = EDGE_CURVE('',#6460,#6451,#6462,.T.);
#6460 = VERTEX_POINT('',#6461);
#6461 = CARTESIAN_POINT('',(66.160002,-63.150001,1.51));
#6462 = CIRCLE('',#6463,0.499989884978);
#6463 = AXIS2_PLACEMENT_3D('',#6464,#6465,#6466);
#6464 = CARTESIAN_POINT('',(65.660012115023,-63.15000192088,1.51));
#6465 = DIRECTION('',(0.,0.,-1.));
#6466 = DIRECTION('',(0.999999999998,1.841808596201E-06,0.));
#6467 = ORIENTED_EDGE('',*,*,#6468,.F.);
#6468 = EDGE_CURVE('',#6469,#6460,#6471,.T.);
#6469 = VERTEX_POINT('',#6470);
#6470 = CARTESIAN_POINT('',(66.160002,-61.744316,1.51));
#6471 = LINE('',#6472,#6473);
#6472 = CARTESIAN_POINT('',(66.160002,-61.744316,1.51));
#6473 = VECTOR('',#6474,1.);
#6474 = DIRECTION('',(0.,-1.,0.));
#6475 = ORIENTED_EDGE('',*,*,#6476,.F.);
#6476 = EDGE_CURVE('',#6477,#6469,#6479,.T.);
#6477 = VERTEX_POINT('',#6478);
#6478 = CARTESIAN_POINT('',(66.110517,-61.527438,1.51));
#6479 = CIRCLE('',#6480,0.499989885034);
#6480 = AXIS2_PLACEMENT_3D('',#6481,#6482,#6483);
#6481 = CARTESIAN_POINT('',(65.660012114969,-61.74431407913,1.51));
#6482 = DIRECTION('',(0.,0.,-1.));
#6483 = DIRECTION('',(0.901027997796,0.43376093322,0.));
#6484 = ORIENTED_EDGE('',*,*,#6485,.F.);
#6485 = EDGE_CURVE('',#6486,#6477,#6488,.T.);
#6486 = VERTEX_POINT('',#6487);
#6487 = CARTESIAN_POINT('',(66.81329,-60.878859,1.51));
#6488 = CIRCLE('',#6489,0.499999729127);
#6489 = AXIS2_PLACEMENT_3D('',#6490,#6491,#6492);
#6490 = CARTESIAN_POINT('',(66.561031745676,-61.31055970911,1.51));
#6491 = DIRECTION('',(0.,0.,1.));
#6492 = DIRECTION('',(0.504516781969,0.863401885979,-0.));
#6493 = ORIENTED_EDGE('',*,*,#6494,.F.);
#6494 = EDGE_CURVE('',#6495,#6486,#6497,.T.);
#6495 = VERTEX_POINT('',#6496);
#6496 = CARTESIAN_POINT('',(67.065548,-60.947158,1.51));
#6497 = CIRCLE('',#6498,0.500008729288);
#6498 = AXIS2_PLACEMENT_3D('',#6499,#6500,#6501);
#6499 = CARTESIAN_POINT('',(67.065550656878,-60.44714927071,1.51));
#6500 = DIRECTION('',(0.,0.,-1.));
#6501 = DIRECTION('',(-5.313662796351E-06,-0.999999999986,-0.));
#6502 = ORIENTED_EDGE('',*,*,#6503,.F.);
#6503 = EDGE_CURVE('',#6504,#6495,#6506,.T.);
#6504 = VERTEX_POINT('',#6505);
#6505 = CARTESIAN_POINT('',(68.654454,-60.947159,1.51));
#6506 = LINE('',#6507,#6508);
#6507 = CARTESIAN_POINT('',(68.654454,-60.947159,1.51));
#6508 = VECTOR('',#6509,1.);
#6509 = DIRECTION('',(-1.,6.29363850017E-07,0.));
#6510 = ORIENTED_EDGE('',*,*,#6511,.F.);
#6511 = EDGE_CURVE('',#6381,#6504,#6512,.T.);
#6512 = CIRCLE('',#6513,0.500008729288);
#6513 = AXIS2_PLACEMENT_3D('',#6514,#6515,#6516);
#6514 = CARTESIAN_POINT('',(68.654451343122,-60.44715027071,1.51));
#6515 = DIRECTION('',(0.,0.,-1.));
#6516 = DIRECTION('',(0.504512505685,-0.863404384751,0.));
#6517 = FACE_BOUND('',#6518,.T.);
#6518 = EDGE_LOOP('',(#6519));
#6519 = ORIENTED_EDGE('',*,*,#6520,.T.);
#6520 = EDGE_CURVE('',#6521,#6521,#6523,.T.);
#6521 = VERTEX_POINT('',#6522);
#6522 = CARTESIAN_POINT('',(62.855,-58.425,1.51));
#6523 = CIRCLE('',#6524,0.85);
#6524 = AXIS2_PLACEMENT_3D('',#6525,#6526,#6527);
#6525 = CARTESIAN_POINT('',(62.855,-57.575,1.51));
#6526 = DIRECTION('',(-0.,0.,-1.));
#6527 = DIRECTION('',(-8.35932630306E-15,-1.,0.));
#6528 = FACE_BOUND('',#6529,.T.);
#6529 = EDGE_LOOP('',(#6530));
#6530 = ORIENTED_EDGE('',*,*,#6531,.T.);
#6531 = EDGE_CURVE('',#6532,#6532,#6534,.T.);
#6532 = VERTEX_POINT('',#6533);
#6533 = CARTESIAN_POINT('',(67.935,-59.575,1.51));
#6534 = CIRCLE('',#6535,2.);
#6535 = AXIS2_PLACEMENT_3D('',#6536,#6537,#6538);
#6536 = CARTESIAN_POINT('',(67.935,-57.575,1.51));
#6537 = DIRECTION('',(-0.,0.,-1.));
#6538 = DIRECTION('',(-0.,-1.,0.));
#6539 = FACE_BOUND('',#6540,.T.);
#6540 = EDGE_LOOP('',(#6541));
#6541 = ORIENTED_EDGE('',*,*,#6542,.T.);
#6542 = EDGE_CURVE('',#6543,#6543,#6545,.T.);
#6543 = VERTEX_POINT('',#6544);
#6544 = CARTESIAN_POINT('',(73.015,-58.425,1.51));
#6545 = CIRCLE('',#6546,0.85);
#6546 = AXIS2_PLACEMENT_3D('',#6547,#6548,#6549);
#6547 = CARTESIAN_POINT('',(73.015,-57.575,1.51));
#6548 = DIRECTION('',(-0.,0.,-1.));
#6549 = DIRECTION('',(-0.,-1.,0.));
#6550 = FACE_BOUND('',#6551,.T.);
#6551 = EDGE_LOOP('',(#6552));
#6552 = ORIENTED_EDGE('',*,*,#6553,.T.);
#6553 = EDGE_CURVE('',#6554,#6554,#6556,.T.);
#6554 = VERTEX_POINT('',#6555);
#6555 = CARTESIAN_POINT('',(64.125,-55.785,1.51));
#6556 = CIRCLE('',#6557,0.75);
#6557 = AXIS2_PLACEMENT_3D('',#6558,#6559,#6560);
#6558 = CARTESIAN_POINT('',(64.125,-55.035,1.51));
#6559 = DIRECTION('',(-0.,0.,-1.));
#6560 = DIRECTION('',(-0.,-1.,0.));
#6561 = FACE_BOUND('',#6562,.T.);
#6562 = EDGE_LOOP('',(#6563));
#6563 = ORIENTED_EDGE('',*,*,#6564,.T.);
#6564 = EDGE_CURVE('',#6565,#6565,#6567,.T.);
#6565 = VERTEX_POINT('',#6566);
#6566 = CARTESIAN_POINT('',(70.475,-53.245,1.51));
#6567 = CIRCLE('',#6568,0.75);
#6568 = AXIS2_PLACEMENT_3D('',#6569,#6570,#6571);
#6569 = CARTESIAN_POINT('',(70.475,-52.495,1.51));
#6570 = DIRECTION('',(-0.,0.,-1.));
#6571 = DIRECTION('',(-0.,-1.,0.));
#6572 = FACE_BOUND('',#6573,.T.);
#6573 = EDGE_LOOP('',(#6574));
#6574 = ORIENTED_EDGE('',*,*,#6575,.T.);
#6575 = EDGE_CURVE('',#6576,#6576,#6578,.T.);
#6576 = VERTEX_POINT('',#6577);
#6577 = CARTESIAN_POINT('',(41.12,-39.87,1.51));
#6578 = CIRCLE('',#6579,0.5);
#6579 = AXIS2_PLACEMENT_3D('',#6580,#6581,#6582);
#6580 = CARTESIAN_POINT('',(41.12,-39.37,1.51));
#6581 = DIRECTION('',(-0.,0.,-1.));
#6582 = DIRECTION('',(-0.,-1.,0.));
#6583 = FACE_BOUND('',#6584,.T.);
#6584 = EDGE_LOOP('',(#6585));
#6585 = ORIENTED_EDGE('',*,*,#6586,.T.);
#6586 = EDGE_CURVE('',#6587,#6587,#6589,.T.);
#6587 = VERTEX_POINT('',#6588);
#6588 = CARTESIAN_POINT('',(41.12,-37.33,1.51));
#6589 = CIRCLE('',#6590,0.5);
#6590 = AXIS2_PLACEMENT_3D('',#6591,#6592,#6593);
#6591 = CARTESIAN_POINT('',(41.12,-36.83,1.51));
#6592 = DIRECTION('',(-0.,0.,-1.));
#6593 = DIRECTION('',(-0.,-1.,0.));
#6594 = FACE_BOUND('',#6595,.T.);
#6595 = EDGE_LOOP('',(#6596));
#6596 = ORIENTED_EDGE('',*,*,#6597,.T.);
#6597 = EDGE_CURVE('',#6598,#6598,#6600,.T.);
#6598 = VERTEX_POINT('',#6599);
#6599 = CARTESIAN_POINT('',(41.12,-34.79,1.51));
#6600 = CIRCLE('',#6601,0.5);
#6601 = AXIS2_PLACEMENT_3D('',#6602,#6603,#6604);
#6602 = CARTESIAN_POINT('',(41.12,-34.29,1.51));
#6603 = DIRECTION('',(-0.,0.,-1.));
#6604 = DIRECTION('',(-0.,-1.,0.));
#6605 = FACE_BOUND('',#6606,.T.);
#6606 = EDGE_LOOP('',(#6607));
#6607 = ORIENTED_EDGE('',*,*,#6608,.T.);
#6608 = EDGE_CURVE('',#6609,#6609,#6611,.T.);
#6609 = VERTEX_POINT('',#6610);
#6610 = CARTESIAN_POINT('',(41.12,-32.25,1.51));
#6611 = CIRCLE('',#6612,0.5);
#6612 = AXIS2_PLACEMENT_3D('',#6613,#6614,#6615);
#6613 = CARTESIAN_POINT('',(41.12,-31.75,1.51));
#6614 = DIRECTION('',(-0.,0.,-1.));
#6615 = DIRECTION('',(-0.,-1.,0.));
#6616 = FACE_BOUND('',#6617,.T.);
#6617 = EDGE_LOOP('',(#6618));
#6618 = ORIENTED_EDGE('',*,*,#6619,.T.);
#6619 = EDGE_CURVE('',#6620,#6620,#6622,.T.);
#6620 = VERTEX_POINT('',#6621);
#6621 = CARTESIAN_POINT('',(36.2932,-26.5528,1.51));
#6622 = CIRCLE('',#6623,1.6);
#6623 = AXIS2_PLACEMENT_3D('',#6624,#6625,#6626);
#6624 = CARTESIAN_POINT('',(36.2932,-24.9528,1.51));
#6625 = DIRECTION('',(-0.,0.,-1.));
#6626 = DIRECTION('',(-0.,-1.,0.));
#6627 = FACE_BOUND('',#6628,.T.);
#6628 = EDGE_LOOP('',(#6629,#6640,#6649,#6657,#6666,#6675,#6684,#6692,
    #6701,#6710,#6719,#6727,#6736,#6745,#6754,#6762));
#6629 = ORIENTED_EDGE('',*,*,#6630,.F.);
#6630 = EDGE_CURVE('',#6631,#6633,#6635,.T.);
#6631 = VERTEX_POINT('',#6632);
#6632 = CARTESIAN_POINT('',(89.009485,-61.380238,1.51));
#6633 = VERTEX_POINT('',#6634);
#6634 = CARTESIAN_POINT('',(88.306712,-60.73166,1.51));
#6635 = CIRCLE('',#6636,0.499999422661);
#6636 = AXIS2_PLACEMENT_3D('',#6637,#6638,#6639);
#6637 = CARTESIAN_POINT('',(88.558970295513,-61.16336033009,1.51));
#6638 = DIRECTION('',(0.,0.,1.));
#6639 = DIRECTION('',(0.901030449374,-0.433755840654,0.));
#6640 = ORIENTED_EDGE('',*,*,#6641,.F.);
#6641 = EDGE_CURVE('',#6642,#6631,#6644,.T.);
#6642 = VERTEX_POINT('',#6643);
#6643 = CARTESIAN_POINT('',(88.96,-61.597115,1.51));
#6644 = CIRCLE('',#6645,0.499989884978);
#6645 = AXIS2_PLACEMENT_3D('',#6646,#6647,#6648);
#6646 = CARTESIAN_POINT('',(89.459989884977,-61.59711407911,1.51));
#6647 = DIRECTION('',(0.,0.,-1.));
#6648 = DIRECTION('',(-0.999999999998,-1.841808638834E-06,-0.));
#6649 = ORIENTED_EDGE('',*,*,#6650,.F.);
#6650 = EDGE_CURVE('',#6651,#6642,#6653,.T.);
#6651 = VERTEX_POINT('',#6652);
#6652 = CARTESIAN_POINT('',(88.96,-63.0028,1.51));
#6653 = LINE('',#6654,#6655);
#6654 = CARTESIAN_POINT('',(88.96,-63.0028,1.51));
#6655 = VECTOR('',#6656,1.);
#6656 = DIRECTION('',(0.,1.,0.));
#6657 = ORIENTED_EDGE('',*,*,#6658,.F.);
#6658 = EDGE_CURVE('',#6659,#6651,#6661,.T.);
#6659 = VERTEX_POINT('',#6660);
#6660 = CARTESIAN_POINT('',(89.009485,-63.219678,1.51));
#6661 = CIRCLE('',#6662,0.499989885034);
#6662 = AXIS2_PLACEMENT_3D('',#6663,#6664,#6665);
#6663 = CARTESIAN_POINT('',(89.459989885031,-63.00280192086,1.51));
#6664 = DIRECTION('',(0.,0.,-1.));
#6665 = DIRECTION('',(-0.901027997796,-0.43376093322,-0.));
#6666 = ORIENTED_EDGE('',*,*,#6667,.F.);
#6667 = EDGE_CURVE('',#6668,#6659,#6670,.T.);
#6668 = VERTEX_POINT('',#6669);
#6669 = CARTESIAN_POINT('',(88.306712,-63.868257,1.51));
#6670 = CIRCLE('',#6671,0.499999448976);
#6671 = AXIS2_PLACEMENT_3D('',#6672,#6673,#6674);
#6672 = CARTESIAN_POINT('',(88.558970904285,-63.43655699515,1.51));
#6673 = DIRECTION('',(0.,0.,1.));
#6674 = DIRECTION('',(-0.504518364574,-0.863400961204,0.));
#6675 = ORIENTED_EDGE('',*,*,#6676,.F.);
#6676 = EDGE_CURVE('',#6677,#6668,#6679,.T.);
#6677 = VERTEX_POINT('',#6678);
#6678 = CARTESIAN_POINT('',(88.054453,-63.799958,1.51));
#6679 = CIRCLE('',#6680,0.500008729226);
#6680 = AXIS2_PLACEMENT_3D('',#6681,#6682,#6683);
#6681 = CARTESIAN_POINT('',(88.054451343146,-64.29996672922,1.51));
#6682 = DIRECTION('',(0.,0.,-1.));
#6683 = DIRECTION('',(3.31364934545E-06,0.999999999995,0.));
#6684 = ORIENTED_EDGE('',*,*,#6685,.F.);
#6685 = EDGE_CURVE('',#6686,#6677,#6688,.T.);
#6686 = VERTEX_POINT('',#6687);
#6687 = CARTESIAN_POINT('',(86.465549,-63.799958,1.51));
#6688 = LINE('',#6689,#6690);
#6689 = CARTESIAN_POINT('',(86.465549,-63.799958,1.51));
#6690 = VECTOR('',#6691,1.);
#6691 = DIRECTION('',(1.,0.,0.));
#6692 = ORIENTED_EDGE('',*,*,#6693,.F.);
#6693 = EDGE_CURVE('',#6694,#6686,#6696,.T.);
#6694 = VERTEX_POINT('',#6695);
#6695 = CARTESIAN_POINT('',(86.213291,-63.868257,1.51));
#6696 = CIRCLE('',#6697,0.500008729288);
#6697 = AXIS2_PLACEMENT_3D('',#6698,#6699,#6700);
#6698 = CARTESIAN_POINT('',(86.465551656878,-64.29996672928,1.51));
#6699 = DIRECTION('',(0.,0.,-1.));
#6700 = DIRECTION('',(-0.504512505685,0.863404384751,0.));
#6701 = ORIENTED_EDGE('',*,*,#6702,.F.);
#6702 = EDGE_CURVE('',#6703,#6694,#6705,.T.);
#6703 = VERTEX_POINT('',#6704);
#6704 = CARTESIAN_POINT('',(85.510517,-63.219678,1.51));
#6705 = CIRCLE('',#6706,0.500000669307);
#6706 = AXIS2_PLACEMENT_3D('',#6707,#6708,#6709);
#6707 = CARTESIAN_POINT('',(85.961033535509,-63.43655474043,1.51));
#6708 = DIRECTION('',(0.,0.,1.));
#6709 = DIRECTION('',(-0.901031864884,0.433752900236,0.));
#6710 = ORIENTED_EDGE('',*,*,#6711,.F.);
#6711 = EDGE_CURVE('',#6712,#6703,#6714,.T.);
#6712 = VERTEX_POINT('',#6713);
#6713 = CARTESIAN_POINT('',(85.560002,-63.0028,1.51));
#6714 = CIRCLE('',#6715,0.499989885034);
#6715 = AXIS2_PLACEMENT_3D('',#6716,#6717,#6718);
#6716 = CARTESIAN_POINT('',(85.060012114969,-63.00280192086,1.51));
#6717 = DIRECTION('',(0.,0.,-1.));
#6718 = DIRECTION('',(0.999999999993,3.841811392097E-06,0.));
#6719 = ORIENTED_EDGE('',*,*,#6720,.F.);
#6720 = EDGE_CURVE('',#6721,#6712,#6723,.T.);
#6721 = VERTEX_POINT('',#6722);
#6722 = CARTESIAN_POINT('',(85.560002,-61.597116,1.51));
#6723 = LINE('',#6724,#6725);
#6724 = CARTESIAN_POINT('',(85.560002,-61.597116,1.51));
#6725 = VECTOR('',#6726,1.);
#6726 = DIRECTION('',(0.,-1.,0.));
#6727 = ORIENTED_EDGE('',*,*,#6728,.F.);
#6728 = EDGE_CURVE('',#6729,#6721,#6731,.T.);
#6729 = VERTEX_POINT('',#6730);
#6730 = CARTESIAN_POINT('',(85.510517,-61.380238,1.51));
#6731 = CIRCLE('',#6732,0.499989885034);
#6732 = AXIS2_PLACEMENT_3D('',#6733,#6734,#6735);
#6733 = CARTESIAN_POINT('',(85.060012114969,-61.59711407913,1.51));
#6734 = DIRECTION('',(0.,0.,-1.));
#6735 = DIRECTION('',(0.901027997796,0.43376093322,0.));
#6736 = ORIENTED_EDGE('',*,*,#6737,.F.);
#6737 = EDGE_CURVE('',#6738,#6729,#6740,.T.);
#6738 = VERTEX_POINT('',#6739);
#6739 = CARTESIAN_POINT('',(86.21329,-60.731659,1.51));
#6740 = CIRCLE('',#6741,0.499999729127);
#6741 = AXIS2_PLACEMENT_3D('',#6742,#6743,#6744);
#6742 = CARTESIAN_POINT('',(85.961031745676,-61.16335970911,1.51));
#6743 = DIRECTION('',(0.,0.,1.));
#6744 = DIRECTION('',(0.504516781969,0.863401885979,-0.));
#6745 = ORIENTED_EDGE('',*,*,#6746,.F.);
#6746 = EDGE_CURVE('',#6747,#6738,#6749,.T.);
#6747 = VERTEX_POINT('',#6748);
#6748 = CARTESIAN_POINT('',(86.465548,-60.799958,1.51));
#6749 = CIRCLE('',#6750,0.500008729288);
#6750 = AXIS2_PLACEMENT_3D('',#6751,#6752,#6753);
#6751 = CARTESIAN_POINT('',(86.465550656878,-60.29994927071,1.51));
#6752 = DIRECTION('',(0.,0.,-1.));
#6753 = DIRECTION('',(-5.31366276793E-06,-0.999999999986,-0.));
#6754 = ORIENTED_EDGE('',*,*,#6755,.F.);
#6755 = EDGE_CURVE('',#6756,#6747,#6758,.T.);
#6756 = VERTEX_POINT('',#6757);
#6757 = CARTESIAN_POINT('',(88.054454,-60.799959,1.51));
#6758 = LINE('',#6759,#6760);
#6759 = CARTESIAN_POINT('',(88.054454,-60.799959,1.51));
#6760 = VECTOR('',#6761,1.);
#6761 = DIRECTION('',(-1.,6.293638544889E-07,0.));
#6762 = ORIENTED_EDGE('',*,*,#6763,.F.);
#6763 = EDGE_CURVE('',#6633,#6756,#6764,.T.);
#6764 = CIRCLE('',#6765,0.500008729288);
#6765 = AXIS2_PLACEMENT_3D('',#6766,#6767,#6768);
#6766 = CARTESIAN_POINT('',(88.054451343122,-60.29995027071,1.51));
#6767 = DIRECTION('',(0.,0.,-1.));
#6768 = DIRECTION('',(0.504512505685,-0.863404384751,0.));
#6769 = FACE_BOUND('',#6770,.T.);
#6770 = EDGE_LOOP('',(#6771));
#6771 = ORIENTED_EDGE('',*,*,#6772,.T.);
#6772 = EDGE_CURVE('',#6773,#6773,#6775,.T.);
#6773 = VERTEX_POINT('',#6774);
#6774 = CARTESIAN_POINT('',(81.905,-58.425,1.51));
#6775 = CIRCLE('',#6776,0.85);
#6776 = AXIS2_PLACEMENT_3D('',#6777,#6778,#6779);
#6777 = CARTESIAN_POINT('',(81.905,-57.575,1.51));
#6778 = DIRECTION('',(-0.,0.,-1.));
#6779 = DIRECTION('',(-0.,-1.,0.));
#6780 = FACE_BOUND('',#6781,.T.);
#6781 = EDGE_LOOP('',(#6782));
#6782 = ORIENTED_EDGE('',*,*,#6783,.T.);
#6783 = EDGE_CURVE('',#6784,#6784,#6786,.T.);
#6784 = VERTEX_POINT('',#6785);
#6785 = CARTESIAN_POINT('',(86.985,-59.575,1.51));
#6786 = CIRCLE('',#6787,2.);
#6787 = AXIS2_PLACEMENT_3D('',#6788,#6789,#6790);
#6788 = CARTESIAN_POINT('',(86.985,-57.575,1.51));
#6789 = DIRECTION('',(-0.,0.,-1.));
#6790 = DIRECTION('',(-0.,-1.,0.));
#6791 = FACE_BOUND('',#6792,.T.);
#6792 = EDGE_LOOP('',(#6793));
#6793 = ORIENTED_EDGE('',*,*,#6794,.T.);
#6794 = EDGE_CURVE('',#6795,#6795,#6797,.T.);
#6795 = VERTEX_POINT('',#6796);
#6796 = CARTESIAN_POINT('',(92.065,-58.425,1.51));
#6797 = CIRCLE('',#6798,0.85);
#6798 = AXIS2_PLACEMENT_3D('',#6799,#6800,#6801);
#6799 = CARTESIAN_POINT('',(92.065,-57.575,1.51));
#6800 = DIRECTION('',(-0.,0.,-1.));
#6801 = DIRECTION('',(-0.,-1.,0.));
#6802 = FACE_BOUND('',#6803,.T.);
#6803 = EDGE_LOOP('',(#6804));
#6804 = ORIENTED_EDGE('',*,*,#6805,.T.);
#6805 = EDGE_CURVE('',#6806,#6806,#6808,.T.);
#6806 = VERTEX_POINT('',#6807);
#6807 = CARTESIAN_POINT('',(83.175,-55.785,1.51));
#6808 = CIRCLE('',#6809,0.75);
#6809 = AXIS2_PLACEMENT_3D('',#6810,#6811,#6812);
#6810 = CARTESIAN_POINT('',(83.175,-55.035,1.51));
#6811 = DIRECTION('',(-0.,0.,-1.));
#6812 = DIRECTION('',(-0.,-1.,0.));
#6813 = FACE_BOUND('',#6814,.T.);
#6814 = EDGE_LOOP('',(#6815));
#6815 = ORIENTED_EDGE('',*,*,#6816,.T.);
#6816 = EDGE_CURVE('',#6817,#6817,#6819,.T.);
#6817 = VERTEX_POINT('',#6818);
#6818 = CARTESIAN_POINT('',(89.525,-53.245,1.51));
#6819 = CIRCLE('',#6820,0.75);
#6820 = AXIS2_PLACEMENT_3D('',#6821,#6822,#6823);
#6821 = CARTESIAN_POINT('',(89.525,-52.495,1.51));
#6822 = DIRECTION('',(-0.,0.,-1.));
#6823 = DIRECTION('',(-0.,-1.,0.));
#6824 = FACE_BOUND('',#6825,.T.);
#6825 = EDGE_LOOP('',(#6826));
#6826 = ORIENTED_EDGE('',*,*,#6827,.T.);
#6827 = EDGE_CURVE('',#6828,#6828,#6830,.T.);
#6828 = VERTEX_POINT('',#6829);
#6829 = CARTESIAN_POINT('',(105.31,-62.0125,1.51));
#6830 = CIRCLE('',#6831,0.4);
#6831 = AXIS2_PLACEMENT_3D('',#6832,#6833,#6834);
#6832 = CARTESIAN_POINT('',(105.31,-61.6125,1.51));
#6833 = DIRECTION('',(-0.,0.,-1.));
#6834 = DIRECTION('',(-0.,-1.,0.));
#6835 = FACE_BOUND('',#6836,.T.);
#6836 = EDGE_LOOP('',(#6837));
#6837 = ORIENTED_EDGE('',*,*,#6838,.T.);
#6838 = EDGE_CURVE('',#6839,#6839,#6841,.T.);
#6839 = VERTEX_POINT('',#6840);
#6840 = CARTESIAN_POINT('',(112.93,-62.0125,1.51));
#6841 = CIRCLE('',#6842,0.4);
#6842 = AXIS2_PLACEMENT_3D('',#6843,#6844,#6845);
#6843 = CARTESIAN_POINT('',(112.93,-61.6125,1.51));
#6844 = DIRECTION('',(-0.,0.,-1.));
#6845 = DIRECTION('',(-0.,-1.,0.));
#6846 = FACE_BOUND('',#6847,.T.);
#6847 = EDGE_LOOP('',(#6848));
#6848 = ORIENTED_EDGE('',*,*,#6849,.T.);
#6849 = EDGE_CURVE('',#6850,#6850,#6852,.T.);
#6850 = VERTEX_POINT('',#6851);
#6851 = CARTESIAN_POINT('',(105.31,-55.7,1.51));
#6852 = CIRCLE('',#6853,0.4);
#6853 = AXIS2_PLACEMENT_3D('',#6854,#6855,#6856);
#6854 = CARTESIAN_POINT('',(105.31,-55.3,1.51));
#6855 = DIRECTION('',(-0.,0.,-1.));
#6856 = DIRECTION('',(-0.,-1.,0.));
#6857 = FACE_BOUND('',#6858,.T.);
#6858 = EDGE_LOOP('',(#6859));
#6859 = ORIENTED_EDGE('',*,*,#6860,.T.);
#6860 = EDGE_CURVE('',#6861,#6861,#6863,.T.);
#6861 = VERTEX_POINT('',#6862);
#6862 = CARTESIAN_POINT('',(112.93,-55.7,1.51));
#6863 = CIRCLE('',#6864,0.4);
#6864 = AXIS2_PLACEMENT_3D('',#6865,#6866,#6867);
#6865 = CARTESIAN_POINT('',(112.93,-55.3,1.51));
#6866 = DIRECTION('',(-0.,0.,-1.));
#6867 = DIRECTION('',(-0.,-1.,0.));
#6868 = FACE_BOUND('',#6869,.T.);
#6869 = EDGE_LOOP('',(#6870));
#6870 = ORIENTED_EDGE('',*,*,#6871,.T.);
#6871 = EDGE_CURVE('',#6872,#6872,#6874,.T.);
#6872 = VERTEX_POINT('',#6873);
#6873 = CARTESIAN_POINT('',(105.31,-49.3875,1.51));
#6874 = CIRCLE('',#6875,0.4);
#6875 = AXIS2_PLACEMENT_3D('',#6876,#6877,#6878);
#6876 = CARTESIAN_POINT('',(105.31,-48.9875,1.51));
#6877 = DIRECTION('',(-0.,0.,-1.));
#6878 = DIRECTION('',(-0.,-1.,0.));
#6879 = FACE_BOUND('',#6880,.T.);
#6880 = EDGE_LOOP('',(#6881));
#6881 = ORIENTED_EDGE('',*,*,#6882,.T.);
#6882 = EDGE_CURVE('',#6883,#6883,#6885,.T.);
#6883 = VERTEX_POINT('',#6884);
#6884 = CARTESIAN_POINT('',(112.93,-49.3875,1.51));
#6885 = CIRCLE('',#6886,0.4);
#6886 = AXIS2_PLACEMENT_3D('',#6887,#6888,#6889);
#6887 = CARTESIAN_POINT('',(112.93,-48.9875,1.51));
#6888 = DIRECTION('',(-0.,0.,-1.));
#6889 = DIRECTION('',(-0.,-1.,0.));
#6890 = FACE_BOUND('',#6891,.T.);
#6891 = EDGE_LOOP('',(#6892));
#6892 = ORIENTED_EDGE('',*,*,#6893,.T.);
#6893 = EDGE_CURVE('',#6894,#6894,#6896,.T.);
#6894 = VERTEX_POINT('',#6895);
#6895 = CARTESIAN_POINT('',(87.11,-39.05,1.51));
#6896 = CIRCLE('',#6897,0.5);
#6897 = AXIS2_PLACEMENT_3D('',#6898,#6899,#6900);
#6898 = CARTESIAN_POINT('',(87.11,-38.55,1.51));
#6899 = DIRECTION('',(-0.,0.,-1.));
#6900 = DIRECTION('',(-0.,-1.,0.));
#6901 = FACE_BOUND('',#6902,.T.);
#6902 = EDGE_LOOP('',(#6903));
#6903 = ORIENTED_EDGE('',*,*,#6904,.T.);
#6904 = EDGE_CURVE('',#6905,#6905,#6907,.T.);
#6905 = VERTEX_POINT('',#6906);
#6906 = CARTESIAN_POINT('',(87.11,-36.55,1.51));
#6907 = CIRCLE('',#6908,0.5);
#6908 = AXIS2_PLACEMENT_3D('',#6909,#6910,#6911);
#6909 = CARTESIAN_POINT('',(87.11,-36.05,1.51));
#6910 = DIRECTION('',(-0.,0.,-1.));
#6911 = DIRECTION('',(-0.,-1.,0.));
#6912 = FACE_BOUND('',#6913,.T.);
#6913 = EDGE_LOOP('',(#6914,#6925,#6933,#6942));
#6914 = ORIENTED_EDGE('',*,*,#6915,.T.);
#6915 = EDGE_CURVE('',#6916,#6918,#6920,.T.);
#6916 = VERTEX_POINT('',#6917);
#6917 = CARTESIAN_POINT('',(95.26,-40.9,1.51));
#6918 = VERTEX_POINT('',#6919);
#6919 = CARTESIAN_POINT('',(95.26,-42.4,1.51));
#6920 = CIRCLE('',#6921,0.75);
#6921 = AXIS2_PLACEMENT_3D('',#6922,#6923,#6924);
#6922 = CARTESIAN_POINT('',(95.26,-41.65,1.51));
#6923 = DIRECTION('',(-0.,0.,-1.));
#6924 = DIRECTION('',(-0.,-1.,0.));
#6925 = ORIENTED_EDGE('',*,*,#6926,.T.);
#6926 = EDGE_CURVE('',#6918,#6927,#6929,.T.);
#6927 = VERTEX_POINT('',#6928);
#6928 = CARTESIAN_POINT('',(93.96,-42.4,1.51));
#6929 = LINE('',#6930,#6931);
#6930 = CARTESIAN_POINT('',(46.98,-42.4,1.51));
#6931 = VECTOR('',#6932,1.);
#6932 = DIRECTION('',(-1.,0.,0.));
#6933 = ORIENTED_EDGE('',*,*,#6934,.T.);
#6934 = EDGE_CURVE('',#6927,#6935,#6937,.T.);
#6935 = VERTEX_POINT('',#6936);
#6936 = CARTESIAN_POINT('',(93.96,-40.9,1.51));
#6937 = CIRCLE('',#6938,0.75);
#6938 = AXIS2_PLACEMENT_3D('',#6939,#6940,#6941);
#6939 = CARTESIAN_POINT('',(93.96,-41.65,1.51));
#6940 = DIRECTION('',(-0.,0.,-1.));
#6941 = DIRECTION('',(0.,1.,0.));
#6942 = ORIENTED_EDGE('',*,*,#6943,.T.);
#6943 = EDGE_CURVE('',#6935,#6916,#6944,.T.);
#6944 = LINE('',#6945,#6946);
#6945 = CARTESIAN_POINT('',(47.63,-40.9,1.51));
#6946 = VECTOR('',#6947,1.);
#6947 = DIRECTION('',(1.,0.,-0.));
#6948 = FACE_BOUND('',#6949,.T.);
#6949 = EDGE_LOOP('',(#6950));
#6950 = ORIENTED_EDGE('',*,*,#6951,.T.);
#6951 = EDGE_CURVE('',#6952,#6952,#6954,.T.);
#6952 = VERTEX_POINT('',#6953);
#6953 = CARTESIAN_POINT('',(101.61,-39.05,1.51));
#6954 = CIRCLE('',#6955,0.5);
#6955 = AXIS2_PLACEMENT_3D('',#6956,#6957,#6958);
#6956 = CARTESIAN_POINT('',(101.61,-38.55,1.51));
#6957 = DIRECTION('',(-0.,0.,-1.));
#6958 = DIRECTION('',(-0.,-1.,0.));
#6959 = FACE_BOUND('',#6960,.T.);
#6960 = EDGE_LOOP('',(#6961));
#6961 = ORIENTED_EDGE('',*,*,#6962,.T.);
#6962 = EDGE_CURVE('',#6963,#6963,#6965,.T.);
#6963 = VERTEX_POINT('',#6964);
#6964 = CARTESIAN_POINT('',(87.11,-34.05,1.51));
#6965 = CIRCLE('',#6966,0.5);
#6966 = AXIS2_PLACEMENT_3D('',#6967,#6968,#6969);
#6967 = CARTESIAN_POINT('',(87.11,-33.55,1.51));
#6968 = DIRECTION('',(-0.,0.,-1.));
#6969 = DIRECTION('',(-0.,-1.,0.));
#6970 = FACE_BOUND('',#6971,.T.);
#6971 = EDGE_LOOP('',(#6972,#6983,#6991,#7000));
#6972 = ORIENTED_EDGE('',*,*,#6973,.T.);
#6973 = EDGE_CURVE('',#6974,#6976,#6978,.T.);
#6974 = VERTEX_POINT('',#6975);
#6975 = CARTESIAN_POINT('',(95.26,-29.7,1.51));
#6976 = VERTEX_POINT('',#6977);
#6977 = CARTESIAN_POINT('',(95.26,-31.2,1.51));
#6978 = CIRCLE('',#6979,0.75);
#6979 = AXIS2_PLACEMENT_3D('',#6980,#6981,#6982);
#6980 = CARTESIAN_POINT('',(95.26,-30.45,1.51));
#6981 = DIRECTION('',(-0.,0.,-1.));
#6982 = DIRECTION('',(-0.,-1.,0.));
#6983 = ORIENTED_EDGE('',*,*,#6984,.T.);
#6984 = EDGE_CURVE('',#6976,#6985,#6987,.T.);
#6985 = VERTEX_POINT('',#6986);
#6986 = CARTESIAN_POINT('',(93.96,-31.2,1.51));
#6987 = LINE('',#6988,#6989);
#6988 = CARTESIAN_POINT('',(46.98,-31.2,1.51));
#6989 = VECTOR('',#6990,1.);
#6990 = DIRECTION('',(-1.,0.,0.));
#6991 = ORIENTED_EDGE('',*,*,#6992,.T.);
#6992 = EDGE_CURVE('',#6985,#6993,#6995,.T.);
#6993 = VERTEX_POINT('',#6994);
#6994 = CARTESIAN_POINT('',(93.96,-29.7,1.51));
#6995 = CIRCLE('',#6996,0.75);
#6996 = AXIS2_PLACEMENT_3D('',#6997,#6998,#6999);
#6997 = CARTESIAN_POINT('',(93.96,-30.45,1.51));
#6998 = DIRECTION('',(-0.,0.,-1.));
#6999 = DIRECTION('',(0.,1.,0.));
#7000 = ORIENTED_EDGE('',*,*,#7001,.T.);
#7001 = EDGE_CURVE('',#6993,#6974,#7002,.T.);
#7002 = LINE('',#7003,#7004);
#7003 = CARTESIAN_POINT('',(47.63,-29.7,1.51));
#7004 = VECTOR('',#7005,1.);
#7005 = DIRECTION('',(1.,0.,-0.));
#7006 = FACE_BOUND('',#7007,.T.);
#7007 = EDGE_LOOP('',(#7008));
#7008 = ORIENTED_EDGE('',*,*,#7009,.T.);
#7009 = EDGE_CURVE('',#7010,#7010,#7012,.T.);
#7010 = VERTEX_POINT('',#7011);
#7011 = CARTESIAN_POINT('',(101.61,-34.05,1.51));
#7012 = CIRCLE('',#7013,0.5);
#7013 = AXIS2_PLACEMENT_3D('',#7014,#7015,#7016);
#7014 = CARTESIAN_POINT('',(101.61,-33.55,1.51));
#7015 = DIRECTION('',(-0.,0.,-1.));
#7016 = DIRECTION('',(-0.,-1.,0.));
#7017 = FACE_BOUND('',#7018,.T.);
#7018 = EDGE_LOOP('',(#7019));
#7019 = ORIENTED_EDGE('',*,*,#7020,.T.);
#7020 = EDGE_CURVE('',#7021,#7021,#7023,.T.);
#7021 = VERTEX_POINT('',#7022);
#7022 = CARTESIAN_POINT('',(105.31,-43.075,1.51));
#7023 = CIRCLE('',#7024,0.4);
#7024 = AXIS2_PLACEMENT_3D('',#7025,#7026,#7027);
#7025 = CARTESIAN_POINT('',(105.31,-42.675,1.51));
#7026 = DIRECTION('',(-0.,0.,-1.));
#7027 = DIRECTION('',(-0.,-1.,0.));
#7028 = FACE_BOUND('',#7029,.T.);
#7029 = EDGE_LOOP('',(#7030));
#7030 = ORIENTED_EDGE('',*,*,#7031,.T.);
#7031 = EDGE_CURVE('',#7032,#7032,#7034,.T.);
#7032 = VERTEX_POINT('',#7033);
#7033 = CARTESIAN_POINT('',(112.93,-43.075,1.51));
#7034 = CIRCLE('',#7035,0.4);
#7035 = AXIS2_PLACEMENT_3D('',#7036,#7037,#7038);
#7036 = CARTESIAN_POINT('',(112.93,-42.675,1.51));
#7037 = DIRECTION('',(-0.,0.,-1.));
#7038 = DIRECTION('',(-0.,-1.,0.));
#7039 = FACE_BOUND('',#7040,.T.);
#7040 = EDGE_LOOP('',(#7041));
#7041 = ORIENTED_EDGE('',*,*,#7042,.T.);
#7042 = EDGE_CURVE('',#7043,#7043,#7045,.T.);
#7043 = VERTEX_POINT('',#7044);
#7044 = CARTESIAN_POINT('',(105.31,-36.7625,1.51));
#7045 = CIRCLE('',#7046,0.4);
#7046 = AXIS2_PLACEMENT_3D('',#7047,#7048,#7049);
#7047 = CARTESIAN_POINT('',(105.31,-36.3625,1.51));
#7048 = DIRECTION('',(-0.,0.,-1.));
#7049 = DIRECTION('',(-0.,-1.,0.));
#7050 = FACE_BOUND('',#7051,.T.);
#7051 = EDGE_LOOP('',(#7052));
#7052 = ORIENTED_EDGE('',*,*,#7053,.T.);
#7053 = EDGE_CURVE('',#7054,#7054,#7056,.T.);
#7054 = VERTEX_POINT('',#7055);
#7055 = CARTESIAN_POINT('',(112.93,-36.7625,1.51));
#7056 = CIRCLE('',#7057,0.4);
#7057 = AXIS2_PLACEMENT_3D('',#7058,#7059,#7060);
#7058 = CARTESIAN_POINT('',(112.93,-36.3625,1.51));
#7059 = DIRECTION('',(-0.,0.,-1.));
#7060 = DIRECTION('',(-0.,-1.,0.));
#7061 = FACE_BOUND('',#7062,.T.);
#7062 = EDGE_LOOP('',(#7063));
#7063 = ORIENTED_EDGE('',*,*,#7064,.T.);
#7064 = EDGE_CURVE('',#7065,#7065,#7067,.T.);
#7065 = VERTEX_POINT('',#7066);
#7066 = CARTESIAN_POINT('',(105.31,-30.45,1.51));
#7067 = CIRCLE('',#7068,0.4);
#7068 = AXIS2_PLACEMENT_3D('',#7069,#7070,#7071);
#7069 = CARTESIAN_POINT('',(105.31,-30.05,1.51));
#7070 = DIRECTION('',(-0.,0.,-1.));
#7071 = DIRECTION('',(-0.,-1.,0.));
#7072 = FACE_BOUND('',#7073,.T.);
#7073 = EDGE_LOOP('',(#7074));
#7074 = ORIENTED_EDGE('',*,*,#7075,.T.);
#7075 = EDGE_CURVE('',#7076,#7076,#7078,.T.);
#7076 = VERTEX_POINT('',#7077);
#7077 = CARTESIAN_POINT('',(112.93,-30.45,1.51));
#7078 = CIRCLE('',#7079,0.4);
#7079 = AXIS2_PLACEMENT_3D('',#7080,#7081,#7082);
#7080 = CARTESIAN_POINT('',(112.93,-30.05,1.51));
#7081 = DIRECTION('',(-0.,0.,-1.));
#7082 = DIRECTION('',(-0.,-1.,0.));
#7083 = FACE_BOUND('',#7084,.T.);
#7084 = EDGE_LOOP('',(#7085));
#7085 = ORIENTED_EDGE('',*,*,#7086,.T.);
#7086 = EDGE_CURVE('',#7087,#7087,#7089,.T.);
#7087 = VERTEX_POINT('',#7088);
#7088 = CARTESIAN_POINT('',(124.5186,-26.5528,1.51));
#7089 = CIRCLE('',#7090,1.6);
#7090 = AXIS2_PLACEMENT_3D('',#7091,#7092,#7093);
#7091 = CARTESIAN_POINT('',(124.5186,-24.9528,1.51));
#7092 = DIRECTION('',(-0.,0.,-1.));
#7093 = DIRECTION('',(8.881784197001E-15,-1.,-0.));
#7094 = PLANE('',#7095);
#7095 = AXIS2_PLACEMENT_3D('',#7096,#7097,#7098);
#7096 = CARTESIAN_POINT('',(0.,0.,1.51));
#7097 = DIRECTION('',(0.,0.,1.));
#7098 = DIRECTION('',(1.,0.,-0.));
#7099 = ADVANCED_FACE('',(#7100),#7111,.T.);
#7100 = FACE_BOUND('',#7101,.T.);
#7101 = EDGE_LOOP('',(#7102,#7108,#7109,#7110));
#7102 = ORIENTED_EDGE('',*,*,#7103,.T.);
#7103 = EDGE_CURVE('',#2328,#4717,#7104,.T.);
#7104 = LINE('',#7105,#7106);
#7105 = CARTESIAN_POINT('',(35.2172,-20.8768,0.));
#7106 = VECTOR('',#7107,1.);
#7107 = DIRECTION('',(0.,0.,1.));
#7108 = ORIENTED_EDGE('',*,*,#4716,.T.);
#7109 = ORIENTED_EDGE('',*,*,#2263,.F.);
#7110 = ORIENTED_EDGE('',*,*,#2327,.F.);
#7111 = PLANE('',#7112);
#7112 = AXIS2_PLACEMENT_3D('',#7113,#7114,#7115);
#7113 = CARTESIAN_POINT('',(35.2172,-20.8768,0.));
#7114 = DIRECTION('',(0.,1.,0.));
#7115 = DIRECTION('',(1.,0.,0.));
#7116 = ADVANCED_FACE('',(#7117),#7128,.T.);
#7117 = FACE_BOUND('',#7118,.T.);
#7118 = EDGE_LOOP('',(#7119,#7120,#7121,#7127));
#7119 = ORIENTED_EDGE('',*,*,#2303,.T.);
#7120 = ORIENTED_EDGE('',*,*,#4748,.T.);
#7121 = ORIENTED_EDGE('',*,*,#7122,.F.);
#7122 = EDGE_CURVE('',#2352,#4741,#7123,.T.);
#7123 = LINE('',#7124,#7125);
#7124 = CARTESIAN_POINT('',(35.2172,-111.7767,0.));
#7125 = VECTOR('',#7126,1.);
#7126 = DIRECTION('',(0.,0.,1.));
#7127 = ORIENTED_EDGE('',*,*,#2359,.F.);
#7128 = PLANE('',#7129);
#7129 = AXIS2_PLACEMENT_3D('',#7130,#7131,#7132);
#7130 = CARTESIAN_POINT('',(125.5946,-111.7767,0.));
#7131 = DIRECTION('',(0.,-1.,0.));
#7132 = DIRECTION('',(-1.,0.,0.));
#7133 = ADVANCED_FACE('',(#7134),#7145,.T.);
#7134 = FACE_BOUND('',#7135,.T.);
#7135 = EDGE_LOOP('',(#7136,#7142,#7143,#7144));
#7136 = ORIENTED_EDGE('',*,*,#7137,.T.);
#7137 = EDGE_CURVE('',#2336,#4725,#7138,.T.);
#7138 = LINE('',#7139,#7140);
#7139 = CARTESIAN_POINT('',(32.2172,-23.8768,0.));
#7140 = VECTOR('',#7141,1.);
#7141 = DIRECTION('',(0.,0.,1.));
#7142 = ORIENTED_EDGE('',*,*,#4724,.T.);
#7143 = ORIENTED_EDGE('',*,*,#7103,.F.);
#7144 = ORIENTED_EDGE('',*,*,#2335,.F.);
#7145 = PLANE('',#7146);
#7146 = AXIS2_PLACEMENT_3D('',#7147,#7148,#7149);
#7147 = CARTESIAN_POINT('',(32.2172,-23.8768,0.));
#7148 = DIRECTION('',(-0.707106781187,0.707106781187,0.));
#7149 = DIRECTION('',(0.707106781187,0.707106781187,0.));
#7150 = ADVANCED_FACE('',(#7151),#7162,.T.);
#7151 = FACE_BOUND('',#7152,.T.);
#7152 = EDGE_LOOP('',(#7153,#7154,#7155,#7161));
#7153 = ORIENTED_EDGE('',*,*,#7122,.T.);
#7154 = ORIENTED_EDGE('',*,*,#4740,.T.);
#7155 = ORIENTED_EDGE('',*,*,#7156,.F.);
#7156 = EDGE_CURVE('',#2344,#4733,#7157,.T.);
#7157 = LINE('',#7158,#7159);
#7158 = CARTESIAN_POINT('',(32.2172,-108.7767,0.));
#7159 = VECTOR('',#7160,1.);
#7160 = DIRECTION('',(0.,0.,1.));
#7161 = ORIENTED_EDGE('',*,*,#2351,.F.);
#7162 = PLANE('',#7163);
#7163 = AXIS2_PLACEMENT_3D('',#7164,#7165,#7166);
#7164 = CARTESIAN_POINT('',(35.2172,-111.7767,0.));
#7165 = DIRECTION('',(-0.707106781187,-0.707106781187,0.));
#7166 = DIRECTION('',(-0.707106781187,0.707106781187,0.));
#7167 = ADVANCED_FACE('',(#7168),#7174,.T.);
#7168 = FACE_BOUND('',#7169,.T.);
#7169 = EDGE_LOOP('',(#7170,#7171,#7172,#7173));
#7170 = ORIENTED_EDGE('',*,*,#7156,.T.);
#7171 = ORIENTED_EDGE('',*,*,#4732,.T.);
#7172 = ORIENTED_EDGE('',*,*,#7137,.F.);
#7173 = ORIENTED_EDGE('',*,*,#2343,.F.);
#7174 = PLANE('',#7175);
#7175 = AXIS2_PLACEMENT_3D('',#7176,#7177,#7178);
#7176 = CARTESIAN_POINT('',(32.2172,-108.7767,0.));
#7177 = DIRECTION('',(-1.,0.,0.));
#7178 = DIRECTION('',(0.,1.,0.));
#7179 = ADVANCED_FACE('',(#7180),#7191,.F.);
#7180 = FACE_BOUND('',#7181,.T.);
#7181 = EDGE_LOOP('',(#7182,#7183,#7189,#7190));
#7182 = ORIENTED_EDGE('',*,*,#2368,.T.);
#7183 = ORIENTED_EDGE('',*,*,#7184,.T.);
#7184 = EDGE_CURVE('',#2369,#4758,#7185,.T.);
#7185 = LINE('',#7186,#7187);
#7186 = CARTESIAN_POINT('',(36.2932,-109.3007,-4.6E-02));
#7187 = VECTOR('',#7188,1.);
#7188 = DIRECTION('',(0.,0.,1.));
#7189 = ORIENTED_EDGE('',*,*,#4757,.F.);
#7190 = ORIENTED_EDGE('',*,*,#7184,.F.);
#7191 = CYLINDRICAL_SURFACE('',#7192,1.6);
#7192 = AXIS2_PLACEMENT_3D('',#7193,#7194,#7195);
#7193 = CARTESIAN_POINT('',(36.2932,-107.7007,-4.6E-02));
#7194 = DIRECTION('',(-0.,-0.,-1.));
#7195 = DIRECTION('',(-0.,-1.,0.));
#7196 = ADVANCED_FACE('',(#7197),#7213,.F.);
#7197 = FACE_BOUND('',#7198,.T.);
#7198 = EDGE_LOOP('',(#7199,#7205,#7206,#7212));
#7199 = ORIENTED_EDGE('',*,*,#7200,.T.);
#7200 = EDGE_CURVE('',#2380,#4769,#7201,.T.);
#7201 = LINE('',#7202,#7203);
#7202 = CARTESIAN_POINT('',(50.609485,-99.527438,0.));
#7203 = VECTOR('',#7204,1.);
#7204 = DIRECTION('',(0.,0.,1.));
#7205 = ORIENTED_EDGE('',*,*,#4768,.T.);
#7206 = ORIENTED_EDGE('',*,*,#7207,.F.);
#7207 = EDGE_CURVE('',#2382,#4771,#7208,.T.);
#7208 = LINE('',#7209,#7210);
#7209 = CARTESIAN_POINT('',(49.906712,-98.87886,0.));
#7210 = VECTOR('',#7211,1.);
#7211 = DIRECTION('',(0.,0.,1.));
#7212 = ORIENTED_EDGE('',*,*,#2379,.F.);
#7213 = CYLINDRICAL_SURFACE('',#7214,0.499999422661);
#7214 = AXIS2_PLACEMENT_3D('',#7215,#7216,#7217);
#7215 = CARTESIAN_POINT('',(50.158970295513,-99.31056033009,0.));
#7216 = DIRECTION('',(-0.,-0.,-1.));
#7217 = DIRECTION('',(0.901030449374,-0.433755840654,0.));
#7218 = ADVANCED_FACE('',(#7219),#7230,.T.);
#7219 = FACE_BOUND('',#7220,.T.);
#7220 = EDGE_LOOP('',(#7221,#7227,#7228,#7229));
#7221 = ORIENTED_EDGE('',*,*,#7222,.T.);
#7222 = EDGE_CURVE('',#2391,#4780,#7223,.T.);
#7223 = LINE('',#7224,#7225);
#7224 = CARTESIAN_POINT('',(50.56,-99.744316,0.));
#7225 = VECTOR('',#7226,1.);
#7226 = DIRECTION('',(0.,0.,1.));
#7227 = ORIENTED_EDGE('',*,*,#4779,.T.);
#7228 = ORIENTED_EDGE('',*,*,#7200,.F.);
#7229 = ORIENTED_EDGE('',*,*,#2390,.F.);
#7230 = CYLINDRICAL_SURFACE('',#7231,0.499989885034);
#7231 = AXIS2_PLACEMENT_3D('',#7232,#7233,#7234);
#7232 = CARTESIAN_POINT('',(51.05998988503,-99.74431407913,0.));
#7233 = DIRECTION('',(0.,0.,-1.));
#7234 = DIRECTION('',(-0.999999999993,-3.841811477365E-06,-0.));
#7235 = ADVANCED_FACE('',(#7236),#7247,.T.);
#7236 = FACE_BOUND('',#7237,.T.);
#7237 = EDGE_LOOP('',(#7238,#7239,#7240,#7246));
#7238 = ORIENTED_EDGE('',*,*,#7207,.T.);
#7239 = ORIENTED_EDGE('',*,*,#4901,.T.);
#7240 = ORIENTED_EDGE('',*,*,#7241,.F.);
#7241 = EDGE_CURVE('',#2505,#4894,#7242,.T.);
#7242 = LINE('',#7243,#7244);
#7243 = CARTESIAN_POINT('',(49.654454,-98.947159,0.));
#7244 = VECTOR('',#7245,1.);
#7245 = DIRECTION('',(0.,0.,1.));
#7246 = ORIENTED_EDGE('',*,*,#2512,.F.);
#7247 = CYLINDRICAL_SURFACE('',#7248,0.500008729288);
#7248 = AXIS2_PLACEMENT_3D('',#7249,#7250,#7251);
#7249 = CARTESIAN_POINT('',(49.654451343122,-98.44715027071,0.));
#7250 = DIRECTION('',(0.,0.,-1.));
#7251 = DIRECTION('',(0.504512505685,-0.863404384751,0.));
#7252 = ADVANCED_FACE('',(#7253),#7264,.T.);
#7253 = FACE_BOUND('',#7254,.T.);
#7254 = EDGE_LOOP('',(#7255,#7261,#7262,#7263));
#7255 = ORIENTED_EDGE('',*,*,#7256,.T.);
#7256 = EDGE_CURVE('',#2400,#4789,#7257,.T.);
#7257 = LINE('',#7258,#7259);
#7258 = CARTESIAN_POINT('',(50.56,-101.15,0.));
#7259 = VECTOR('',#7260,1.);
#7260 = DIRECTION('',(0.,0.,1.));
#7261 = ORIENTED_EDGE('',*,*,#4788,.T.);
#7262 = ORIENTED_EDGE('',*,*,#7222,.F.);
#7263 = ORIENTED_EDGE('',*,*,#2399,.F.);
#7264 = PLANE('',#7265);
#7265 = AXIS2_PLACEMENT_3D('',#7266,#7267,#7268);
#7266 = CARTESIAN_POINT('',(50.56,-101.15,0.));
#7267 = DIRECTION('',(-1.,0.,0.));
#7268 = DIRECTION('',(0.,1.,0.));
#7269 = ADVANCED_FACE('',(#7270),#7281,.T.);
#7270 = FACE_BOUND('',#7271,.T.);
#7271 = EDGE_LOOP('',(#7272,#7273,#7274,#7280));
#7272 = ORIENTED_EDGE('',*,*,#7241,.T.);
#7273 = ORIENTED_EDGE('',*,*,#4893,.T.);
#7274 = ORIENTED_EDGE('',*,*,#7275,.F.);
#7275 = EDGE_CURVE('',#2496,#4885,#7276,.T.);
#7276 = LINE('',#7277,#7278);
#7277 = CARTESIAN_POINT('',(48.065548,-98.947158,0.));
#7278 = VECTOR('',#7279,1.);
#7279 = DIRECTION('',(0.,0.,1.));
#7280 = ORIENTED_EDGE('',*,*,#2504,.F.);
#7281 = PLANE('',#7282);
#7282 = AXIS2_PLACEMENT_3D('',#7283,#7284,#7285);
#7283 = CARTESIAN_POINT('',(49.654454,-98.947159,0.));
#7284 = DIRECTION('',(-6.29363850017E-07,-1.,0.));
#7285 = DIRECTION('',(-1.,6.29363850017E-07,0.));
#7286 = ADVANCED_FACE('',(#7287),#7298,.T.);
#7287 = FACE_BOUND('',#7288,.T.);
#7288 = EDGE_LOOP('',(#7289,#7295,#7296,#7297));
#7289 = ORIENTED_EDGE('',*,*,#7290,.T.);
#7290 = EDGE_CURVE('',#2408,#4797,#7291,.T.);
#7291 = LINE('',#7292,#7293);
#7292 = CARTESIAN_POINT('',(50.609485,-101.366878,0.));
#7293 = VECTOR('',#7294,1.);
#7294 = DIRECTION('',(0.,0.,1.));
#7295 = ORIENTED_EDGE('',*,*,#4796,.T.);
#7296 = ORIENTED_EDGE('',*,*,#7256,.F.);
#7297 = ORIENTED_EDGE('',*,*,#2407,.F.);
#7298 = CYLINDRICAL_SURFACE('',#7299,0.499989885034);
#7299 = AXIS2_PLACEMENT_3D('',#7300,#7301,#7302);
#7300 = CARTESIAN_POINT('',(51.059989885031,-101.1500019208,0.));
#7301 = DIRECTION('',(0.,0.,-1.));
#7302 = DIRECTION('',(-0.901027997796,-0.43376093322,-0.));
#7303 = ADVANCED_FACE('',(#7304),#7315,.T.);
#7304 = FACE_BOUND('',#7305,.T.);
#7305 = EDGE_LOOP('',(#7306,#7307,#7308,#7314));
#7306 = ORIENTED_EDGE('',*,*,#7275,.T.);
#7307 = ORIENTED_EDGE('',*,*,#4884,.T.);
#7308 = ORIENTED_EDGE('',*,*,#7309,.F.);
#7309 = EDGE_CURVE('',#2487,#4876,#7310,.T.);
#7310 = LINE('',#7311,#7312);
#7311 = CARTESIAN_POINT('',(47.81329,-98.878859,0.));
#7312 = VECTOR('',#7313,1.);
#7313 = DIRECTION('',(0.,0.,1.));
#7314 = ORIENTED_EDGE('',*,*,#2495,.F.);
#7315 = CYLINDRICAL_SURFACE('',#7316,0.500008729288);
#7316 = AXIS2_PLACEMENT_3D('',#7317,#7318,#7319);
#7317 = CARTESIAN_POINT('',(48.065550656878,-98.44714927071,0.));
#7318 = DIRECTION('',(0.,0.,-1.));
#7319 = DIRECTION('',(-5.313662725299E-06,-0.999999999986,-0.));
#7320 = ADVANCED_FACE('',(#7321),#7332,.F.);
#7321 = FACE_BOUND('',#7322,.T.);
#7322 = EDGE_LOOP('',(#7323,#7329,#7330,#7331));
#7323 = ORIENTED_EDGE('',*,*,#7324,.T.);
#7324 = EDGE_CURVE('',#2417,#4806,#7325,.T.);
#7325 = LINE('',#7326,#7327);
#7326 = CARTESIAN_POINT('',(49.906712,-102.015457,0.));
#7327 = VECTOR('',#7328,1.);
#7328 = DIRECTION('',(0.,0.,1.));
#7329 = ORIENTED_EDGE('',*,*,#4805,.T.);
#7330 = ORIENTED_EDGE('',*,*,#7290,.F.);
#7331 = ORIENTED_EDGE('',*,*,#2416,.F.);
#7332 = CYLINDRICAL_SURFACE('',#7333,0.499999448976);
#7333 = AXIS2_PLACEMENT_3D('',#7334,#7335,#7336);
#7334 = CARTESIAN_POINT('',(50.158970904285,-101.5837569951,0.));
#7335 = DIRECTION('',(-0.,-0.,-1.));
#7336 = DIRECTION('',(-0.504518364574,-0.863400961204,0.));
#7337 = ADVANCED_FACE('',(#7338),#7349,.F.);
#7338 = FACE_BOUND('',#7339,.T.);
#7339 = EDGE_LOOP('',(#7340,#7341,#7342,#7348));
#7340 = ORIENTED_EDGE('',*,*,#7309,.T.);
#7341 = ORIENTED_EDGE('',*,*,#4875,.T.);
#7342 = ORIENTED_EDGE('',*,*,#7343,.F.);
#7343 = EDGE_CURVE('',#2478,#4867,#7344,.T.);
#7344 = LINE('',#7345,#7346);
#7345 = CARTESIAN_POINT('',(47.110517,-99.527438,0.));
#7346 = VECTOR('',#7347,1.);
#7347 = DIRECTION('',(0.,0.,1.));
#7348 = ORIENTED_EDGE('',*,*,#2486,.F.);
#7349 = CYLINDRICAL_SURFACE('',#7350,0.499999729127);
#7350 = AXIS2_PLACEMENT_3D('',#7351,#7352,#7353);
#7351 = CARTESIAN_POINT('',(47.561031745676,-99.31055970911,0.));
#7352 = DIRECTION('',(-0.,-0.,-1.));
#7353 = DIRECTION('',(0.504516781969,0.863401885979,-0.));
#7354 = ADVANCED_FACE('',(#7355),#7366,.T.);
#7355 = FACE_BOUND('',#7356,.T.);
#7356 = EDGE_LOOP('',(#7357,#7363,#7364,#7365));
#7357 = ORIENTED_EDGE('',*,*,#7358,.T.);
#7358 = EDGE_CURVE('',#2426,#4815,#7359,.T.);
#7359 = LINE('',#7360,#7361);
#7360 = CARTESIAN_POINT('',(49.654453,-101.947158,0.));
#7361 = VECTOR('',#7362,1.);
#7362 = DIRECTION('',(0.,0.,1.));
#7363 = ORIENTED_EDGE('',*,*,#4814,.T.);
#7364 = ORIENTED_EDGE('',*,*,#7324,.F.);
#7365 = ORIENTED_EDGE('',*,*,#2425,.F.);
#7366 = CYLINDRICAL_SURFACE('',#7367,0.500008729226);
#7367 = AXIS2_PLACEMENT_3D('',#7368,#7369,#7370);
#7368 = CARTESIAN_POINT('',(49.654451343146,-102.4471667292,0.));
#7369 = DIRECTION('',(0.,0.,-1.));
#7370 = DIRECTION('',(3.313649245977E-06,0.999999999995,0.));
#7371 = ADVANCED_FACE('',(#7372),#7383,.T.);
#7372 = FACE_BOUND('',#7373,.T.);
#7373 = EDGE_LOOP('',(#7374,#7375,#7376,#7382));
#7374 = ORIENTED_EDGE('',*,*,#7343,.T.);
#7375 = ORIENTED_EDGE('',*,*,#4866,.T.);
#7376 = ORIENTED_EDGE('',*,*,#7377,.F.);
#7377 = EDGE_CURVE('',#2470,#4859,#7378,.T.);
#7378 = LINE('',#7379,#7380);
#7379 = CARTESIAN_POINT('',(47.160002,-99.744316,0.));
#7380 = VECTOR('',#7381,1.);
#7381 = DIRECTION('',(0.,0.,1.));
#7382 = ORIENTED_EDGE('',*,*,#2477,.F.);
#7383 = CYLINDRICAL_SURFACE('',#7384,0.499989885034);
#7384 = AXIS2_PLACEMENT_3D('',#7385,#7386,#7387);
#7385 = CARTESIAN_POINT('',(46.66001211497,-99.74431407913,0.));
#7386 = DIRECTION('',(0.,0.,-1.));
#7387 = DIRECTION('',(0.901027997796,0.43376093322,0.));
#7388 = ADVANCED_FACE('',(#7389),#7400,.T.);
#7389 = FACE_BOUND('',#7390,.T.);
#7390 = EDGE_LOOP('',(#7391,#7397,#7398,#7399));
#7391 = ORIENTED_EDGE('',*,*,#7392,.T.);
#7392 = EDGE_CURVE('',#2435,#4824,#7393,.T.);
#7393 = LINE('',#7394,#7395);
#7394 = CARTESIAN_POINT('',(48.065549,-101.947158,0.));
#7395 = VECTOR('',#7396,1.);
#7396 = DIRECTION('',(0.,0.,1.));
#7397 = ORIENTED_EDGE('',*,*,#4823,.T.);
#7398 = ORIENTED_EDGE('',*,*,#7358,.F.);
#7399 = ORIENTED_EDGE('',*,*,#2434,.F.);
#7400 = PLANE('',#7401);
#7401 = AXIS2_PLACEMENT_3D('',#7402,#7403,#7404);
#7402 = CARTESIAN_POINT('',(48.065549,-101.947158,0.));
#7403 = DIRECTION('',(0.,1.,0.));
#7404 = DIRECTION('',(1.,0.,0.));
#7405 = ADVANCED_FACE('',(#7406),#7417,.T.);
#7406 = FACE_BOUND('',#7407,.T.);
#7407 = EDGE_LOOP('',(#7408,#7409,#7410,#7416));
#7408 = ORIENTED_EDGE('',*,*,#7377,.T.);
#7409 = ORIENTED_EDGE('',*,*,#4858,.T.);
#7410 = ORIENTED_EDGE('',*,*,#7411,.F.);
#7411 = EDGE_CURVE('',#2461,#4850,#7412,.T.);
#7412 = LINE('',#7413,#7414);
#7413 = CARTESIAN_POINT('',(47.160002,-101.150001,0.));
#7414 = VECTOR('',#7415,1.);
#7415 = DIRECTION('',(0.,0.,1.));
#7416 = ORIENTED_EDGE('',*,*,#2469,.F.);
#7417 = PLANE('',#7418);
#7418 = AXIS2_PLACEMENT_3D('',#7419,#7420,#7421);
#7419 = CARTESIAN_POINT('',(47.160002,-99.744316,0.));
#7420 = DIRECTION('',(1.,0.,-0.));
#7421 = DIRECTION('',(0.,-1.,0.));
#7422 = ADVANCED_FACE('',(#7423),#7434,.T.);
#7423 = FACE_BOUND('',#7424,.T.);
#7424 = EDGE_LOOP('',(#7425,#7431,#7432,#7433));
#7425 = ORIENTED_EDGE('',*,*,#7426,.T.);
#7426 = EDGE_CURVE('',#2443,#4832,#7427,.T.);
#7427 = LINE('',#7428,#7429);
#7428 = CARTESIAN_POINT('',(47.813291,-102.015457,0.));
#7429 = VECTOR('',#7430,1.);
#7430 = DIRECTION('',(0.,0.,1.));
#7431 = ORIENTED_EDGE('',*,*,#4831,.T.);
#7432 = ORIENTED_EDGE('',*,*,#7392,.F.);
#7433 = ORIENTED_EDGE('',*,*,#2442,.F.);
#7434 = CYLINDRICAL_SURFACE('',#7435,0.500008729288);
#7435 = AXIS2_PLACEMENT_3D('',#7436,#7437,#7438);
#7436 = CARTESIAN_POINT('',(48.065551656878,-102.4471667292,0.));
#7437 = DIRECTION('',(0.,0.,-1.));
#7438 = DIRECTION('',(-0.504512505685,0.863404384751,0.));
#7439 = ADVANCED_FACE('',(#7440),#7451,.T.);
#7440 = FACE_BOUND('',#7441,.T.);
#7441 = EDGE_LOOP('',(#7442,#7443,#7444,#7450));
#7442 = ORIENTED_EDGE('',*,*,#7411,.T.);
#7443 = ORIENTED_EDGE('',*,*,#4849,.T.);
#7444 = ORIENTED_EDGE('',*,*,#7445,.F.);
#7445 = EDGE_CURVE('',#2452,#4841,#7446,.T.);
#7446 = LINE('',#7447,#7448);
#7447 = CARTESIAN_POINT('',(47.110517,-101.366878,0.));
#7448 = VECTOR('',#7449,1.);
#7449 = DIRECTION('',(0.,0.,1.));
#7450 = ORIENTED_EDGE('',*,*,#2460,.F.);
#7451 = CYLINDRICAL_SURFACE('',#7452,0.499989884978);
#7452 = AXIS2_PLACEMENT_3D('',#7453,#7454,#7455);
#7453 = CARTESIAN_POINT('',(46.660012115023,-101.1500019208,0.));
#7454 = DIRECTION('',(0.,0.,-1.));
#7455 = DIRECTION('',(0.999999999998,1.841808681468E-06,0.));
#7456 = ADVANCED_FACE('',(#7457),#7463,.F.);
#7457 = FACE_BOUND('',#7458,.T.);
#7458 = EDGE_LOOP('',(#7459,#7460,#7461,#7462));
#7459 = ORIENTED_EDGE('',*,*,#7445,.T.);
#7460 = ORIENTED_EDGE('',*,*,#4840,.T.);
#7461 = ORIENTED_EDGE('',*,*,#7426,.F.);
#7462 = ORIENTED_EDGE('',*,*,#2451,.F.);
#7463 = CYLINDRICAL_SURFACE('',#7464,0.500000669307);
#7464 = AXIS2_PLACEMENT_3D('',#7465,#7466,#7467);
#7465 = CARTESIAN_POINT('',(47.561033535509,-101.5837547404,0.));
#7466 = DIRECTION('',(-0.,-0.,-1.));
#7467 = DIRECTION('',(-0.901031864884,0.433752900236,0.));
#7468 = ADVANCED_FACE('',(#7469),#7480,.F.);
#7469 = FACE_BOUND('',#7470,.T.);
#7470 = EDGE_LOOP('',(#7471,#7472,#7478,#7479));
#7471 = ORIENTED_EDGE('',*,*,#2521,.T.);
#7472 = ORIENTED_EDGE('',*,*,#7473,.T.);
#7473 = EDGE_CURVE('',#2522,#4911,#7474,.T.);
#7474 = LINE('',#7475,#7476);
#7475 = CARTESIAN_POINT('',(43.805,-96.525,-4.6E-02));
#7476 = VECTOR('',#7477,1.);
#7477 = DIRECTION('',(0.,0.,1.));
#7478 = ORIENTED_EDGE('',*,*,#4910,.F.);
#7479 = ORIENTED_EDGE('',*,*,#7473,.F.);
#7480 = CYLINDRICAL_SURFACE('',#7481,0.85);
#7481 = AXIS2_PLACEMENT_3D('',#7482,#7483,#7484);
#7482 = CARTESIAN_POINT('',(43.805,-95.675,-4.6E-02));
#7483 = DIRECTION('',(-0.,-0.,-1.));
#7484 = DIRECTION('',(-0.,-1.,0.));
#7485 = ADVANCED_FACE('',(#7486),#7497,.F.);
#7486 = FACE_BOUND('',#7487,.T.);
#7487 = EDGE_LOOP('',(#7488,#7489,#7495,#7496));
#7488 = ORIENTED_EDGE('',*,*,#2532,.T.);
#7489 = ORIENTED_EDGE('',*,*,#7490,.T.);
#7490 = EDGE_CURVE('',#2533,#4922,#7491,.T.);
#7491 = LINE('',#7492,#7493);
#7492 = CARTESIAN_POINT('',(45.075,-93.885,-4.6E-02));
#7493 = VECTOR('',#7494,1.);
#7494 = DIRECTION('',(0.,0.,1.));
#7495 = ORIENTED_EDGE('',*,*,#4921,.F.);
#7496 = ORIENTED_EDGE('',*,*,#7490,.F.);
#7497 = CYLINDRICAL_SURFACE('',#7498,0.75);
#7498 = AXIS2_PLACEMENT_3D('',#7499,#7500,#7501);
#7499 = CARTESIAN_POINT('',(45.075,-93.135,-4.6E-02));
#7500 = DIRECTION('',(-0.,-0.,-1.));
#7501 = DIRECTION('',(-0.,-1.,0.));
#7502 = ADVANCED_FACE('',(#7503),#7514,.F.);
#7503 = FACE_BOUND('',#7504,.T.);
#7504 = EDGE_LOOP('',(#7505,#7506,#7512,#7513));
#7505 = ORIENTED_EDGE('',*,*,#2543,.T.);
#7506 = ORIENTED_EDGE('',*,*,#7507,.T.);
#7507 = EDGE_CURVE('',#2544,#4933,#7508,.T.);
#7508 = LINE('',#7509,#7510);
#7509 = CARTESIAN_POINT('',(48.885,-97.675,-4.6E-02));
#7510 = VECTOR('',#7511,1.);
#7511 = DIRECTION('',(0.,0.,1.));
#7512 = ORIENTED_EDGE('',*,*,#4932,.F.);
#7513 = ORIENTED_EDGE('',*,*,#7507,.F.);
#7514 = CYLINDRICAL_SURFACE('',#7515,2.);
#7515 = AXIS2_PLACEMENT_3D('',#7516,#7517,#7518);
#7516 = CARTESIAN_POINT('',(48.885,-95.675,-4.6E-02));
#7517 = DIRECTION('',(-0.,-0.,-1.));
#7518 = DIRECTION('',(-0.,-1.,0.));
#7519 = ADVANCED_FACE('',(#7520),#7531,.F.);
#7520 = FACE_BOUND('',#7521,.T.);
#7521 = EDGE_LOOP('',(#7522,#7523,#7529,#7530));
#7522 = ORIENTED_EDGE('',*,*,#2554,.T.);
#7523 = ORIENTED_EDGE('',*,*,#7524,.T.);
#7524 = EDGE_CURVE('',#2555,#4944,#7525,.T.);
#7525 = LINE('',#7526,#7527);
#7526 = CARTESIAN_POINT('',(53.965,-96.525,-4.6E-02));
#7527 = VECTOR('',#7528,1.);
#7528 = DIRECTION('',(0.,0.,1.));
#7529 = ORIENTED_EDGE('',*,*,#4943,.F.);
#7530 = ORIENTED_EDGE('',*,*,#7524,.F.);
#7531 = CYLINDRICAL_SURFACE('',#7532,0.85);
#7532 = AXIS2_PLACEMENT_3D('',#7533,#7534,#7535);
#7533 = CARTESIAN_POINT('',(53.965,-95.675,-4.6E-02));
#7534 = DIRECTION('',(-0.,-0.,-1.));
#7535 = DIRECTION('',(-0.,-1.,0.));
#7536 = ADVANCED_FACE('',(#7537),#7548,.F.);
#7537 = FACE_BOUND('',#7538,.T.);
#7538 = EDGE_LOOP('',(#7539,#7540,#7546,#7547));
#7539 = ORIENTED_EDGE('',*,*,#2565,.T.);
#7540 = ORIENTED_EDGE('',*,*,#7541,.T.);
#7541 = EDGE_CURVE('',#2566,#4955,#7542,.T.);
#7542 = LINE('',#7543,#7544);
#7543 = CARTESIAN_POINT('',(51.425,-91.345,-4.6E-02));
#7544 = VECTOR('',#7545,1.);
#7545 = DIRECTION('',(0.,0.,1.));
#7546 = ORIENTED_EDGE('',*,*,#4954,.F.);
#7547 = ORIENTED_EDGE('',*,*,#7541,.F.);
#7548 = CYLINDRICAL_SURFACE('',#7549,0.75);
#7549 = AXIS2_PLACEMENT_3D('',#7550,#7551,#7552);
#7550 = CARTESIAN_POINT('',(51.425,-90.595,-4.6E-02));
#7551 = DIRECTION('',(-0.,-0.,-1.));
#7552 = DIRECTION('',(-0.,-1.,0.));
#7553 = ADVANCED_FACE('',(#7554),#7570,.F.);
#7554 = FACE_BOUND('',#7555,.T.);
#7555 = EDGE_LOOP('',(#7556,#7562,#7563,#7569));
#7556 = ORIENTED_EDGE('',*,*,#7557,.T.);
#7557 = EDGE_CURVE('',#2577,#4966,#7558,.T.);
#7558 = LINE('',#7559,#7560);
#7559 = CARTESIAN_POINT('',(69.609485,-99.027438,0.));
#7560 = VECTOR('',#7561,1.);
#7561 = DIRECTION('',(0.,0.,1.));
#7562 = ORIENTED_EDGE('',*,*,#4965,.T.);
#7563 = ORIENTED_EDGE('',*,*,#7564,.F.);
#7564 = EDGE_CURVE('',#2579,#4968,#7565,.T.);
#7565 = LINE('',#7566,#7567);
#7566 = CARTESIAN_POINT('',(68.906712,-98.37886,0.));
#7567 = VECTOR('',#7568,1.);
#7568 = DIRECTION('',(0.,0.,1.));
#7569 = ORIENTED_EDGE('',*,*,#2576,.F.);
#7570 = CYLINDRICAL_SURFACE('',#7571,0.499999422661);
#7571 = AXIS2_PLACEMENT_3D('',#7572,#7573,#7574);
#7572 = CARTESIAN_POINT('',(69.158970295513,-98.81056033009,0.));
#7573 = DIRECTION('',(-0.,-0.,-1.));
#7574 = DIRECTION('',(0.901030449374,-0.433755840654,0.));
#7575 = ADVANCED_FACE('',(#7576),#7587,.T.);
#7576 = FACE_BOUND('',#7577,.T.);
#7577 = EDGE_LOOP('',(#7578,#7584,#7585,#7586));
#7578 = ORIENTED_EDGE('',*,*,#7579,.T.);
#7579 = EDGE_CURVE('',#2588,#4977,#7580,.T.);
#7580 = LINE('',#7581,#7582);
#7581 = CARTESIAN_POINT('',(69.56,-99.244315,0.));
#7582 = VECTOR('',#7583,1.);
#7583 = DIRECTION('',(0.,0.,1.));
#7584 = ORIENTED_EDGE('',*,*,#4976,.T.);
#7585 = ORIENTED_EDGE('',*,*,#7557,.F.);
#7586 = ORIENTED_EDGE('',*,*,#2587,.F.);
#7587 = CYLINDRICAL_SURFACE('',#7588,0.499989884978);
#7588 = AXIS2_PLACEMENT_3D('',#7589,#7590,#7591);
#7589 = CARTESIAN_POINT('',(70.059989884977,-99.24431407911,0.));
#7590 = DIRECTION('',(0.,0.,-1.));
#7591 = DIRECTION('',(-0.999999999998,-1.841808624623E-06,-0.));
#7592 = ADVANCED_FACE('',(#7593),#7604,.T.);
#7593 = FACE_BOUND('',#7594,.T.);
#7594 = EDGE_LOOP('',(#7595,#7596,#7597,#7603));
#7595 = ORIENTED_EDGE('',*,*,#7564,.T.);
#7596 = ORIENTED_EDGE('',*,*,#5098,.T.);
#7597 = ORIENTED_EDGE('',*,*,#7598,.F.);
#7598 = EDGE_CURVE('',#2702,#5091,#7599,.T.);
#7599 = LINE('',#7600,#7601);
#7600 = CARTESIAN_POINT('',(68.654454,-98.447159,0.));
#7601 = VECTOR('',#7602,1.);
#7602 = DIRECTION('',(0.,0.,1.));
#7603 = ORIENTED_EDGE('',*,*,#2709,.F.);
#7604 = CYLINDRICAL_SURFACE('',#7605,0.500008729288);
#7605 = AXIS2_PLACEMENT_3D('',#7606,#7607,#7608);
#7606 = CARTESIAN_POINT('',(68.654451343122,-97.94715027071,0.));
#7607 = DIRECTION('',(0.,0.,-1.));
#7608 = DIRECTION('',(0.504512505685,-0.863404384751,0.));
#7609 = ADVANCED_FACE('',(#7610),#7621,.T.);
#7610 = FACE_BOUND('',#7611,.T.);
#7611 = EDGE_LOOP('',(#7612,#7618,#7619,#7620));
#7612 = ORIENTED_EDGE('',*,*,#7613,.T.);
#7613 = EDGE_CURVE('',#2597,#4986,#7614,.T.);
#7614 = LINE('',#7615,#7616);
#7615 = CARTESIAN_POINT('',(69.56,-100.65,0.));
#7616 = VECTOR('',#7617,1.);
#7617 = DIRECTION('',(0.,0.,1.));
#7618 = ORIENTED_EDGE('',*,*,#4985,.T.);
#7619 = ORIENTED_EDGE('',*,*,#7579,.F.);
#7620 = ORIENTED_EDGE('',*,*,#2596,.F.);
#7621 = PLANE('',#7622);
#7622 = AXIS2_PLACEMENT_3D('',#7623,#7624,#7625);
#7623 = CARTESIAN_POINT('',(69.56,-100.65,0.));
#7624 = DIRECTION('',(-1.,0.,0.));
#7625 = DIRECTION('',(0.,1.,0.));
#7626 = ADVANCED_FACE('',(#7627),#7638,.T.);
#7627 = FACE_BOUND('',#7628,.T.);
#7628 = EDGE_LOOP('',(#7629,#7630,#7631,#7637));
#7629 = ORIENTED_EDGE('',*,*,#7598,.T.);
#7630 = ORIENTED_EDGE('',*,*,#5090,.T.);
#7631 = ORIENTED_EDGE('',*,*,#7632,.F.);
#7632 = EDGE_CURVE('',#2693,#5082,#7633,.T.);
#7633 = LINE('',#7634,#7635);
#7634 = CARTESIAN_POINT('',(67.065548,-98.447158,0.));
#7635 = VECTOR('',#7636,1.);
#7636 = DIRECTION('',(0.,0.,1.));
#7637 = ORIENTED_EDGE('',*,*,#2701,.F.);
#7638 = PLANE('',#7639);
#7639 = AXIS2_PLACEMENT_3D('',#7640,#7641,#7642);
#7640 = CARTESIAN_POINT('',(68.654454,-98.447159,0.));
#7641 = DIRECTION('',(-6.29363850017E-07,-1.,0.));
#7642 = DIRECTION('',(-1.,6.29363850017E-07,0.));
#7643 = ADVANCED_FACE('',(#7644),#7655,.T.);
#7644 = FACE_BOUND('',#7645,.T.);
#7645 = EDGE_LOOP('',(#7646,#7652,#7653,#7654));
#7646 = ORIENTED_EDGE('',*,*,#7647,.T.);
#7647 = EDGE_CURVE('',#2605,#4994,#7648,.T.);
#7648 = LINE('',#7649,#7650);
#7649 = CARTESIAN_POINT('',(69.609485,-100.866878,0.));
#7650 = VECTOR('',#7651,1.);
#7651 = DIRECTION('',(0.,0.,1.));
#7652 = ORIENTED_EDGE('',*,*,#4993,.T.);
#7653 = ORIENTED_EDGE('',*,*,#7613,.F.);
#7654 = ORIENTED_EDGE('',*,*,#2604,.F.);
#7655 = CYLINDRICAL_SURFACE('',#7656,0.499989885034);
#7656 = AXIS2_PLACEMENT_3D('',#7657,#7658,#7659);
#7657 = CARTESIAN_POINT('',(70.059989885031,-100.6500019208,0.));
#7658 = DIRECTION('',(0.,0.,-1.));
#7659 = DIRECTION('',(-0.901027997796,-0.43376093322,-0.));
#7660 = ADVANCED_FACE('',(#7661),#7672,.T.);
#7661 = FACE_BOUND('',#7662,.T.);
#7662 = EDGE_LOOP('',(#7663,#7664,#7665,#7671));
#7663 = ORIENTED_EDGE('',*,*,#7632,.T.);
#7664 = ORIENTED_EDGE('',*,*,#5081,.T.);
#7665 = ORIENTED_EDGE('',*,*,#7666,.F.);
#7666 = EDGE_CURVE('',#2684,#5073,#7667,.T.);
#7667 = LINE('',#7668,#7669);
#7668 = CARTESIAN_POINT('',(66.81329,-98.378859,0.));
#7669 = VECTOR('',#7670,1.);
#7670 = DIRECTION('',(0.,0.,1.));
#7671 = ORIENTED_EDGE('',*,*,#2692,.F.);
#7672 = CYLINDRICAL_SURFACE('',#7673,0.500008729288);
#7673 = AXIS2_PLACEMENT_3D('',#7674,#7675,#7676);
#7674 = CARTESIAN_POINT('',(67.065550656878,-97.94714927071,0.));
#7675 = DIRECTION('',(0.,0.,-1.));
#7676 = DIRECTION('',(-5.313662711088E-06,-0.999999999986,-0.));
#7677 = ADVANCED_FACE('',(#7678),#7689,.F.);
#7678 = FACE_BOUND('',#7679,.T.);
#7679 = EDGE_LOOP('',(#7680,#7686,#7687,#7688));
#7680 = ORIENTED_EDGE('',*,*,#7681,.T.);
#7681 = EDGE_CURVE('',#2614,#5003,#7682,.T.);
#7682 = LINE('',#7683,#7684);
#7683 = CARTESIAN_POINT('',(68.906712,-101.515457,0.));
#7684 = VECTOR('',#7685,1.);
#7685 = DIRECTION('',(0.,0.,1.));
#7686 = ORIENTED_EDGE('',*,*,#5002,.T.);
#7687 = ORIENTED_EDGE('',*,*,#7647,.F.);
#7688 = ORIENTED_EDGE('',*,*,#2613,.F.);
#7689 = CYLINDRICAL_SURFACE('',#7690,0.499999448976);
#7690 = AXIS2_PLACEMENT_3D('',#7691,#7692,#7693);
#7691 = CARTESIAN_POINT('',(69.158970904285,-101.0837569951,0.));
#7692 = DIRECTION('',(-0.,-0.,-1.));
#7693 = DIRECTION('',(-0.504518364574,-0.863400961204,0.));
#7694 = ADVANCED_FACE('',(#7695),#7706,.F.);
#7695 = FACE_BOUND('',#7696,.T.);
#7696 = EDGE_LOOP('',(#7697,#7698,#7699,#7705));
#7697 = ORIENTED_EDGE('',*,*,#7666,.T.);
#7698 = ORIENTED_EDGE('',*,*,#5072,.T.);
#7699 = ORIENTED_EDGE('',*,*,#7700,.F.);
#7700 = EDGE_CURVE('',#2675,#5064,#7701,.T.);
#7701 = LINE('',#7702,#7703);
#7702 = CARTESIAN_POINT('',(66.110517,-99.027438,0.));
#7703 = VECTOR('',#7704,1.);
#7704 = DIRECTION('',(0.,0.,1.));
#7705 = ORIENTED_EDGE('',*,*,#2683,.F.);
#7706 = CYLINDRICAL_SURFACE('',#7707,0.499999729127);
#7707 = AXIS2_PLACEMENT_3D('',#7708,#7709,#7710);
#7708 = CARTESIAN_POINT('',(66.561031745676,-98.81055970911,0.));
#7709 = DIRECTION('',(-0.,-0.,-1.));
#7710 = DIRECTION('',(0.504516781969,0.863401885979,-0.));
#7711 = ADVANCED_FACE('',(#7712),#7723,.T.);
#7712 = FACE_BOUND('',#7713,.T.);
#7713 = EDGE_LOOP('',(#7714,#7720,#7721,#7722));
#7714 = ORIENTED_EDGE('',*,*,#7715,.T.);
#7715 = EDGE_CURVE('',#2623,#5012,#7716,.T.);
#7716 = LINE('',#7717,#7718);
#7717 = CARTESIAN_POINT('',(68.654453,-101.447158,0.));
#7718 = VECTOR('',#7719,1.);
#7719 = DIRECTION('',(0.,0.,1.));
#7720 = ORIENTED_EDGE('',*,*,#5011,.T.);
#7721 = ORIENTED_EDGE('',*,*,#7681,.F.);
#7722 = ORIENTED_EDGE('',*,*,#2622,.F.);
#7723 = CYLINDRICAL_SURFACE('',#7724,0.500008729226);
#7724 = AXIS2_PLACEMENT_3D('',#7725,#7726,#7727);
#7725 = CARTESIAN_POINT('',(68.654451343146,-101.9471667292,0.));
#7726 = DIRECTION('',(0.,0.,-1.));
#7727 = DIRECTION('',(3.313649317029E-06,0.999999999995,0.));
#7728 = ADVANCED_FACE('',(#7729),#7740,.T.);
#7729 = FACE_BOUND('',#7730,.T.);
#7730 = EDGE_LOOP('',(#7731,#7732,#7733,#7739));
#7731 = ORIENTED_EDGE('',*,*,#7700,.T.);
#7732 = ORIENTED_EDGE('',*,*,#5063,.T.);
#7733 = ORIENTED_EDGE('',*,*,#7734,.F.);
#7734 = EDGE_CURVE('',#2667,#5056,#7735,.T.);
#7735 = LINE('',#7736,#7737);
#7736 = CARTESIAN_POINT('',(66.160002,-99.244316,0.));
#7737 = VECTOR('',#7738,1.);
#7738 = DIRECTION('',(0.,0.,1.));
#7739 = ORIENTED_EDGE('',*,*,#2674,.F.);
#7740 = CYLINDRICAL_SURFACE('',#7741,0.499989885034);
#7741 = AXIS2_PLACEMENT_3D('',#7742,#7743,#7744);
#7742 = CARTESIAN_POINT('',(65.660012114969,-99.24431407913,0.));
#7743 = DIRECTION('',(0.,0.,-1.));
#7744 = DIRECTION('',(0.901027997796,0.43376093322,0.));
#7745 = ADVANCED_FACE('',(#7746),#7757,.T.);
#7746 = FACE_BOUND('',#7747,.T.);
#7747 = EDGE_LOOP('',(#7748,#7754,#7755,#7756));
#7748 = ORIENTED_EDGE('',*,*,#7749,.T.);
#7749 = EDGE_CURVE('',#2632,#5021,#7750,.T.);
#7750 = LINE('',#7751,#7752);
#7751 = CARTESIAN_POINT('',(67.065549,-101.447158,0.));
#7752 = VECTOR('',#7753,1.);
#7753 = DIRECTION('',(0.,0.,1.));
#7754 = ORIENTED_EDGE('',*,*,#5020,.T.);
#7755 = ORIENTED_EDGE('',*,*,#7715,.F.);
#7756 = ORIENTED_EDGE('',*,*,#2631,.F.);
#7757 = PLANE('',#7758);
#7758 = AXIS2_PLACEMENT_3D('',#7759,#7760,#7761);
#7759 = CARTESIAN_POINT('',(67.065549,-101.447158,0.));
#7760 = DIRECTION('',(0.,1.,0.));
#7761 = DIRECTION('',(1.,0.,0.));
#7762 = ADVANCED_FACE('',(#7763),#7774,.T.);
#7763 = FACE_BOUND('',#7764,.T.);
#7764 = EDGE_LOOP('',(#7765,#7766,#7767,#7773));
#7765 = ORIENTED_EDGE('',*,*,#7734,.T.);
#7766 = ORIENTED_EDGE('',*,*,#5055,.T.);
#7767 = ORIENTED_EDGE('',*,*,#7768,.F.);
#7768 = EDGE_CURVE('',#2658,#5047,#7769,.T.);
#7769 = LINE('',#7770,#7771);
#7770 = CARTESIAN_POINT('',(66.160002,-100.650001,0.));
#7771 = VECTOR('',#7772,1.);
#7772 = DIRECTION('',(0.,0.,1.));
#7773 = ORIENTED_EDGE('',*,*,#2666,.F.);
#7774 = PLANE('',#7775);
#7775 = AXIS2_PLACEMENT_3D('',#7776,#7777,#7778);
#7776 = CARTESIAN_POINT('',(66.160002,-99.244316,0.));
#7777 = DIRECTION('',(1.,0.,-0.));
#7778 = DIRECTION('',(0.,-1.,0.));
#7779 = ADVANCED_FACE('',(#7780),#7791,.T.);
#7780 = FACE_BOUND('',#7781,.T.);
#7781 = EDGE_LOOP('',(#7782,#7788,#7789,#7790));
#7782 = ORIENTED_EDGE('',*,*,#7783,.T.);
#7783 = EDGE_CURVE('',#2640,#5029,#7784,.T.);
#7784 = LINE('',#7785,#7786);
#7785 = CARTESIAN_POINT('',(66.813291,-101.515457,0.));
#7786 = VECTOR('',#7787,1.);
#7787 = DIRECTION('',(0.,0.,1.));
#7788 = ORIENTED_EDGE('',*,*,#5028,.T.);
#7789 = ORIENTED_EDGE('',*,*,#7749,.F.);
#7790 = ORIENTED_EDGE('',*,*,#2639,.F.);
#7791 = CYLINDRICAL_SURFACE('',#7792,0.500008729288);
#7792 = AXIS2_PLACEMENT_3D('',#7793,#7794,#7795);
#7793 = CARTESIAN_POINT('',(67.065551656878,-101.9471667292,0.));
#7794 = DIRECTION('',(0.,0.,-1.));
#7795 = DIRECTION('',(-0.504512505685,0.863404384751,0.));
#7796 = ADVANCED_FACE('',(#7797),#7808,.T.);
#7797 = FACE_BOUND('',#7798,.T.);
#7798 = EDGE_LOOP('',(#7799,#7800,#7801,#7807));
#7799 = ORIENTED_EDGE('',*,*,#7768,.T.);
#7800 = ORIENTED_EDGE('',*,*,#5046,.T.);
#7801 = ORIENTED_EDGE('',*,*,#7802,.F.);
#7802 = EDGE_CURVE('',#2649,#5038,#7803,.T.);
#7803 = LINE('',#7804,#7805);
#7804 = CARTESIAN_POINT('',(66.110517,-100.866878,0.));
#7805 = VECTOR('',#7806,1.);
#7806 = DIRECTION('',(0.,0.,1.));
#7807 = ORIENTED_EDGE('',*,*,#2657,.F.);
#7808 = CYLINDRICAL_SURFACE('',#7809,0.499989884978);
#7809 = AXIS2_PLACEMENT_3D('',#7810,#7811,#7812);
#7810 = CARTESIAN_POINT('',(65.660012115023,-100.6500019208,0.));
#7811 = DIRECTION('',(0.,0.,-1.));
#7812 = DIRECTION('',(0.999999999998,1.841808567778E-06,0.));
#7813 = ADVANCED_FACE('',(#7814),#7820,.F.);
#7814 = FACE_BOUND('',#7815,.T.);
#7815 = EDGE_LOOP('',(#7816,#7817,#7818,#7819));
#7816 = ORIENTED_EDGE('',*,*,#7802,.T.);
#7817 = ORIENTED_EDGE('',*,*,#5037,.T.);
#7818 = ORIENTED_EDGE('',*,*,#7783,.F.);
#7819 = ORIENTED_EDGE('',*,*,#2648,.F.);
#7820 = CYLINDRICAL_SURFACE('',#7821,0.500000669307);
#7821 = AXIS2_PLACEMENT_3D('',#7822,#7823,#7824);
#7822 = CARTESIAN_POINT('',(66.561033535509,-101.0837547404,0.));
#7823 = DIRECTION('',(-0.,-0.,-1.));
#7824 = DIRECTION('',(-0.901031864884,0.433752900236,0.));
#7825 = ADVANCED_FACE('',(#7826),#7837,.F.);
#7826 = FACE_BOUND('',#7827,.T.);
#7827 = EDGE_LOOP('',(#7828,#7829,#7835,#7836));
#7828 = ORIENTED_EDGE('',*,*,#2718,.T.);
#7829 = ORIENTED_EDGE('',*,*,#7830,.T.);
#7830 = EDGE_CURVE('',#2719,#5108,#7831,.T.);
#7831 = LINE('',#7832,#7833);
#7832 = CARTESIAN_POINT('',(62.855,-96.525,-4.6E-02));
#7833 = VECTOR('',#7834,1.);
#7834 = DIRECTION('',(0.,0.,1.));
#7835 = ORIENTED_EDGE('',*,*,#5107,.F.);
#7836 = ORIENTED_EDGE('',*,*,#7830,.F.);
#7837 = CYLINDRICAL_SURFACE('',#7838,0.85);
#7838 = AXIS2_PLACEMENT_3D('',#7839,#7840,#7841);
#7839 = CARTESIAN_POINT('',(62.855,-95.675,-4.6E-02));
#7840 = DIRECTION('',(-0.,-0.,-1.));
#7841 = DIRECTION('',(-8.35932630306E-15,-1.,0.));
#7842 = ADVANCED_FACE('',(#7843),#7854,.F.);
#7843 = FACE_BOUND('',#7844,.T.);
#7844 = EDGE_LOOP('',(#7845,#7846,#7852,#7853));
#7845 = ORIENTED_EDGE('',*,*,#2729,.T.);
#7846 = ORIENTED_EDGE('',*,*,#7847,.T.);
#7847 = EDGE_CURVE('',#2730,#5119,#7848,.T.);
#7848 = LINE('',#7849,#7850);
#7849 = CARTESIAN_POINT('',(67.935,-97.675,-4.6E-02));
#7850 = VECTOR('',#7851,1.);
#7851 = DIRECTION('',(0.,0.,1.));
#7852 = ORIENTED_EDGE('',*,*,#5118,.F.);
#7853 = ORIENTED_EDGE('',*,*,#7847,.F.);
#7854 = CYLINDRICAL_SURFACE('',#7855,2.);
#7855 = AXIS2_PLACEMENT_3D('',#7856,#7857,#7858);
#7856 = CARTESIAN_POINT('',(67.935,-95.675,-4.6E-02));
#7857 = DIRECTION('',(-0.,-0.,-1.));
#7858 = DIRECTION('',(-0.,-1.,0.));
#7859 = ADVANCED_FACE('',(#7860),#7871,.F.);
#7860 = FACE_BOUND('',#7861,.T.);
#7861 = EDGE_LOOP('',(#7862,#7863,#7869,#7870));
#7862 = ORIENTED_EDGE('',*,*,#2740,.T.);
#7863 = ORIENTED_EDGE('',*,*,#7864,.T.);
#7864 = EDGE_CURVE('',#2741,#5130,#7865,.T.);
#7865 = LINE('',#7866,#7867);
#7866 = CARTESIAN_POINT('',(64.125,-93.885,-4.6E-02));
#7867 = VECTOR('',#7868,1.);
#7868 = DIRECTION('',(0.,0.,1.));
#7869 = ORIENTED_EDGE('',*,*,#5129,.F.);
#7870 = ORIENTED_EDGE('',*,*,#7864,.F.);
#7871 = CYLINDRICAL_SURFACE('',#7872,0.75);
#7872 = AXIS2_PLACEMENT_3D('',#7873,#7874,#7875);
#7873 = CARTESIAN_POINT('',(64.125,-93.135,-4.6E-02));
#7874 = DIRECTION('',(-0.,-0.,-1.));
#7875 = DIRECTION('',(-0.,-1.,0.));
#7876 = ADVANCED_FACE('',(#7877),#7888,.F.);
#7877 = FACE_BOUND('',#7878,.T.);
#7878 = EDGE_LOOP('',(#7879,#7880,#7886,#7887));
#7879 = ORIENTED_EDGE('',*,*,#2751,.T.);
#7880 = ORIENTED_EDGE('',*,*,#7881,.T.);
#7881 = EDGE_CURVE('',#2752,#5141,#7882,.T.);
#7882 = LINE('',#7883,#7884);
#7883 = CARTESIAN_POINT('',(73.015,-96.525,-4.6E-02));
#7884 = VECTOR('',#7885,1.);
#7885 = DIRECTION('',(0.,0.,1.));
#7886 = ORIENTED_EDGE('',*,*,#5140,.F.);
#7887 = ORIENTED_EDGE('',*,*,#7881,.F.);
#7888 = CYLINDRICAL_SURFACE('',#7889,0.85);
#7889 = AXIS2_PLACEMENT_3D('',#7890,#7891,#7892);
#7890 = CARTESIAN_POINT('',(73.015,-95.675,-4.6E-02));
#7891 = DIRECTION('',(-0.,-0.,-1.));
#7892 = DIRECTION('',(-0.,-1.,0.));
#7893 = ADVANCED_FACE('',(#7894),#7905,.F.);
#7894 = FACE_BOUND('',#7895,.T.);
#7895 = EDGE_LOOP('',(#7896,#7897,#7903,#7904));
#7896 = ORIENTED_EDGE('',*,*,#2762,.T.);
#7897 = ORIENTED_EDGE('',*,*,#7898,.T.);
#7898 = EDGE_CURVE('',#2763,#5152,#7899,.T.);
#7899 = LINE('',#7900,#7901);
#7900 = CARTESIAN_POINT('',(70.475,-91.345,-4.6E-02));
#7901 = VECTOR('',#7902,1.);
#7902 = DIRECTION('',(0.,0.,1.));
#7903 = ORIENTED_EDGE('',*,*,#5151,.F.);
#7904 = ORIENTED_EDGE('',*,*,#7898,.F.);
#7905 = CYLINDRICAL_SURFACE('',#7906,0.75);
#7906 = AXIS2_PLACEMENT_3D('',#7907,#7908,#7909);
#7907 = CARTESIAN_POINT('',(70.475,-90.595,-4.6E-02));
#7908 = DIRECTION('',(-0.,-0.,-1.));
#7909 = DIRECTION('',(-0.,-1.,0.));
#7910 = ADVANCED_FACE('',(#7911),#7927,.F.);
#7911 = FACE_BOUND('',#7912,.T.);
#7912 = EDGE_LOOP('',(#7913,#7919,#7920,#7926));
#7913 = ORIENTED_EDGE('',*,*,#7914,.T.);
#7914 = EDGE_CURVE('',#2774,#5163,#7915,.T.);
#7915 = LINE('',#7916,#7917);
#7916 = CARTESIAN_POINT('',(50.609485,-80.027438,0.));
#7917 = VECTOR('',#7918,1.);
#7918 = DIRECTION('',(0.,0.,1.));
#7919 = ORIENTED_EDGE('',*,*,#5162,.T.);
#7920 = ORIENTED_EDGE('',*,*,#7921,.F.);
#7921 = EDGE_CURVE('',#2776,#5165,#7922,.T.);
#7922 = LINE('',#7923,#7924);
#7923 = CARTESIAN_POINT('',(49.906712,-79.37886,0.));
#7924 = VECTOR('',#7925,1.);
#7925 = DIRECTION('',(0.,0.,1.));
#7926 = ORIENTED_EDGE('',*,*,#2773,.F.);
#7927 = CYLINDRICAL_SURFACE('',#7928,0.499999422661);
#7928 = AXIS2_PLACEMENT_3D('',#7929,#7930,#7931);
#7929 = CARTESIAN_POINT('',(50.158970295513,-79.81056033009,0.));
#7930 = DIRECTION('',(-0.,-0.,-1.));
#7931 = DIRECTION('',(0.901030449374,-0.433755840654,0.));
#7932 = ADVANCED_FACE('',(#7933),#7944,.T.);
#7933 = FACE_BOUND('',#7934,.T.);
#7934 = EDGE_LOOP('',(#7935,#7941,#7942,#7943));
#7935 = ORIENTED_EDGE('',*,*,#7936,.T.);
#7936 = EDGE_CURVE('',#2785,#5174,#7937,.T.);
#7937 = LINE('',#7938,#7939);
#7938 = CARTESIAN_POINT('',(50.56,-80.244315,0.));
#7939 = VECTOR('',#7940,1.);
#7940 = DIRECTION('',(0.,0.,1.));
#7941 = ORIENTED_EDGE('',*,*,#5173,.T.);
#7942 = ORIENTED_EDGE('',*,*,#7914,.F.);
#7943 = ORIENTED_EDGE('',*,*,#2784,.F.);
#7944 = CYLINDRICAL_SURFACE('',#7945,0.499989884977);
#7945 = AXIS2_PLACEMENT_3D('',#7946,#7947,#7948);
#7946 = CARTESIAN_POINT('',(51.059989884977,-80.24431407911,0.));
#7947 = DIRECTION('',(0.,0.,-1.));
#7948 = DIRECTION('',(-0.999999999998,-1.841808709891E-06,-0.));
#7949 = ADVANCED_FACE('',(#7950),#7961,.T.);
#7950 = FACE_BOUND('',#7951,.T.);
#7951 = EDGE_LOOP('',(#7952,#7953,#7954,#7960));
#7952 = ORIENTED_EDGE('',*,*,#7921,.T.);
#7953 = ORIENTED_EDGE('',*,*,#5295,.T.);
#7954 = ORIENTED_EDGE('',*,*,#7955,.F.);
#7955 = EDGE_CURVE('',#2899,#5288,#7956,.T.);
#7956 = LINE('',#7957,#7958);
#7957 = CARTESIAN_POINT('',(49.654454,-79.447159,0.));
#7958 = VECTOR('',#7959,1.);
#7959 = DIRECTION('',(0.,0.,1.));
#7960 = ORIENTED_EDGE('',*,*,#2906,.F.);
#7961 = CYLINDRICAL_SURFACE('',#7962,0.500008729288);
#7962 = AXIS2_PLACEMENT_3D('',#7963,#7964,#7965);
#7963 = CARTESIAN_POINT('',(49.654451343122,-78.94715027071,0.));
#7964 = DIRECTION('',(0.,0.,-1.));
#7965 = DIRECTION('',(0.504512505685,-0.863404384751,0.));
#7966 = ADVANCED_FACE('',(#7967),#7978,.T.);
#7967 = FACE_BOUND('',#7968,.T.);
#7968 = EDGE_LOOP('',(#7969,#7975,#7976,#7977));
#7969 = ORIENTED_EDGE('',*,*,#7970,.T.);
#7970 = EDGE_CURVE('',#2794,#5183,#7971,.T.);
#7971 = LINE('',#7972,#7973);
#7972 = CARTESIAN_POINT('',(50.56,-81.65,0.));
#7973 = VECTOR('',#7974,1.);
#7974 = DIRECTION('',(0.,0.,1.));
#7975 = ORIENTED_EDGE('',*,*,#5182,.T.);
#7976 = ORIENTED_EDGE('',*,*,#7936,.F.);
#7977 = ORIENTED_EDGE('',*,*,#2793,.F.);
#7978 = PLANE('',#7979);
#7979 = AXIS2_PLACEMENT_3D('',#7980,#7981,#7982);
#7980 = CARTESIAN_POINT('',(50.56,-81.65,0.));
#7981 = DIRECTION('',(-1.,0.,0.));
#7982 = DIRECTION('',(0.,1.,0.));
#7983 = ADVANCED_FACE('',(#7984),#7995,.T.);
#7984 = FACE_BOUND('',#7985,.T.);
#7985 = EDGE_LOOP('',(#7986,#7987,#7988,#7994));
#7986 = ORIENTED_EDGE('',*,*,#7955,.T.);
#7987 = ORIENTED_EDGE('',*,*,#5287,.T.);
#7988 = ORIENTED_EDGE('',*,*,#7989,.F.);
#7989 = EDGE_CURVE('',#2890,#5279,#7990,.T.);
#7990 = LINE('',#7991,#7992);
#7991 = CARTESIAN_POINT('',(48.065548,-79.447158,0.));
#7992 = VECTOR('',#7993,1.);
#7993 = DIRECTION('',(0.,0.,1.));
#7994 = ORIENTED_EDGE('',*,*,#2898,.F.);
#7995 = PLANE('',#7996);
#7996 = AXIS2_PLACEMENT_3D('',#7997,#7998,#7999);
#7997 = CARTESIAN_POINT('',(49.654454,-79.447159,0.));
#7998 = DIRECTION('',(-6.29363850017E-07,-1.,0.));
#7999 = DIRECTION('',(-1.,6.29363850017E-07,0.));
#8000 = ADVANCED_FACE('',(#8001),#8012,.T.);
#8001 = FACE_BOUND('',#8002,.T.);
#8002 = EDGE_LOOP('',(#8003,#8009,#8010,#8011));
#8003 = ORIENTED_EDGE('',*,*,#8004,.T.);
#8004 = EDGE_CURVE('',#2802,#5191,#8005,.T.);
#8005 = LINE('',#8006,#8007);
#8006 = CARTESIAN_POINT('',(50.609485,-81.866878,0.));
#8007 = VECTOR('',#8008,1.);
#8008 = DIRECTION('',(0.,0.,1.));
#8009 = ORIENTED_EDGE('',*,*,#5190,.T.);
#8010 = ORIENTED_EDGE('',*,*,#7970,.F.);
#8011 = ORIENTED_EDGE('',*,*,#2801,.F.);
#8012 = CYLINDRICAL_SURFACE('',#8013,0.499989885034);
#8013 = AXIS2_PLACEMENT_3D('',#8014,#8015,#8016);
#8014 = CARTESIAN_POINT('',(51.059989885031,-81.65000192086,0.));
#8015 = DIRECTION('',(0.,0.,-1.));
#8016 = DIRECTION('',(-0.901027997796,-0.43376093322,-0.));
#8017 = ADVANCED_FACE('',(#8018),#8029,.T.);
#8018 = FACE_BOUND('',#8019,.T.);
#8019 = EDGE_LOOP('',(#8020,#8021,#8022,#8028));
#8020 = ORIENTED_EDGE('',*,*,#7989,.T.);
#8021 = ORIENTED_EDGE('',*,*,#5278,.T.);
#8022 = ORIENTED_EDGE('',*,*,#8023,.F.);
#8023 = EDGE_CURVE('',#2881,#5270,#8024,.T.);
#8024 = LINE('',#8025,#8026);
#8025 = CARTESIAN_POINT('',(47.81329,-79.378859,0.));
#8026 = VECTOR('',#8027,1.);
#8027 = DIRECTION('',(0.,0.,1.));
#8028 = ORIENTED_EDGE('',*,*,#2889,.F.);
#8029 = CYLINDRICAL_SURFACE('',#8030,0.500008729288);
#8030 = AXIS2_PLACEMENT_3D('',#8031,#8032,#8033);
#8031 = CARTESIAN_POINT('',(48.065550656878,-78.94714927071,0.));
#8032 = DIRECTION('',(0.,0.,-1.));
#8033 = DIRECTION('',(-5.313662725299E-06,-0.999999999986,-0.));
#8034 = ADVANCED_FACE('',(#8035),#8046,.F.);
#8035 = FACE_BOUND('',#8036,.T.);
#8036 = EDGE_LOOP('',(#8037,#8043,#8044,#8045));
#8037 = ORIENTED_EDGE('',*,*,#8038,.T.);
#8038 = EDGE_CURVE('',#2811,#5200,#8039,.T.);
#8039 = LINE('',#8040,#8041);
#8040 = CARTESIAN_POINT('',(49.906712,-82.515457,0.));
#8041 = VECTOR('',#8042,1.);
#8042 = DIRECTION('',(0.,0.,1.));
#8043 = ORIENTED_EDGE('',*,*,#5199,.T.);
#8044 = ORIENTED_EDGE('',*,*,#8004,.F.);
#8045 = ORIENTED_EDGE('',*,*,#2810,.F.);
#8046 = CYLINDRICAL_SURFACE('',#8047,0.499999448976);
#8047 = AXIS2_PLACEMENT_3D('',#8048,#8049,#8050);
#8048 = CARTESIAN_POINT('',(50.158970904285,-82.08375699515,0.));
#8049 = DIRECTION('',(-0.,-0.,-1.));
#8050 = DIRECTION('',(-0.504518364574,-0.863400961204,0.));
#8051 = ADVANCED_FACE('',(#8052),#8063,.F.);
#8052 = FACE_BOUND('',#8053,.T.);
#8053 = EDGE_LOOP('',(#8054,#8055,#8056,#8062));
#8054 = ORIENTED_EDGE('',*,*,#8023,.T.);
#8055 = ORIENTED_EDGE('',*,*,#5269,.T.);
#8056 = ORIENTED_EDGE('',*,*,#8057,.F.);
#8057 = EDGE_CURVE('',#2872,#5261,#8058,.T.);
#8058 = LINE('',#8059,#8060);
#8059 = CARTESIAN_POINT('',(47.110517,-80.027438,0.));
#8060 = VECTOR('',#8061,1.);
#8061 = DIRECTION('',(0.,0.,1.));
#8062 = ORIENTED_EDGE('',*,*,#2880,.F.);
#8063 = CYLINDRICAL_SURFACE('',#8064,0.499999729127);
#8064 = AXIS2_PLACEMENT_3D('',#8065,#8066,#8067);
#8065 = CARTESIAN_POINT('',(47.561031745676,-79.81055970911,0.));
#8066 = DIRECTION('',(-0.,-0.,-1.));
#8067 = DIRECTION('',(0.504516781969,0.863401885979,-0.));
#8068 = ADVANCED_FACE('',(#8069),#8080,.T.);
#8069 = FACE_BOUND('',#8070,.T.);
#8070 = EDGE_LOOP('',(#8071,#8077,#8078,#8079));
#8071 = ORIENTED_EDGE('',*,*,#8072,.T.);
#8072 = EDGE_CURVE('',#2820,#5209,#8073,.T.);
#8073 = LINE('',#8074,#8075);
#8074 = CARTESIAN_POINT('',(49.654453,-82.447158,0.));
#8075 = VECTOR('',#8076,1.);
#8076 = DIRECTION('',(0.,0.,1.));
#8077 = ORIENTED_EDGE('',*,*,#5208,.T.);
#8078 = ORIENTED_EDGE('',*,*,#8038,.F.);
#8079 = ORIENTED_EDGE('',*,*,#2819,.F.);
#8080 = CYLINDRICAL_SURFACE('',#8081,0.500008729226);
#8081 = AXIS2_PLACEMENT_3D('',#8082,#8083,#8084);
#8082 = CARTESIAN_POINT('',(49.654451343146,-82.94716672922,0.));
#8083 = DIRECTION('',(0.,0.,-1.));
#8084 = DIRECTION('',(3.313649245977E-06,0.999999999995,0.));
#8085 = ADVANCED_FACE('',(#8086),#8097,.T.);
#8086 = FACE_BOUND('',#8087,.T.);
#8087 = EDGE_LOOP('',(#8088,#8089,#8090,#8096));
#8088 = ORIENTED_EDGE('',*,*,#8057,.T.);
#8089 = ORIENTED_EDGE('',*,*,#5260,.T.);
#8090 = ORIENTED_EDGE('',*,*,#8091,.F.);
#8091 = EDGE_CURVE('',#2864,#5253,#8092,.T.);
#8092 = LINE('',#8093,#8094);
#8093 = CARTESIAN_POINT('',(47.160002,-80.244316,0.));
#8094 = VECTOR('',#8095,1.);
#8095 = DIRECTION('',(0.,0.,1.));
#8096 = ORIENTED_EDGE('',*,*,#2871,.F.);
#8097 = CYLINDRICAL_SURFACE('',#8098,0.499989885034);
#8098 = AXIS2_PLACEMENT_3D('',#8099,#8100,#8101);
#8099 = CARTESIAN_POINT('',(46.66001211497,-80.24431407913,0.));
#8100 = DIRECTION('',(0.,0.,-1.));
#8101 = DIRECTION('',(0.901027997796,0.43376093322,0.));
#8102 = ADVANCED_FACE('',(#8103),#8114,.T.);
#8103 = FACE_BOUND('',#8104,.T.);
#8104 = EDGE_LOOP('',(#8105,#8111,#8112,#8113));
#8105 = ORIENTED_EDGE('',*,*,#8106,.T.);
#8106 = EDGE_CURVE('',#2829,#5218,#8107,.T.);
#8107 = LINE('',#8108,#8109);
#8108 = CARTESIAN_POINT('',(48.065549,-82.447158,0.));
#8109 = VECTOR('',#8110,1.);
#8110 = DIRECTION('',(0.,0.,1.));
#8111 = ORIENTED_EDGE('',*,*,#5217,.T.);
#8112 = ORIENTED_EDGE('',*,*,#8072,.F.);
#8113 = ORIENTED_EDGE('',*,*,#2828,.F.);
#8114 = PLANE('',#8115);
#8115 = AXIS2_PLACEMENT_3D('',#8116,#8117,#8118);
#8116 = CARTESIAN_POINT('',(48.065549,-82.447158,0.));
#8117 = DIRECTION('',(0.,1.,0.));
#8118 = DIRECTION('',(1.,0.,0.));
#8119 = ADVANCED_FACE('',(#8120),#8131,.T.);
#8120 = FACE_BOUND('',#8121,.T.);
#8121 = EDGE_LOOP('',(#8122,#8123,#8124,#8130));
#8122 = ORIENTED_EDGE('',*,*,#8091,.T.);
#8123 = ORIENTED_EDGE('',*,*,#5252,.T.);
#8124 = ORIENTED_EDGE('',*,*,#8125,.F.);
#8125 = EDGE_CURVE('',#2855,#5244,#8126,.T.);
#8126 = LINE('',#8127,#8128);
#8127 = CARTESIAN_POINT('',(47.160002,-81.650001,0.));
#8128 = VECTOR('',#8129,1.);
#8129 = DIRECTION('',(0.,0.,1.));
#8130 = ORIENTED_EDGE('',*,*,#2863,.F.);
#8131 = PLANE('',#8132);
#8132 = AXIS2_PLACEMENT_3D('',#8133,#8134,#8135);
#8133 = CARTESIAN_POINT('',(47.160002,-80.244316,0.));
#8134 = DIRECTION('',(1.,0.,-0.));
#8135 = DIRECTION('',(0.,-1.,0.));
#8136 = ADVANCED_FACE('',(#8137),#8148,.T.);
#8137 = FACE_BOUND('',#8138,.T.);
#8138 = EDGE_LOOP('',(#8139,#8145,#8146,#8147));
#8139 = ORIENTED_EDGE('',*,*,#8140,.T.);
#8140 = EDGE_CURVE('',#2837,#5226,#8141,.T.);
#8141 = LINE('',#8142,#8143);
#8142 = CARTESIAN_POINT('',(47.813291,-82.515457,0.));
#8143 = VECTOR('',#8144,1.);
#8144 = DIRECTION('',(0.,0.,1.));
#8145 = ORIENTED_EDGE('',*,*,#5225,.T.);
#8146 = ORIENTED_EDGE('',*,*,#8106,.F.);
#8147 = ORIENTED_EDGE('',*,*,#2836,.F.);
#8148 = CYLINDRICAL_SURFACE('',#8149,0.500008729288);
#8149 = AXIS2_PLACEMENT_3D('',#8150,#8151,#8152);
#8150 = CARTESIAN_POINT('',(48.065551656878,-82.94716672928,0.));
#8151 = DIRECTION('',(0.,0.,-1.));
#8152 = DIRECTION('',(-0.504512505685,0.863404384751,0.));
#8153 = ADVANCED_FACE('',(#8154),#8165,.T.);
#8154 = FACE_BOUND('',#8155,.T.);
#8155 = EDGE_LOOP('',(#8156,#8157,#8158,#8164));
#8156 = ORIENTED_EDGE('',*,*,#8125,.T.);
#8157 = ORIENTED_EDGE('',*,*,#5243,.T.);
#8158 = ORIENTED_EDGE('',*,*,#8159,.F.);
#8159 = EDGE_CURVE('',#2846,#5235,#8160,.T.);
#8160 = LINE('',#8161,#8162);
#8161 = CARTESIAN_POINT('',(47.110517,-81.866878,0.));
#8162 = VECTOR('',#8163,1.);
#8163 = DIRECTION('',(0.,0.,1.));
#8164 = ORIENTED_EDGE('',*,*,#2854,.F.);
#8165 = CYLINDRICAL_SURFACE('',#8166,0.499989884978);
#8166 = AXIS2_PLACEMENT_3D('',#8167,#8168,#8169);
#8167 = CARTESIAN_POINT('',(46.660012115023,-81.65000192088,0.));
#8168 = DIRECTION('',(0.,0.,-1.));
#8169 = DIRECTION('',(0.999999999998,1.841808681468E-06,0.));
#8170 = ADVANCED_FACE('',(#8171),#8177,.F.);
#8171 = FACE_BOUND('',#8172,.T.);
#8172 = EDGE_LOOP('',(#8173,#8174,#8175,#8176));
#8173 = ORIENTED_EDGE('',*,*,#8159,.T.);
#8174 = ORIENTED_EDGE('',*,*,#5234,.T.);
#8175 = ORIENTED_EDGE('',*,*,#8140,.F.);
#8176 = ORIENTED_EDGE('',*,*,#2845,.F.);
#8177 = CYLINDRICAL_SURFACE('',#8178,0.500000669307);
#8178 = AXIS2_PLACEMENT_3D('',#8179,#8180,#8181);
#8179 = CARTESIAN_POINT('',(47.561033535509,-82.08375474043,0.));
#8180 = DIRECTION('',(-0.,-0.,-1.));
#8181 = DIRECTION('',(-0.901031864884,0.433752900236,0.));
#8182 = ADVANCED_FACE('',(#8183),#8194,.F.);
#8183 = FACE_BOUND('',#8184,.T.);
#8184 = EDGE_LOOP('',(#8185,#8186,#8192,#8193));
#8185 = ORIENTED_EDGE('',*,*,#2915,.T.);
#8186 = ORIENTED_EDGE('',*,*,#8187,.T.);
#8187 = EDGE_CURVE('',#2916,#5305,#8188,.T.);
#8188 = LINE('',#8189,#8190);
#8189 = CARTESIAN_POINT('',(43.805,-77.475,-4.6E-02));
#8190 = VECTOR('',#8191,1.);
#8191 = DIRECTION('',(0.,0.,1.));
#8192 = ORIENTED_EDGE('',*,*,#5304,.F.);
#8193 = ORIENTED_EDGE('',*,*,#8187,.F.);
#8194 = CYLINDRICAL_SURFACE('',#8195,0.85);
#8195 = AXIS2_PLACEMENT_3D('',#8196,#8197,#8198);
#8196 = CARTESIAN_POINT('',(43.805,-76.625,-4.6E-02));
#8197 = DIRECTION('',(-0.,-0.,-1.));
#8198 = DIRECTION('',(-0.,-1.,0.));
#8199 = ADVANCED_FACE('',(#8200),#8211,.F.);
#8200 = FACE_BOUND('',#8201,.T.);
#8201 = EDGE_LOOP('',(#8202,#8203,#8209,#8210));
#8202 = ORIENTED_EDGE('',*,*,#2926,.T.);
#8203 = ORIENTED_EDGE('',*,*,#8204,.T.);
#8204 = EDGE_CURVE('',#2927,#5316,#8205,.T.);
#8205 = LINE('',#8206,#8207);
#8206 = CARTESIAN_POINT('',(45.075,-74.835,-4.6E-02));
#8207 = VECTOR('',#8208,1.);
#8208 = DIRECTION('',(0.,0.,1.));
#8209 = ORIENTED_EDGE('',*,*,#5315,.F.);
#8210 = ORIENTED_EDGE('',*,*,#8204,.F.);
#8211 = CYLINDRICAL_SURFACE('',#8212,0.75);
#8212 = AXIS2_PLACEMENT_3D('',#8213,#8214,#8215);
#8213 = CARTESIAN_POINT('',(45.075,-74.085,-4.6E-02));
#8214 = DIRECTION('',(-0.,-0.,-1.));
#8215 = DIRECTION('',(-0.,-1.,0.));
#8216 = ADVANCED_FACE('',(#8217),#8228,.F.);
#8217 = FACE_BOUND('',#8218,.T.);
#8218 = EDGE_LOOP('',(#8219,#8220,#8226,#8227));
#8219 = ORIENTED_EDGE('',*,*,#2937,.T.);
#8220 = ORIENTED_EDGE('',*,*,#8221,.T.);
#8221 = EDGE_CURVE('',#2938,#5327,#8222,.T.);
#8222 = LINE('',#8223,#8224);
#8223 = CARTESIAN_POINT('',(48.885,-78.625,-4.6E-02));
#8224 = VECTOR('',#8225,1.);
#8225 = DIRECTION('',(0.,0.,1.));
#8226 = ORIENTED_EDGE('',*,*,#5326,.F.);
#8227 = ORIENTED_EDGE('',*,*,#8221,.F.);
#8228 = CYLINDRICAL_SURFACE('',#8229,2.);
#8229 = AXIS2_PLACEMENT_3D('',#8230,#8231,#8232);
#8230 = CARTESIAN_POINT('',(48.885,-76.625,-4.6E-02));
#8231 = DIRECTION('',(-0.,-0.,-1.));
#8232 = DIRECTION('',(-0.,-1.,0.));
#8233 = ADVANCED_FACE('',(#8234),#8245,.F.);
#8234 = FACE_BOUND('',#8235,.T.);
#8235 = EDGE_LOOP('',(#8236,#8237,#8243,#8244));
#8236 = ORIENTED_EDGE('',*,*,#2948,.T.);
#8237 = ORIENTED_EDGE('',*,*,#8238,.T.);
#8238 = EDGE_CURVE('',#2949,#5338,#8239,.T.);
#8239 = LINE('',#8240,#8241);
#8240 = CARTESIAN_POINT('',(53.965,-77.475,-4.6E-02));
#8241 = VECTOR('',#8242,1.);
#8242 = DIRECTION('',(0.,0.,1.));
#8243 = ORIENTED_EDGE('',*,*,#5337,.F.);
#8244 = ORIENTED_EDGE('',*,*,#8238,.F.);
#8245 = CYLINDRICAL_SURFACE('',#8246,0.85);
#8246 = AXIS2_PLACEMENT_3D('',#8247,#8248,#8249);
#8247 = CARTESIAN_POINT('',(53.965,-76.625,-4.6E-02));
#8248 = DIRECTION('',(-0.,-0.,-1.));
#8249 = DIRECTION('',(-0.,-1.,0.));
#8250 = ADVANCED_FACE('',(#8251),#8262,.F.);
#8251 = FACE_BOUND('',#8252,.T.);
#8252 = EDGE_LOOP('',(#8253,#8254,#8260,#8261));
#8253 = ORIENTED_EDGE('',*,*,#2959,.T.);
#8254 = ORIENTED_EDGE('',*,*,#8255,.T.);
#8255 = EDGE_CURVE('',#2960,#5349,#8256,.T.);
#8256 = LINE('',#8257,#8258);
#8257 = CARTESIAN_POINT('',(51.425,-72.295,-4.6E-02));
#8258 = VECTOR('',#8259,1.);
#8259 = DIRECTION('',(0.,0.,1.));
#8260 = ORIENTED_EDGE('',*,*,#5348,.F.);
#8261 = ORIENTED_EDGE('',*,*,#8255,.F.);
#8262 = CYLINDRICAL_SURFACE('',#8263,0.75);
#8263 = AXIS2_PLACEMENT_3D('',#8264,#8265,#8266);
#8264 = CARTESIAN_POINT('',(51.425,-71.545,-4.6E-02));
#8265 = DIRECTION('',(-0.,-0.,-1.));
#8266 = DIRECTION('',(-0.,-1.,0.));
#8267 = ADVANCED_FACE('',(#8268),#8284,.F.);
#8268 = FACE_BOUND('',#8269,.T.);
#8269 = EDGE_LOOP('',(#8270,#8276,#8277,#8283));
#8270 = ORIENTED_EDGE('',*,*,#8271,.T.);
#8271 = EDGE_CURVE('',#2971,#5360,#8272,.T.);
#8272 = LINE('',#8273,#8274);
#8273 = CARTESIAN_POINT('',(69.609485,-80.027438,0.));
#8274 = VECTOR('',#8275,1.);
#8275 = DIRECTION('',(0.,0.,1.));
#8276 = ORIENTED_EDGE('',*,*,#5359,.T.);
#8277 = ORIENTED_EDGE('',*,*,#8278,.F.);
#8278 = EDGE_CURVE('',#2973,#5362,#8279,.T.);
#8279 = LINE('',#8280,#8281);
#8280 = CARTESIAN_POINT('',(68.906712,-79.37886,0.));
#8281 = VECTOR('',#8282,1.);
#8282 = DIRECTION('',(0.,0.,1.));
#8283 = ORIENTED_EDGE('',*,*,#2970,.F.);
#8284 = CYLINDRICAL_SURFACE('',#8285,0.499999422661);
#8285 = AXIS2_PLACEMENT_3D('',#8286,#8287,#8288);
#8286 = CARTESIAN_POINT('',(69.158970295513,-79.81056033009,0.));
#8287 = DIRECTION('',(-0.,-0.,-1.));
#8288 = DIRECTION('',(0.901030449374,-0.433755840654,0.));
#8289 = ADVANCED_FACE('',(#8290),#8301,.T.);
#8290 = FACE_BOUND('',#8291,.T.);
#8291 = EDGE_LOOP('',(#8292,#8298,#8299,#8300));
#8292 = ORIENTED_EDGE('',*,*,#8293,.T.);
#8293 = EDGE_CURVE('',#2982,#5371,#8294,.T.);
#8294 = LINE('',#8295,#8296);
#8295 = CARTESIAN_POINT('',(69.56,-80.244315,0.));
#8296 = VECTOR('',#8297,1.);
#8297 = DIRECTION('',(0.,0.,1.));
#8298 = ORIENTED_EDGE('',*,*,#5370,.T.);
#8299 = ORIENTED_EDGE('',*,*,#8271,.F.);
#8300 = ORIENTED_EDGE('',*,*,#2981,.F.);
#8301 = CYLINDRICAL_SURFACE('',#8302,0.499989884978);
#8302 = AXIS2_PLACEMENT_3D('',#8303,#8304,#8305);
#8303 = CARTESIAN_POINT('',(70.059989884977,-80.24431407911,0.));
#8304 = DIRECTION('',(0.,0.,-1.));
#8305 = DIRECTION('',(-0.999999999998,-1.841808624623E-06,-0.));
#8306 = ADVANCED_FACE('',(#8307),#8318,.T.);
#8307 = FACE_BOUND('',#8308,.T.);
#8308 = EDGE_LOOP('',(#8309,#8310,#8311,#8317));
#8309 = ORIENTED_EDGE('',*,*,#8278,.T.);
#8310 = ORIENTED_EDGE('',*,*,#5492,.T.);
#8311 = ORIENTED_EDGE('',*,*,#8312,.F.);
#8312 = EDGE_CURVE('',#3096,#5485,#8313,.T.);
#8313 = LINE('',#8314,#8315);
#8314 = CARTESIAN_POINT('',(68.654454,-79.447159,0.));
#8315 = VECTOR('',#8316,1.);
#8316 = DIRECTION('',(0.,0.,1.));
#8317 = ORIENTED_EDGE('',*,*,#3103,.F.);
#8318 = CYLINDRICAL_SURFACE('',#8319,0.500008729288);
#8319 = AXIS2_PLACEMENT_3D('',#8320,#8321,#8322);
#8320 = CARTESIAN_POINT('',(68.654451343122,-78.94715027071,0.));
#8321 = DIRECTION('',(0.,0.,-1.));
#8322 = DIRECTION('',(0.504512505685,-0.863404384751,0.));
#8323 = ADVANCED_FACE('',(#8324),#8335,.T.);
#8324 = FACE_BOUND('',#8325,.T.);
#8325 = EDGE_LOOP('',(#8326,#8332,#8333,#8334));
#8326 = ORIENTED_EDGE('',*,*,#8327,.T.);
#8327 = EDGE_CURVE('',#2991,#5380,#8328,.T.);
#8328 = LINE('',#8329,#8330);
#8329 = CARTESIAN_POINT('',(69.56,-81.65,0.));
#8330 = VECTOR('',#8331,1.);
#8331 = DIRECTION('',(0.,0.,1.));
#8332 = ORIENTED_EDGE('',*,*,#5379,.T.);
#8333 = ORIENTED_EDGE('',*,*,#8293,.F.);
#8334 = ORIENTED_EDGE('',*,*,#2990,.F.);
#8335 = PLANE('',#8336);
#8336 = AXIS2_PLACEMENT_3D('',#8337,#8338,#8339);
#8337 = CARTESIAN_POINT('',(69.56,-81.65,0.));
#8338 = DIRECTION('',(-1.,0.,0.));
#8339 = DIRECTION('',(0.,1.,0.));
#8340 = ADVANCED_FACE('',(#8341),#8352,.T.);
#8341 = FACE_BOUND('',#8342,.T.);
#8342 = EDGE_LOOP('',(#8343,#8344,#8345,#8351));
#8343 = ORIENTED_EDGE('',*,*,#8312,.T.);
#8344 = ORIENTED_EDGE('',*,*,#5484,.T.);
#8345 = ORIENTED_EDGE('',*,*,#8346,.F.);
#8346 = EDGE_CURVE('',#3087,#5476,#8347,.T.);
#8347 = LINE('',#8348,#8349);
#8348 = CARTESIAN_POINT('',(67.065548,-79.447158,0.));
#8349 = VECTOR('',#8350,1.);
#8350 = DIRECTION('',(0.,0.,1.));
#8351 = ORIENTED_EDGE('',*,*,#3095,.F.);
#8352 = PLANE('',#8353);
#8353 = AXIS2_PLACEMENT_3D('',#8354,#8355,#8356);
#8354 = CARTESIAN_POINT('',(68.654454,-79.447159,0.));
#8355 = DIRECTION('',(-6.29363850017E-07,-1.,0.));
#8356 = DIRECTION('',(-1.,6.29363850017E-07,0.));
#8357 = ADVANCED_FACE('',(#8358),#8369,.T.);
#8358 = FACE_BOUND('',#8359,.T.);
#8359 = EDGE_LOOP('',(#8360,#8366,#8367,#8368));
#8360 = ORIENTED_EDGE('',*,*,#8361,.T.);
#8361 = EDGE_CURVE('',#2999,#5388,#8362,.T.);
#8362 = LINE('',#8363,#8364);
#8363 = CARTESIAN_POINT('',(69.609485,-81.866878,0.));
#8364 = VECTOR('',#8365,1.);
#8365 = DIRECTION('',(0.,0.,1.));
#8366 = ORIENTED_EDGE('',*,*,#5387,.T.);
#8367 = ORIENTED_EDGE('',*,*,#8327,.F.);
#8368 = ORIENTED_EDGE('',*,*,#2998,.F.);
#8369 = CYLINDRICAL_SURFACE('',#8370,0.499989885034);
#8370 = AXIS2_PLACEMENT_3D('',#8371,#8372,#8373);
#8371 = CARTESIAN_POINT('',(70.059989885031,-81.65000192086,0.));
#8372 = DIRECTION('',(0.,0.,-1.));
#8373 = DIRECTION('',(-0.901027997796,-0.43376093322,-0.));
#8374 = ADVANCED_FACE('',(#8375),#8386,.T.);
#8375 = FACE_BOUND('',#8376,.T.);
#8376 = EDGE_LOOP('',(#8377,#8378,#8379,#8385));
#8377 = ORIENTED_EDGE('',*,*,#8346,.T.);
#8378 = ORIENTED_EDGE('',*,*,#5475,.T.);
#8379 = ORIENTED_EDGE('',*,*,#8380,.F.);
#8380 = EDGE_CURVE('',#3078,#5467,#8381,.T.);
#8381 = LINE('',#8382,#8383);
#8382 = CARTESIAN_POINT('',(66.81329,-79.378859,0.));
#8383 = VECTOR('',#8384,1.);
#8384 = DIRECTION('',(0.,0.,1.));
#8385 = ORIENTED_EDGE('',*,*,#3086,.F.);
#8386 = CYLINDRICAL_SURFACE('',#8387,0.500008729288);
#8387 = AXIS2_PLACEMENT_3D('',#8388,#8389,#8390);
#8388 = CARTESIAN_POINT('',(67.065550656878,-78.94714927071,0.));
#8389 = DIRECTION('',(0.,0.,-1.));
#8390 = DIRECTION('',(-5.313662711088E-06,-0.999999999986,-0.));
#8391 = ADVANCED_FACE('',(#8392),#8403,.F.);
#8392 = FACE_BOUND('',#8393,.T.);
#8393 = EDGE_LOOP('',(#8394,#8400,#8401,#8402));
#8394 = ORIENTED_EDGE('',*,*,#8395,.T.);
#8395 = EDGE_CURVE('',#3008,#5397,#8396,.T.);
#8396 = LINE('',#8397,#8398);
#8397 = CARTESIAN_POINT('',(68.906712,-82.515457,0.));
#8398 = VECTOR('',#8399,1.);
#8399 = DIRECTION('',(0.,0.,1.));
#8400 = ORIENTED_EDGE('',*,*,#5396,.T.);
#8401 = ORIENTED_EDGE('',*,*,#8361,.F.);
#8402 = ORIENTED_EDGE('',*,*,#3007,.F.);
#8403 = CYLINDRICAL_SURFACE('',#8404,0.499999448976);
#8404 = AXIS2_PLACEMENT_3D('',#8405,#8406,#8407);
#8405 = CARTESIAN_POINT('',(69.158970904285,-82.08375699515,0.));
#8406 = DIRECTION('',(-0.,-0.,-1.));
#8407 = DIRECTION('',(-0.504518364574,-0.863400961204,0.));
#8408 = ADVANCED_FACE('',(#8409),#8420,.F.);
#8409 = FACE_BOUND('',#8410,.T.);
#8410 = EDGE_LOOP('',(#8411,#8412,#8413,#8419));
#8411 = ORIENTED_EDGE('',*,*,#8380,.T.);
#8412 = ORIENTED_EDGE('',*,*,#5466,.T.);
#8413 = ORIENTED_EDGE('',*,*,#8414,.F.);
#8414 = EDGE_CURVE('',#3069,#5458,#8415,.T.);
#8415 = LINE('',#8416,#8417);
#8416 = CARTESIAN_POINT('',(66.110517,-80.027438,0.));
#8417 = VECTOR('',#8418,1.);
#8418 = DIRECTION('',(0.,0.,1.));
#8419 = ORIENTED_EDGE('',*,*,#3077,.F.);
#8420 = CYLINDRICAL_SURFACE('',#8421,0.499999729127);
#8421 = AXIS2_PLACEMENT_3D('',#8422,#8423,#8424);
#8422 = CARTESIAN_POINT('',(66.561031745676,-79.81055970911,0.));
#8423 = DIRECTION('',(-0.,-0.,-1.));
#8424 = DIRECTION('',(0.504516781969,0.863401885979,-0.));
#8425 = ADVANCED_FACE('',(#8426),#8437,.T.);
#8426 = FACE_BOUND('',#8427,.T.);
#8427 = EDGE_LOOP('',(#8428,#8434,#8435,#8436));
#8428 = ORIENTED_EDGE('',*,*,#8429,.T.);
#8429 = EDGE_CURVE('',#3017,#5406,#8430,.T.);
#8430 = LINE('',#8431,#8432);
#8431 = CARTESIAN_POINT('',(68.654453,-82.447158,0.));
#8432 = VECTOR('',#8433,1.);
#8433 = DIRECTION('',(0.,0.,1.));
#8434 = ORIENTED_EDGE('',*,*,#5405,.T.);
#8435 = ORIENTED_EDGE('',*,*,#8395,.F.);
#8436 = ORIENTED_EDGE('',*,*,#3016,.F.);
#8437 = CYLINDRICAL_SURFACE('',#8438,0.500008729226);
#8438 = AXIS2_PLACEMENT_3D('',#8439,#8440,#8441);
#8439 = CARTESIAN_POINT('',(68.654451343146,-82.94716672922,0.));
#8440 = DIRECTION('',(0.,0.,-1.));
#8441 = DIRECTION('',(3.313649317029E-06,0.999999999995,0.));
#8442 = ADVANCED_FACE('',(#8443),#8454,.T.);
#8443 = FACE_BOUND('',#8444,.T.);
#8444 = EDGE_LOOP('',(#8445,#8446,#8447,#8453));
#8445 = ORIENTED_EDGE('',*,*,#8414,.T.);
#8446 = ORIENTED_EDGE('',*,*,#5457,.T.);
#8447 = ORIENTED_EDGE('',*,*,#8448,.F.);
#8448 = EDGE_CURVE('',#3061,#5450,#8449,.T.);
#8449 = LINE('',#8450,#8451);
#8450 = CARTESIAN_POINT('',(66.160002,-80.244316,0.));
#8451 = VECTOR('',#8452,1.);
#8452 = DIRECTION('',(0.,0.,1.));
#8453 = ORIENTED_EDGE('',*,*,#3068,.F.);
#8454 = CYLINDRICAL_SURFACE('',#8455,0.499989885034);
#8455 = AXIS2_PLACEMENT_3D('',#8456,#8457,#8458);
#8456 = CARTESIAN_POINT('',(65.660012114969,-80.24431407913,0.));
#8457 = DIRECTION('',(0.,0.,-1.));
#8458 = DIRECTION('',(0.901027997796,0.43376093322,0.));
#8459 = ADVANCED_FACE('',(#8460),#8471,.T.);
#8460 = FACE_BOUND('',#8461,.T.);
#8461 = EDGE_LOOP('',(#8462,#8468,#8469,#8470));
#8462 = ORIENTED_EDGE('',*,*,#8463,.T.);
#8463 = EDGE_CURVE('',#3026,#5415,#8464,.T.);
#8464 = LINE('',#8465,#8466);
#8465 = CARTESIAN_POINT('',(67.065549,-82.447158,0.));
#8466 = VECTOR('',#8467,1.);
#8467 = DIRECTION('',(0.,0.,1.));
#8468 = ORIENTED_EDGE('',*,*,#5414,.T.);
#8469 = ORIENTED_EDGE('',*,*,#8429,.F.);
#8470 = ORIENTED_EDGE('',*,*,#3025,.F.);
#8471 = PLANE('',#8472);
#8472 = AXIS2_PLACEMENT_3D('',#8473,#8474,#8475);
#8473 = CARTESIAN_POINT('',(67.065549,-82.447158,0.));
#8474 = DIRECTION('',(0.,1.,0.));
#8475 = DIRECTION('',(1.,0.,0.));
#8476 = ADVANCED_FACE('',(#8477),#8488,.T.);
#8477 = FACE_BOUND('',#8478,.T.);
#8478 = EDGE_LOOP('',(#8479,#8480,#8481,#8487));
#8479 = ORIENTED_EDGE('',*,*,#8448,.T.);
#8480 = ORIENTED_EDGE('',*,*,#5449,.T.);
#8481 = ORIENTED_EDGE('',*,*,#8482,.F.);
#8482 = EDGE_CURVE('',#3052,#5441,#8483,.T.);
#8483 = LINE('',#8484,#8485);
#8484 = CARTESIAN_POINT('',(66.160002,-81.65,0.));
#8485 = VECTOR('',#8486,1.);
#8486 = DIRECTION('',(0.,0.,1.));
#8487 = ORIENTED_EDGE('',*,*,#3060,.F.);
#8488 = PLANE('',#8489);
#8489 = AXIS2_PLACEMENT_3D('',#8490,#8491,#8492);
#8490 = CARTESIAN_POINT('',(66.160002,-80.244316,0.));
#8491 = DIRECTION('',(1.,0.,-0.));
#8492 = DIRECTION('',(0.,-1.,0.));
#8493 = ADVANCED_FACE('',(#8494),#8505,.T.);
#8494 = FACE_BOUND('',#8495,.T.);
#8495 = EDGE_LOOP('',(#8496,#8502,#8503,#8504));
#8496 = ORIENTED_EDGE('',*,*,#8497,.T.);
#8497 = EDGE_CURVE('',#3034,#5423,#8498,.T.);
#8498 = LINE('',#8499,#8500);
#8499 = CARTESIAN_POINT('',(66.813291,-82.515457,0.));
#8500 = VECTOR('',#8501,1.);
#8501 = DIRECTION('',(0.,0.,1.));
#8502 = ORIENTED_EDGE('',*,*,#5422,.T.);
#8503 = ORIENTED_EDGE('',*,*,#8463,.F.);
#8504 = ORIENTED_EDGE('',*,*,#3033,.F.);
#8505 = CYLINDRICAL_SURFACE('',#8506,0.500008729288);
#8506 = AXIS2_PLACEMENT_3D('',#8507,#8508,#8509);
#8507 = CARTESIAN_POINT('',(67.065551656878,-82.94716672928,0.));
#8508 = DIRECTION('',(0.,0.,-1.));
#8509 = DIRECTION('',(-0.504512505685,0.863404384751,0.));
#8510 = ADVANCED_FACE('',(#8511),#8522,.T.);
#8511 = FACE_BOUND('',#8512,.T.);
#8512 = EDGE_LOOP('',(#8513,#8514,#8515,#8521));
#8513 = ORIENTED_EDGE('',*,*,#8482,.T.);
#8514 = ORIENTED_EDGE('',*,*,#5440,.T.);
#8515 = ORIENTED_EDGE('',*,*,#8516,.F.);
#8516 = EDGE_CURVE('',#3043,#5432,#8517,.T.);
#8517 = LINE('',#8518,#8519);
#8518 = CARTESIAN_POINT('',(66.110517,-81.866878,0.));
#8519 = VECTOR('',#8520,1.);
#8520 = DIRECTION('',(0.,0.,1.));
#8521 = ORIENTED_EDGE('',*,*,#3051,.F.);
#8522 = CYLINDRICAL_SURFACE('',#8523,0.499989885034);
#8523 = AXIS2_PLACEMENT_3D('',#8524,#8525,#8526);
#8524 = CARTESIAN_POINT('',(65.660012114969,-81.65000192086,0.));
#8525 = DIRECTION('',(0.,0.,-1.));
#8526 = DIRECTION('',(0.999999999993,3.841811363674E-06,0.));
#8527 = ADVANCED_FACE('',(#8528),#8534,.F.);
#8528 = FACE_BOUND('',#8529,.T.);
#8529 = EDGE_LOOP('',(#8530,#8531,#8532,#8533));
#8530 = ORIENTED_EDGE('',*,*,#8516,.T.);
#8531 = ORIENTED_EDGE('',*,*,#5431,.T.);
#8532 = ORIENTED_EDGE('',*,*,#8497,.F.);
#8533 = ORIENTED_EDGE('',*,*,#3042,.F.);
#8534 = CYLINDRICAL_SURFACE('',#8535,0.500000669307);
#8535 = AXIS2_PLACEMENT_3D('',#8536,#8537,#8538);
#8536 = CARTESIAN_POINT('',(66.561033535509,-82.08375474043,0.));
#8537 = DIRECTION('',(-0.,-0.,-1.));
#8538 = DIRECTION('',(-0.901031864884,0.433752900236,0.));
#8539 = ADVANCED_FACE('',(#8540),#8551,.F.);
#8540 = FACE_BOUND('',#8541,.T.);
#8541 = EDGE_LOOP('',(#8542,#8543,#8549,#8550));
#8542 = ORIENTED_EDGE('',*,*,#3112,.T.);
#8543 = ORIENTED_EDGE('',*,*,#8544,.T.);
#8544 = EDGE_CURVE('',#3113,#5502,#8545,.T.);
#8545 = LINE('',#8546,#8547);
#8546 = CARTESIAN_POINT('',(62.855,-77.475,-4.6E-02));
#8547 = VECTOR('',#8548,1.);
#8548 = DIRECTION('',(0.,0.,1.));
#8549 = ORIENTED_EDGE('',*,*,#5501,.F.);
#8550 = ORIENTED_EDGE('',*,*,#8544,.F.);
#8551 = CYLINDRICAL_SURFACE('',#8552,0.85);
#8552 = AXIS2_PLACEMENT_3D('',#8553,#8554,#8555);
#8553 = CARTESIAN_POINT('',(62.855,-76.625,-4.6E-02));
#8554 = DIRECTION('',(-0.,-0.,-1.));
#8555 = DIRECTION('',(-8.35932630306E-15,-1.,0.));
#8556 = ADVANCED_FACE('',(#8557),#8568,.F.);
#8557 = FACE_BOUND('',#8558,.T.);
#8558 = EDGE_LOOP('',(#8559,#8560,#8566,#8567));
#8559 = ORIENTED_EDGE('',*,*,#3123,.T.);
#8560 = ORIENTED_EDGE('',*,*,#8561,.T.);
#8561 = EDGE_CURVE('',#3124,#5513,#8562,.T.);
#8562 = LINE('',#8563,#8564);
#8563 = CARTESIAN_POINT('',(67.935,-78.625,-4.6E-02));
#8564 = VECTOR('',#8565,1.);
#8565 = DIRECTION('',(0.,0.,1.));
#8566 = ORIENTED_EDGE('',*,*,#5512,.F.);
#8567 = ORIENTED_EDGE('',*,*,#8561,.F.);
#8568 = CYLINDRICAL_SURFACE('',#8569,2.);
#8569 = AXIS2_PLACEMENT_3D('',#8570,#8571,#8572);
#8570 = CARTESIAN_POINT('',(67.935,-76.625,-4.6E-02));
#8571 = DIRECTION('',(-0.,-0.,-1.));
#8572 = DIRECTION('',(-0.,-1.,0.));
#8573 = ADVANCED_FACE('',(#8574),#8585,.F.);
#8574 = FACE_BOUND('',#8575,.T.);
#8575 = EDGE_LOOP('',(#8576,#8577,#8583,#8584));
#8576 = ORIENTED_EDGE('',*,*,#3134,.T.);
#8577 = ORIENTED_EDGE('',*,*,#8578,.T.);
#8578 = EDGE_CURVE('',#3135,#5524,#8579,.T.);
#8579 = LINE('',#8580,#8581);
#8580 = CARTESIAN_POINT('',(64.125,-74.835,-4.6E-02));
#8581 = VECTOR('',#8582,1.);
#8582 = DIRECTION('',(0.,0.,1.));
#8583 = ORIENTED_EDGE('',*,*,#5523,.F.);
#8584 = ORIENTED_EDGE('',*,*,#8578,.F.);
#8585 = CYLINDRICAL_SURFACE('',#8586,0.75);
#8586 = AXIS2_PLACEMENT_3D('',#8587,#8588,#8589);
#8587 = CARTESIAN_POINT('',(64.125,-74.085,-4.6E-02));
#8588 = DIRECTION('',(-0.,-0.,-1.));
#8589 = DIRECTION('',(-0.,-1.,0.));
#8590 = ADVANCED_FACE('',(#8591),#8602,.F.);
#8591 = FACE_BOUND('',#8592,.T.);
#8592 = EDGE_LOOP('',(#8593,#8594,#8600,#8601));
#8593 = ORIENTED_EDGE('',*,*,#3145,.T.);
#8594 = ORIENTED_EDGE('',*,*,#8595,.T.);
#8595 = EDGE_CURVE('',#3146,#5535,#8596,.T.);
#8596 = LINE('',#8597,#8598);
#8597 = CARTESIAN_POINT('',(73.015,-77.475,-4.6E-02));
#8598 = VECTOR('',#8599,1.);
#8599 = DIRECTION('',(0.,0.,1.));
#8600 = ORIENTED_EDGE('',*,*,#5534,.F.);
#8601 = ORIENTED_EDGE('',*,*,#8595,.F.);
#8602 = CYLINDRICAL_SURFACE('',#8603,0.85);
#8603 = AXIS2_PLACEMENT_3D('',#8604,#8605,#8606);
#8604 = CARTESIAN_POINT('',(73.015,-76.625,-4.6E-02));
#8605 = DIRECTION('',(-0.,-0.,-1.));
#8606 = DIRECTION('',(-0.,-1.,0.));
#8607 = ADVANCED_FACE('',(#8608),#8619,.F.);
#8608 = FACE_BOUND('',#8609,.T.);
#8609 = EDGE_LOOP('',(#8610,#8611,#8617,#8618));
#8610 = ORIENTED_EDGE('',*,*,#3156,.T.);
#8611 = ORIENTED_EDGE('',*,*,#8612,.T.);
#8612 = EDGE_CURVE('',#3157,#5546,#8613,.T.);
#8613 = LINE('',#8614,#8615);
#8614 = CARTESIAN_POINT('',(70.475,-72.295,-4.6E-02));
#8615 = VECTOR('',#8616,1.);
#8616 = DIRECTION('',(0.,0.,1.));
#8617 = ORIENTED_EDGE('',*,*,#5545,.F.);
#8618 = ORIENTED_EDGE('',*,*,#8612,.F.);
#8619 = CYLINDRICAL_SURFACE('',#8620,0.75);
#8620 = AXIS2_PLACEMENT_3D('',#8621,#8622,#8623);
#8621 = CARTESIAN_POINT('',(70.475,-71.545,-4.6E-02));
#8622 = DIRECTION('',(-0.,-0.,-1.));
#8623 = DIRECTION('',(-0.,-1.,0.));
#8624 = ADVANCED_FACE('',(#8625),#8641,.F.);
#8625 = FACE_BOUND('',#8626,.T.);
#8626 = EDGE_LOOP('',(#8627,#8633,#8634,#8640));
#8627 = ORIENTED_EDGE('',*,*,#8628,.T.);
#8628 = EDGE_CURVE('',#3168,#5557,#8629,.T.);
#8629 = LINE('',#8630,#8631);
#8630 = CARTESIAN_POINT('',(89.109485,-99.027438,0.));
#8631 = VECTOR('',#8632,1.);
#8632 = DIRECTION('',(0.,0.,1.));
#8633 = ORIENTED_EDGE('',*,*,#5556,.T.);
#8634 = ORIENTED_EDGE('',*,*,#8635,.F.);
#8635 = EDGE_CURVE('',#3170,#5559,#8636,.T.);
#8636 = LINE('',#8637,#8638);
#8637 = CARTESIAN_POINT('',(88.406712,-98.37886,0.));
#8638 = VECTOR('',#8639,1.);
#8639 = DIRECTION('',(0.,0.,1.));
#8640 = ORIENTED_EDGE('',*,*,#3167,.F.);
#8641 = CYLINDRICAL_SURFACE('',#8642,0.499999422661);
#8642 = AXIS2_PLACEMENT_3D('',#8643,#8644,#8645);
#8643 = CARTESIAN_POINT('',(88.658970295513,-98.81056033009,0.));
#8644 = DIRECTION('',(-0.,-0.,-1.));
#8645 = DIRECTION('',(0.901030449374,-0.433755840654,0.));
#8646 = ADVANCED_FACE('',(#8647),#8658,.T.);
#8647 = FACE_BOUND('',#8648,.T.);
#8648 = EDGE_LOOP('',(#8649,#8655,#8656,#8657));
#8649 = ORIENTED_EDGE('',*,*,#8650,.T.);
#8650 = EDGE_CURVE('',#3179,#5568,#8651,.T.);
#8651 = LINE('',#8652,#8653);
#8652 = CARTESIAN_POINT('',(89.06,-99.244315,0.));
#8653 = VECTOR('',#8654,1.);
#8654 = DIRECTION('',(0.,0.,1.));
#8655 = ORIENTED_EDGE('',*,*,#5567,.T.);
#8656 = ORIENTED_EDGE('',*,*,#8628,.F.);
#8657 = ORIENTED_EDGE('',*,*,#3178,.F.);
#8658 = CYLINDRICAL_SURFACE('',#8659,0.499989884978);
#8659 = AXIS2_PLACEMENT_3D('',#8660,#8661,#8662);
#8660 = CARTESIAN_POINT('',(89.559989884977,-99.24431407911,0.));
#8661 = DIRECTION('',(0.,0.,-1.));
#8662 = DIRECTION('',(-0.999999999998,-1.841808624623E-06,-0.));
#8663 = ADVANCED_FACE('',(#8664),#8675,.T.);
#8664 = FACE_BOUND('',#8665,.T.);
#8665 = EDGE_LOOP('',(#8666,#8667,#8668,#8674));
#8666 = ORIENTED_EDGE('',*,*,#8635,.T.);
#8667 = ORIENTED_EDGE('',*,*,#5689,.T.);
#8668 = ORIENTED_EDGE('',*,*,#8669,.F.);
#8669 = EDGE_CURVE('',#3293,#5682,#8670,.T.);
#8670 = LINE('',#8671,#8672);
#8671 = CARTESIAN_POINT('',(88.154454,-98.447159,0.));
#8672 = VECTOR('',#8673,1.);
#8673 = DIRECTION('',(0.,0.,1.));
#8674 = ORIENTED_EDGE('',*,*,#3300,.F.);
#8675 = CYLINDRICAL_SURFACE('',#8676,0.500008729288);
#8676 = AXIS2_PLACEMENT_3D('',#8677,#8678,#8679);
#8677 = CARTESIAN_POINT('',(88.154451343122,-97.94715027071,0.));
#8678 = DIRECTION('',(0.,0.,-1.));
#8679 = DIRECTION('',(0.504512505685,-0.863404384751,0.));
#8680 = ADVANCED_FACE('',(#8681),#8692,.T.);
#8681 = FACE_BOUND('',#8682,.T.);
#8682 = EDGE_LOOP('',(#8683,#8689,#8690,#8691));
#8683 = ORIENTED_EDGE('',*,*,#8684,.T.);
#8684 = EDGE_CURVE('',#3188,#5577,#8685,.T.);
#8685 = LINE('',#8686,#8687);
#8686 = CARTESIAN_POINT('',(89.06,-100.65,0.));
#8687 = VECTOR('',#8688,1.);
#8688 = DIRECTION('',(0.,0.,1.));
#8689 = ORIENTED_EDGE('',*,*,#5576,.T.);
#8690 = ORIENTED_EDGE('',*,*,#8650,.F.);
#8691 = ORIENTED_EDGE('',*,*,#3187,.F.);
#8692 = PLANE('',#8693);
#8693 = AXIS2_PLACEMENT_3D('',#8694,#8695,#8696);
#8694 = CARTESIAN_POINT('',(89.06,-100.65,0.));
#8695 = DIRECTION('',(-1.,0.,0.));
#8696 = DIRECTION('',(0.,1.,0.));
#8697 = ADVANCED_FACE('',(#8698),#8709,.T.);
#8698 = FACE_BOUND('',#8699,.T.);
#8699 = EDGE_LOOP('',(#8700,#8701,#8702,#8708));
#8700 = ORIENTED_EDGE('',*,*,#8669,.T.);
#8701 = ORIENTED_EDGE('',*,*,#5681,.T.);
#8702 = ORIENTED_EDGE('',*,*,#8703,.F.);
#8703 = EDGE_CURVE('',#3284,#5673,#8704,.T.);
#8704 = LINE('',#8705,#8706);
#8705 = CARTESIAN_POINT('',(86.565548,-98.447158,0.));
#8706 = VECTOR('',#8707,1.);
#8707 = DIRECTION('',(0.,0.,1.));
#8708 = ORIENTED_EDGE('',*,*,#3292,.F.);
#8709 = PLANE('',#8710);
#8710 = AXIS2_PLACEMENT_3D('',#8711,#8712,#8713);
#8711 = CARTESIAN_POINT('',(88.154454,-98.447159,0.));
#8712 = DIRECTION('',(-6.29363850017E-07,-1.,0.));
#8713 = DIRECTION('',(-1.,6.29363850017E-07,0.));
#8714 = ADVANCED_FACE('',(#8715),#8726,.T.);
#8715 = FACE_BOUND('',#8716,.T.);
#8716 = EDGE_LOOP('',(#8717,#8723,#8724,#8725));
#8717 = ORIENTED_EDGE('',*,*,#8718,.T.);
#8718 = EDGE_CURVE('',#3196,#5585,#8719,.T.);
#8719 = LINE('',#8720,#8721);
#8720 = CARTESIAN_POINT('',(89.109485,-100.866878,0.));
#8721 = VECTOR('',#8722,1.);
#8722 = DIRECTION('',(0.,0.,1.));
#8723 = ORIENTED_EDGE('',*,*,#5584,.T.);
#8724 = ORIENTED_EDGE('',*,*,#8684,.F.);
#8725 = ORIENTED_EDGE('',*,*,#3195,.F.);
#8726 = CYLINDRICAL_SURFACE('',#8727,0.499989885034);
#8727 = AXIS2_PLACEMENT_3D('',#8728,#8729,#8730);
#8728 = CARTESIAN_POINT('',(89.559989885031,-100.6500019208,0.));
#8729 = DIRECTION('',(0.,0.,-1.));
#8730 = DIRECTION('',(-0.901027997796,-0.43376093322,-0.));
#8731 = ADVANCED_FACE('',(#8732),#8743,.T.);
#8732 = FACE_BOUND('',#8733,.T.);
#8733 = EDGE_LOOP('',(#8734,#8735,#8736,#8742));
#8734 = ORIENTED_EDGE('',*,*,#8703,.T.);
#8735 = ORIENTED_EDGE('',*,*,#5672,.T.);
#8736 = ORIENTED_EDGE('',*,*,#8737,.F.);
#8737 = EDGE_CURVE('',#3275,#5664,#8738,.T.);
#8738 = LINE('',#8739,#8740);
#8739 = CARTESIAN_POINT('',(86.31329,-98.378859,0.));
#8740 = VECTOR('',#8741,1.);
#8741 = DIRECTION('',(0.,0.,1.));
#8742 = ORIENTED_EDGE('',*,*,#3283,.F.);
#8743 = CYLINDRICAL_SURFACE('',#8744,0.500008729288);
#8744 = AXIS2_PLACEMENT_3D('',#8745,#8746,#8747);
#8745 = CARTESIAN_POINT('',(86.565550656878,-97.94714927071,0.));
#8746 = DIRECTION('',(0.,0.,-1.));
#8747 = DIRECTION('',(-5.313662711088E-06,-0.999999999986,-0.));
#8748 = ADVANCED_FACE('',(#8749),#8760,.F.);
#8749 = FACE_BOUND('',#8750,.T.);
#8750 = EDGE_LOOP('',(#8751,#8757,#8758,#8759));
#8751 = ORIENTED_EDGE('',*,*,#8752,.T.);
#8752 = EDGE_CURVE('',#3205,#5594,#8753,.T.);
#8753 = LINE('',#8754,#8755);
#8754 = CARTESIAN_POINT('',(88.406712,-101.515457,0.));
#8755 = VECTOR('',#8756,1.);
#8756 = DIRECTION('',(0.,0.,1.));
#8757 = ORIENTED_EDGE('',*,*,#5593,.T.);
#8758 = ORIENTED_EDGE('',*,*,#8718,.F.);
#8759 = ORIENTED_EDGE('',*,*,#3204,.F.);
#8760 = CYLINDRICAL_SURFACE('',#8761,0.499999448976);
#8761 = AXIS2_PLACEMENT_3D('',#8762,#8763,#8764);
#8762 = CARTESIAN_POINT('',(88.658970904285,-101.0837569951,0.));
#8763 = DIRECTION('',(-0.,-0.,-1.));
#8764 = DIRECTION('',(-0.504518364574,-0.863400961204,0.));
#8765 = ADVANCED_FACE('',(#8766),#8777,.F.);
#8766 = FACE_BOUND('',#8767,.T.);
#8767 = EDGE_LOOP('',(#8768,#8769,#8770,#8776));
#8768 = ORIENTED_EDGE('',*,*,#8737,.T.);
#8769 = ORIENTED_EDGE('',*,*,#5663,.T.);
#8770 = ORIENTED_EDGE('',*,*,#8771,.F.);
#8771 = EDGE_CURVE('',#3266,#5655,#8772,.T.);
#8772 = LINE('',#8773,#8774);
#8773 = CARTESIAN_POINT('',(85.610517,-99.027438,0.));
#8774 = VECTOR('',#8775,1.);
#8775 = DIRECTION('',(0.,0.,1.));
#8776 = ORIENTED_EDGE('',*,*,#3274,.F.);
#8777 = CYLINDRICAL_SURFACE('',#8778,0.499999729127);
#8778 = AXIS2_PLACEMENT_3D('',#8779,#8780,#8781);
#8779 = CARTESIAN_POINT('',(86.061031745676,-98.81055970911,0.));
#8780 = DIRECTION('',(-0.,-0.,-1.));
#8781 = DIRECTION('',(0.504516781969,0.863401885979,-0.));
#8782 = ADVANCED_FACE('',(#8783),#8794,.T.);
#8783 = FACE_BOUND('',#8784,.T.);
#8784 = EDGE_LOOP('',(#8785,#8791,#8792,#8793));
#8785 = ORIENTED_EDGE('',*,*,#8786,.T.);
#8786 = EDGE_CURVE('',#3214,#5603,#8787,.T.);
#8787 = LINE('',#8788,#8789);
#8788 = CARTESIAN_POINT('',(88.154453,-101.447158,0.));
#8789 = VECTOR('',#8790,1.);
#8790 = DIRECTION('',(0.,0.,1.));
#8791 = ORIENTED_EDGE('',*,*,#5602,.T.);
#8792 = ORIENTED_EDGE('',*,*,#8752,.F.);
#8793 = ORIENTED_EDGE('',*,*,#3213,.F.);
#8794 = CYLINDRICAL_SURFACE('',#8795,0.500008729226);
#8795 = AXIS2_PLACEMENT_3D('',#8796,#8797,#8798);
#8796 = CARTESIAN_POINT('',(88.154451343146,-101.9471667292,0.));
#8797 = DIRECTION('',(0.,0.,-1.));
#8798 = DIRECTION('',(3.313649317029E-06,0.999999999995,0.));
#8799 = ADVANCED_FACE('',(#8800),#8811,.T.);
#8800 = FACE_BOUND('',#8801,.T.);
#8801 = EDGE_LOOP('',(#8802,#8803,#8804,#8810));
#8802 = ORIENTED_EDGE('',*,*,#8771,.T.);
#8803 = ORIENTED_EDGE('',*,*,#5654,.T.);
#8804 = ORIENTED_EDGE('',*,*,#8805,.F.);
#8805 = EDGE_CURVE('',#3258,#5647,#8806,.T.);
#8806 = LINE('',#8807,#8808);
#8807 = CARTESIAN_POINT('',(85.660002,-99.244316,0.));
#8808 = VECTOR('',#8809,1.);
#8809 = DIRECTION('',(0.,0.,1.));
#8810 = ORIENTED_EDGE('',*,*,#3265,.F.);
#8811 = CYLINDRICAL_SURFACE('',#8812,0.499989885034);
#8812 = AXIS2_PLACEMENT_3D('',#8813,#8814,#8815);
#8813 = CARTESIAN_POINT('',(85.160012114969,-99.24431407913,0.));
#8814 = DIRECTION('',(0.,0.,-1.));
#8815 = DIRECTION('',(0.901027997796,0.43376093322,0.));
#8816 = ADVANCED_FACE('',(#8817),#8828,.T.);
#8817 = FACE_BOUND('',#8818,.T.);
#8818 = EDGE_LOOP('',(#8819,#8825,#8826,#8827));
#8819 = ORIENTED_EDGE('',*,*,#8820,.T.);
#8820 = EDGE_CURVE('',#3223,#5612,#8821,.T.);
#8821 = LINE('',#8822,#8823);
#8822 = CARTESIAN_POINT('',(86.565549,-101.447158,0.));
#8823 = VECTOR('',#8824,1.);
#8824 = DIRECTION('',(0.,0.,1.));
#8825 = ORIENTED_EDGE('',*,*,#5611,.T.);
#8826 = ORIENTED_EDGE('',*,*,#8786,.F.);
#8827 = ORIENTED_EDGE('',*,*,#3222,.F.);
#8828 = PLANE('',#8829);
#8829 = AXIS2_PLACEMENT_3D('',#8830,#8831,#8832);
#8830 = CARTESIAN_POINT('',(86.565549,-101.447158,0.));
#8831 = DIRECTION('',(0.,1.,0.));
#8832 = DIRECTION('',(1.,0.,0.));
#8833 = ADVANCED_FACE('',(#8834),#8845,.T.);
#8834 = FACE_BOUND('',#8835,.T.);
#8835 = EDGE_LOOP('',(#8836,#8837,#8838,#8844));
#8836 = ORIENTED_EDGE('',*,*,#8805,.T.);
#8837 = ORIENTED_EDGE('',*,*,#5646,.T.);
#8838 = ORIENTED_EDGE('',*,*,#8839,.F.);
#8839 = EDGE_CURVE('',#3249,#5638,#8840,.T.);
#8840 = LINE('',#8841,#8842);
#8841 = CARTESIAN_POINT('',(85.660002,-100.65,0.));
#8842 = VECTOR('',#8843,1.);
#8843 = DIRECTION('',(0.,0.,1.));
#8844 = ORIENTED_EDGE('',*,*,#3257,.F.);
#8845 = PLANE('',#8846);
#8846 = AXIS2_PLACEMENT_3D('',#8847,#8848,#8849);
#8847 = CARTESIAN_POINT('',(85.660002,-99.244316,0.));
#8848 = DIRECTION('',(1.,0.,-0.));
#8849 = DIRECTION('',(0.,-1.,0.));
#8850 = ADVANCED_FACE('',(#8851),#8862,.T.);
#8851 = FACE_BOUND('',#8852,.T.);
#8852 = EDGE_LOOP('',(#8853,#8859,#8860,#8861));
#8853 = ORIENTED_EDGE('',*,*,#8854,.T.);
#8854 = EDGE_CURVE('',#3231,#5620,#8855,.T.);
#8855 = LINE('',#8856,#8857);
#8856 = CARTESIAN_POINT('',(86.313291,-101.515457,0.));
#8857 = VECTOR('',#8858,1.);
#8858 = DIRECTION('',(0.,0.,1.));
#8859 = ORIENTED_EDGE('',*,*,#5619,.T.);
#8860 = ORIENTED_EDGE('',*,*,#8820,.F.);
#8861 = ORIENTED_EDGE('',*,*,#3230,.F.);
#8862 = CYLINDRICAL_SURFACE('',#8863,0.500008729288);
#8863 = AXIS2_PLACEMENT_3D('',#8864,#8865,#8866);
#8864 = CARTESIAN_POINT('',(86.565551656878,-101.9471667292,0.));
#8865 = DIRECTION('',(0.,0.,-1.));
#8866 = DIRECTION('',(-0.504512505685,0.863404384751,0.));
#8867 = ADVANCED_FACE('',(#8868),#8879,.T.);
#8868 = FACE_BOUND('',#8869,.T.);
#8869 = EDGE_LOOP('',(#8870,#8871,#8872,#8878));
#8870 = ORIENTED_EDGE('',*,*,#8839,.T.);
#8871 = ORIENTED_EDGE('',*,*,#5637,.T.);
#8872 = ORIENTED_EDGE('',*,*,#8873,.F.);
#8873 = EDGE_CURVE('',#3240,#5629,#8874,.T.);
#8874 = LINE('',#8875,#8876);
#8875 = CARTESIAN_POINT('',(85.610517,-100.866878,0.));
#8876 = VECTOR('',#8877,1.);
#8877 = DIRECTION('',(0.,0.,1.));
#8878 = ORIENTED_EDGE('',*,*,#3248,.F.);
#8879 = CYLINDRICAL_SURFACE('',#8880,0.499989885034);
#8880 = AXIS2_PLACEMENT_3D('',#8881,#8882,#8883);
#8881 = CARTESIAN_POINT('',(85.160012114969,-100.6500019208,0.));
#8882 = DIRECTION('',(0.,0.,-1.));
#8883 = DIRECTION('',(0.999999999993,3.841811363674E-06,0.));
#8884 = ADVANCED_FACE('',(#8885),#8891,.F.);
#8885 = FACE_BOUND('',#8886,.T.);
#8886 = EDGE_LOOP('',(#8887,#8888,#8889,#8890));
#8887 = ORIENTED_EDGE('',*,*,#8873,.T.);
#8888 = ORIENTED_EDGE('',*,*,#5628,.T.);
#8889 = ORIENTED_EDGE('',*,*,#8854,.F.);
#8890 = ORIENTED_EDGE('',*,*,#3239,.F.);
#8891 = CYLINDRICAL_SURFACE('',#8892,0.500000669307);
#8892 = AXIS2_PLACEMENT_3D('',#8893,#8894,#8895);
#8893 = CARTESIAN_POINT('',(86.061033535509,-101.0837547404,0.));
#8894 = DIRECTION('',(-0.,-0.,-1.));
#8895 = DIRECTION('',(-0.901031864884,0.433752900236,0.));
#8896 = ADVANCED_FACE('',(#8897),#8908,.F.);
#8897 = FACE_BOUND('',#8898,.T.);
#8898 = EDGE_LOOP('',(#8899,#8900,#8906,#8907));
#8899 = ORIENTED_EDGE('',*,*,#3309,.T.);
#8900 = ORIENTED_EDGE('',*,*,#8901,.T.);
#8901 = EDGE_CURVE('',#3310,#5699,#8902,.T.);
#8902 = LINE('',#8903,#8904);
#8903 = CARTESIAN_POINT('',(81.905,-96.525,-4.6E-02));
#8904 = VECTOR('',#8905,1.);
#8905 = DIRECTION('',(0.,0.,1.));
#8906 = ORIENTED_EDGE('',*,*,#5698,.F.);
#8907 = ORIENTED_EDGE('',*,*,#8901,.F.);
#8908 = CYLINDRICAL_SURFACE('',#8909,0.85);
#8909 = AXIS2_PLACEMENT_3D('',#8910,#8911,#8912);
#8910 = CARTESIAN_POINT('',(81.905,-95.675,-4.6E-02));
#8911 = DIRECTION('',(-0.,-0.,-1.));
#8912 = DIRECTION('',(-0.,-1.,0.));
#8913 = ADVANCED_FACE('',(#8914),#8925,.F.);
#8914 = FACE_BOUND('',#8915,.T.);
#8915 = EDGE_LOOP('',(#8916,#8917,#8923,#8924));
#8916 = ORIENTED_EDGE('',*,*,#3320,.T.);
#8917 = ORIENTED_EDGE('',*,*,#8918,.T.);
#8918 = EDGE_CURVE('',#3321,#5710,#8919,.T.);
#8919 = LINE('',#8920,#8921);
#8920 = CARTESIAN_POINT('',(86.985,-97.675,-4.6E-02));
#8921 = VECTOR('',#8922,1.);
#8922 = DIRECTION('',(0.,0.,1.));
#8923 = ORIENTED_EDGE('',*,*,#5709,.F.);
#8924 = ORIENTED_EDGE('',*,*,#8918,.F.);
#8925 = CYLINDRICAL_SURFACE('',#8926,2.);
#8926 = AXIS2_PLACEMENT_3D('',#8927,#8928,#8929);
#8927 = CARTESIAN_POINT('',(86.985,-95.675,-4.6E-02));
#8928 = DIRECTION('',(-0.,-0.,-1.));
#8929 = DIRECTION('',(-0.,-1.,0.));
#8930 = ADVANCED_FACE('',(#8931),#8942,.F.);
#8931 = FACE_BOUND('',#8932,.T.);
#8932 = EDGE_LOOP('',(#8933,#8934,#8940,#8941));
#8933 = ORIENTED_EDGE('',*,*,#3331,.T.);
#8934 = ORIENTED_EDGE('',*,*,#8935,.T.);
#8935 = EDGE_CURVE('',#3332,#5721,#8936,.T.);
#8936 = LINE('',#8937,#8938);
#8937 = CARTESIAN_POINT('',(83.175,-93.885,-4.6E-02));
#8938 = VECTOR('',#8939,1.);
#8939 = DIRECTION('',(0.,0.,1.));
#8940 = ORIENTED_EDGE('',*,*,#5720,.F.);
#8941 = ORIENTED_EDGE('',*,*,#8935,.F.);
#8942 = CYLINDRICAL_SURFACE('',#8943,0.75);
#8943 = AXIS2_PLACEMENT_3D('',#8944,#8945,#8946);
#8944 = CARTESIAN_POINT('',(83.175,-93.135,-4.6E-02));
#8945 = DIRECTION('',(-0.,-0.,-1.));
#8946 = DIRECTION('',(-0.,-1.,0.));
#8947 = ADVANCED_FACE('',(#8948),#8959,.F.);
#8948 = FACE_BOUND('',#8949,.T.);
#8949 = EDGE_LOOP('',(#8950,#8951,#8957,#8958));
#8950 = ORIENTED_EDGE('',*,*,#3342,.T.);
#8951 = ORIENTED_EDGE('',*,*,#8952,.T.);
#8952 = EDGE_CURVE('',#3343,#5732,#8953,.T.);
#8953 = LINE('',#8954,#8955);
#8954 = CARTESIAN_POINT('',(89.525,-91.345,-4.6E-02));
#8955 = VECTOR('',#8956,1.);
#8956 = DIRECTION('',(0.,0.,1.));
#8957 = ORIENTED_EDGE('',*,*,#5731,.F.);
#8958 = ORIENTED_EDGE('',*,*,#8952,.F.);
#8959 = CYLINDRICAL_SURFACE('',#8960,0.75);
#8960 = AXIS2_PLACEMENT_3D('',#8961,#8962,#8963);
#8961 = CARTESIAN_POINT('',(89.525,-90.595,-4.6E-02));
#8962 = DIRECTION('',(-0.,-0.,-1.));
#8963 = DIRECTION('',(-0.,-1.,0.));
#8964 = ADVANCED_FACE('',(#8965),#8976,.F.);
#8965 = FACE_BOUND('',#8966,.T.);
#8966 = EDGE_LOOP('',(#8967,#8968,#8974,#8975));
#8967 = ORIENTED_EDGE('',*,*,#3353,.T.);
#8968 = ORIENTED_EDGE('',*,*,#8969,.T.);
#8969 = EDGE_CURVE('',#3354,#5743,#8970,.T.);
#8970 = LINE('',#8971,#8972);
#8971 = CARTESIAN_POINT('',(92.065,-96.525,-4.6E-02));
#8972 = VECTOR('',#8973,1.);
#8973 = DIRECTION('',(0.,0.,1.));
#8974 = ORIENTED_EDGE('',*,*,#5742,.F.);
#8975 = ORIENTED_EDGE('',*,*,#8969,.F.);
#8976 = CYLINDRICAL_SURFACE('',#8977,0.85);
#8977 = AXIS2_PLACEMENT_3D('',#8978,#8979,#8980);
#8978 = CARTESIAN_POINT('',(92.065,-95.675,-4.6E-02));
#8979 = DIRECTION('',(-0.,-0.,-1.));
#8980 = DIRECTION('',(-0.,-1.,0.));
#8981 = ADVANCED_FACE('',(#8982),#8993,.F.);
#8982 = FACE_BOUND('',#8983,.T.);
#8983 = EDGE_LOOP('',(#8984,#8985,#8991,#8992));
#8984 = ORIENTED_EDGE('',*,*,#3364,.T.);
#8985 = ORIENTED_EDGE('',*,*,#8986,.T.);
#8986 = EDGE_CURVE('',#3365,#5754,#8987,.T.);
#8987 = LINE('',#8988,#8989);
#8988 = CARTESIAN_POINT('',(107.84,-102.85,-4.6E-02));
#8989 = VECTOR('',#8990,1.);
#8990 = DIRECTION('',(0.,0.,1.));
#8991 = ORIENTED_EDGE('',*,*,#5753,.F.);
#8992 = ORIENTED_EDGE('',*,*,#8986,.F.);
#8993 = CYLINDRICAL_SURFACE('',#8994,0.5);
#8994 = AXIS2_PLACEMENT_3D('',#8995,#8996,#8997);
#8995 = CARTESIAN_POINT('',(107.84,-102.35,-4.6E-02));
#8996 = DIRECTION('',(-0.,-0.,-1.));
#8997 = DIRECTION('',(-0.,-1.,0.));
#8998 = ADVANCED_FACE('',(#8999),#9010,.F.);
#8999 = FACE_BOUND('',#9000,.T.);
#9000 = EDGE_LOOP('',(#9001,#9002,#9008,#9009));
#9001 = ORIENTED_EDGE('',*,*,#3375,.T.);
#9002 = ORIENTED_EDGE('',*,*,#9003,.T.);
#9003 = EDGE_CURVE('',#3376,#5765,#9004,.T.);
#9004 = LINE('',#9005,#9006);
#9005 = CARTESIAN_POINT('',(110.38,-102.85,-4.6E-02));
#9006 = VECTOR('',#9007,1.);
#9007 = DIRECTION('',(0.,0.,1.));
#9008 = ORIENTED_EDGE('',*,*,#5764,.F.);
#9009 = ORIENTED_EDGE('',*,*,#9003,.F.);
#9010 = CYLINDRICAL_SURFACE('',#9011,0.5);
#9011 = AXIS2_PLACEMENT_3D('',#9012,#9013,#9014);
#9012 = CARTESIAN_POINT('',(110.38,-102.35,-4.6E-02));
#9013 = DIRECTION('',(-0.,-0.,-1.));
#9014 = DIRECTION('',(-0.,-1.,0.));
#9015 = ADVANCED_FACE('',(#9016),#9027,.F.);
#9016 = FACE_BOUND('',#9017,.T.);
#9017 = EDGE_LOOP('',(#9018,#9019,#9025,#9026));
#9018 = ORIENTED_EDGE('',*,*,#3386,.T.);
#9019 = ORIENTED_EDGE('',*,*,#9020,.T.);
#9020 = EDGE_CURVE('',#3387,#5776,#9021,.T.);
#9021 = LINE('',#9022,#9023);
#9022 = CARTESIAN_POINT('',(112.92,-102.85,-4.6E-02));
#9023 = VECTOR('',#9024,1.);
#9024 = DIRECTION('',(0.,0.,1.));
#9025 = ORIENTED_EDGE('',*,*,#5775,.F.);
#9026 = ORIENTED_EDGE('',*,*,#9020,.F.);
#9027 = CYLINDRICAL_SURFACE('',#9028,0.5);
#9028 = AXIS2_PLACEMENT_3D('',#9029,#9030,#9031);
#9029 = CARTESIAN_POINT('',(112.92,-102.35,-4.6E-02));
#9030 = DIRECTION('',(-0.,-0.,-1.));
#9031 = DIRECTION('',(-0.,-1.,0.));
#9032 = ADVANCED_FACE('',(#9033),#9044,.F.);
#9033 = FACE_BOUND('',#9034,.T.);
#9034 = EDGE_LOOP('',(#9035,#9036,#9042,#9043));
#9035 = ORIENTED_EDGE('',*,*,#3397,.T.);
#9036 = ORIENTED_EDGE('',*,*,#9037,.T.);
#9037 = EDGE_CURVE('',#3398,#5787,#9038,.T.);
#9038 = LINE('',#9039,#9040);
#9039 = CARTESIAN_POINT('',(124.5186,-109.3007,-4.6E-02));
#9040 = VECTOR('',#9041,1.);
#9041 = DIRECTION('',(0.,0.,1.));
#9042 = ORIENTED_EDGE('',*,*,#5786,.F.);
#9043 = ORIENTED_EDGE('',*,*,#9037,.F.);
#9044 = CYLINDRICAL_SURFACE('',#9045,1.6);
#9045 = AXIS2_PLACEMENT_3D('',#9046,#9047,#9048);
#9046 = CARTESIAN_POINT('',(124.5186,-107.7007,-4.6E-02));
#9047 = DIRECTION('',(-0.,0.,-1.));
#9048 = DIRECTION('',(8.881784197001E-15,-1.,-0.));
#9049 = ADVANCED_FACE('',(#9050),#9061,.F.);
#9050 = FACE_BOUND('',#9051,.T.);
#9051 = EDGE_LOOP('',(#9052,#9053,#9059,#9060));
#9052 = ORIENTED_EDGE('',*,*,#3408,.T.);
#9053 = ORIENTED_EDGE('',*,*,#9054,.T.);
#9054 = EDGE_CURVE('',#3409,#5798,#9055,.T.);
#9055 = LINE('',#9056,#9057);
#9056 = CARTESIAN_POINT('',(115.46,-102.85,-4.6E-02));
#9057 = VECTOR('',#9058,1.);
#9058 = DIRECTION('',(0.,0.,1.));
#9059 = ORIENTED_EDGE('',*,*,#5797,.F.);
#9060 = ORIENTED_EDGE('',*,*,#9054,.F.);
#9061 = CYLINDRICAL_SURFACE('',#9062,0.5);
#9062 = AXIS2_PLACEMENT_3D('',#9063,#9064,#9065);
#9063 = CARTESIAN_POINT('',(115.46,-102.35,-4.6E-02));
#9064 = DIRECTION('',(-0.,-0.,-1.));
#9065 = DIRECTION('',(-0.,-1.,0.));
#9066 = ADVANCED_FACE('',(#9067),#9078,.F.);
#9067 = FACE_BOUND('',#9068,.T.);
#9068 = EDGE_LOOP('',(#9069,#9070,#9076,#9077));
#9069 = ORIENTED_EDGE('',*,*,#3419,.T.);
#9070 = ORIENTED_EDGE('',*,*,#9071,.T.);
#9071 = EDGE_CURVE('',#3420,#5809,#9072,.T.);
#9072 = LINE('',#9073,#9074);
#9073 = CARTESIAN_POINT('',(118.,-102.85,-4.6E-02));
#9074 = VECTOR('',#9075,1.);
#9075 = DIRECTION('',(0.,0.,1.));
#9076 = ORIENTED_EDGE('',*,*,#5808,.F.);
#9077 = ORIENTED_EDGE('',*,*,#9071,.F.);
#9078 = CYLINDRICAL_SURFACE('',#9079,0.5);
#9079 = AXIS2_PLACEMENT_3D('',#9080,#9081,#9082);
#9080 = CARTESIAN_POINT('',(118.,-102.35,-4.6E-02));
#9081 = DIRECTION('',(-0.,-0.,-1.));
#9082 = DIRECTION('',(-0.,-1.,0.));
#9083 = ADVANCED_FACE('',(#9084),#9095,.F.);
#9084 = FACE_BOUND('',#9085,.T.);
#9085 = EDGE_LOOP('',(#9086,#9087,#9093,#9094));
#9086 = ORIENTED_EDGE('',*,*,#3430,.T.);
#9087 = ORIENTED_EDGE('',*,*,#9088,.T.);
#9088 = EDGE_CURVE('',#3431,#5820,#9089,.T.);
#9089 = LINE('',#9090,#9091);
#9090 = CARTESIAN_POINT('',(120.54,-102.85,-4.6E-02));
#9091 = VECTOR('',#9092,1.);
#9092 = DIRECTION('',(0.,0.,1.));
#9093 = ORIENTED_EDGE('',*,*,#5819,.F.);
#9094 = ORIENTED_EDGE('',*,*,#9088,.F.);
#9095 = CYLINDRICAL_SURFACE('',#9096,0.5);
#9096 = AXIS2_PLACEMENT_3D('',#9097,#9098,#9099);
#9097 = CARTESIAN_POINT('',(120.54,-102.35,-4.6E-02));
#9098 = DIRECTION('',(-0.,-0.,-1.));
#9099 = DIRECTION('',(-0.,-1.,0.));
#9100 = ADVANCED_FACE('',(#9101),#9112,.F.);
#9101 = FACE_BOUND('',#9102,.T.);
#9102 = EDGE_LOOP('',(#9103,#9104,#9110,#9111));
#9103 = ORIENTED_EDGE('',*,*,#3441,.T.);
#9104 = ORIENTED_EDGE('',*,*,#9105,.T.);
#9105 = EDGE_CURVE('',#3442,#5831,#9106,.T.);
#9106 = LINE('',#9107,#9108);
#9107 = CARTESIAN_POINT('',(123.08,-102.85,-4.6E-02));
#9108 = VECTOR('',#9109,1.);
#9109 = DIRECTION('',(0.,0.,1.));
#9110 = ORIENTED_EDGE('',*,*,#5830,.F.);
#9111 = ORIENTED_EDGE('',*,*,#9105,.F.);
#9112 = CYLINDRICAL_SURFACE('',#9113,0.5);
#9113 = AXIS2_PLACEMENT_3D('',#9114,#9115,#9116);
#9114 = CARTESIAN_POINT('',(123.08,-102.35,-4.6E-02));
#9115 = DIRECTION('',(-0.,-0.,-1.));
#9116 = DIRECTION('',(-0.,-1.,0.));
#9117 = ADVANCED_FACE('',(#9118),#9134,.F.);
#9118 = FACE_BOUND('',#9119,.T.);
#9119 = EDGE_LOOP('',(#9120,#9126,#9127,#9133));
#9120 = ORIENTED_EDGE('',*,*,#9121,.T.);
#9121 = EDGE_CURVE('',#3453,#5842,#9122,.T.);
#9122 = LINE('',#9123,#9124);
#9123 = CARTESIAN_POINT('',(89.109485,-80.027438,0.));
#9124 = VECTOR('',#9125,1.);
#9125 = DIRECTION('',(0.,0.,1.));
#9126 = ORIENTED_EDGE('',*,*,#5841,.T.);
#9127 = ORIENTED_EDGE('',*,*,#9128,.F.);
#9128 = EDGE_CURVE('',#3455,#5844,#9129,.T.);
#9129 = LINE('',#9130,#9131);
#9130 = CARTESIAN_POINT('',(88.406712,-79.37886,0.));
#9131 = VECTOR('',#9132,1.);
#9132 = DIRECTION('',(0.,0.,1.));
#9133 = ORIENTED_EDGE('',*,*,#3452,.F.);
#9134 = CYLINDRICAL_SURFACE('',#9135,0.499999422661);
#9135 = AXIS2_PLACEMENT_3D('',#9136,#9137,#9138);
#9136 = CARTESIAN_POINT('',(88.658970295513,-79.81056033009,0.));
#9137 = DIRECTION('',(-0.,-0.,-1.));
#9138 = DIRECTION('',(0.901030449374,-0.433755840654,0.));
#9139 = ADVANCED_FACE('',(#9140),#9151,.T.);
#9140 = FACE_BOUND('',#9141,.T.);
#9141 = EDGE_LOOP('',(#9142,#9148,#9149,#9150));
#9142 = ORIENTED_EDGE('',*,*,#9143,.T.);
#9143 = EDGE_CURVE('',#3464,#5853,#9144,.T.);
#9144 = LINE('',#9145,#9146);
#9145 = CARTESIAN_POINT('',(89.06,-80.244316,0.));
#9146 = VECTOR('',#9147,1.);
#9147 = DIRECTION('',(0.,0.,1.));
#9148 = ORIENTED_EDGE('',*,*,#5852,.T.);
#9149 = ORIENTED_EDGE('',*,*,#9121,.F.);
#9150 = ORIENTED_EDGE('',*,*,#3463,.F.);
#9151 = CYLINDRICAL_SURFACE('',#9152,0.499989885034);
#9152 = AXIS2_PLACEMENT_3D('',#9153,#9154,#9155);
#9153 = CARTESIAN_POINT('',(89.559989885031,-80.24431407913,0.));
#9154 = DIRECTION('',(0.,0.,-1.));
#9155 = DIRECTION('',(-0.999999999993,-3.841811392097E-06,-0.));
#9156 = ADVANCED_FACE('',(#9157),#9168,.T.);
#9157 = FACE_BOUND('',#9158,.T.);
#9158 = EDGE_LOOP('',(#9159,#9160,#9161,#9167));
#9159 = ORIENTED_EDGE('',*,*,#9128,.T.);
#9160 = ORIENTED_EDGE('',*,*,#5974,.T.);
#9161 = ORIENTED_EDGE('',*,*,#9162,.F.);
#9162 = EDGE_CURVE('',#3578,#5967,#9163,.T.);
#9163 = LINE('',#9164,#9165);
#9164 = CARTESIAN_POINT('',(88.154454,-79.447159,0.));
#9165 = VECTOR('',#9166,1.);
#9166 = DIRECTION('',(0.,0.,1.));
#9167 = ORIENTED_EDGE('',*,*,#3585,.F.);
#9168 = CYLINDRICAL_SURFACE('',#9169,0.500008729288);
#9169 = AXIS2_PLACEMENT_3D('',#9170,#9171,#9172);
#9170 = CARTESIAN_POINT('',(88.154451343122,-78.94715027071,0.));
#9171 = DIRECTION('',(0.,0.,-1.));
#9172 = DIRECTION('',(0.504512505685,-0.863404384751,0.));
#9173 = ADVANCED_FACE('',(#9174),#9185,.T.);
#9174 = FACE_BOUND('',#9175,.T.);
#9175 = EDGE_LOOP('',(#9176,#9182,#9183,#9184));
#9176 = ORIENTED_EDGE('',*,*,#9177,.T.);
#9177 = EDGE_CURVE('',#3473,#5862,#9178,.T.);
#9178 = LINE('',#9179,#9180);
#9179 = CARTESIAN_POINT('',(89.06,-81.65,0.));
#9180 = VECTOR('',#9181,1.);
#9181 = DIRECTION('',(0.,0.,1.));
#9182 = ORIENTED_EDGE('',*,*,#5861,.T.);
#9183 = ORIENTED_EDGE('',*,*,#9143,.F.);
#9184 = ORIENTED_EDGE('',*,*,#3472,.F.);
#9185 = PLANE('',#9186);
#9186 = AXIS2_PLACEMENT_3D('',#9187,#9188,#9189);
#9187 = CARTESIAN_POINT('',(89.06,-81.65,0.));
#9188 = DIRECTION('',(-1.,0.,0.));
#9189 = DIRECTION('',(0.,1.,0.));
#9190 = ADVANCED_FACE('',(#9191),#9202,.T.);
#9191 = FACE_BOUND('',#9192,.T.);
#9192 = EDGE_LOOP('',(#9193,#9194,#9195,#9201));
#9193 = ORIENTED_EDGE('',*,*,#9162,.T.);
#9194 = ORIENTED_EDGE('',*,*,#5966,.T.);
#9195 = ORIENTED_EDGE('',*,*,#9196,.F.);
#9196 = EDGE_CURVE('',#3569,#5958,#9197,.T.);
#9197 = LINE('',#9198,#9199);
#9198 = CARTESIAN_POINT('',(86.565548,-79.447158,0.));
#9199 = VECTOR('',#9200,1.);
#9200 = DIRECTION('',(0.,0.,1.));
#9201 = ORIENTED_EDGE('',*,*,#3577,.F.);
#9202 = PLANE('',#9203);
#9203 = AXIS2_PLACEMENT_3D('',#9204,#9205,#9206);
#9204 = CARTESIAN_POINT('',(88.154454,-79.447159,0.));
#9205 = DIRECTION('',(-6.29363850017E-07,-1.,0.));
#9206 = DIRECTION('',(-1.,6.29363850017E-07,0.));
#9207 = ADVANCED_FACE('',(#9208),#9219,.T.);
#9208 = FACE_BOUND('',#9209,.T.);
#9209 = EDGE_LOOP('',(#9210,#9216,#9217,#9218));
#9210 = ORIENTED_EDGE('',*,*,#9211,.T.);
#9211 = EDGE_CURVE('',#3481,#5870,#9212,.T.);
#9212 = LINE('',#9213,#9214);
#9213 = CARTESIAN_POINT('',(89.109485,-81.866878,0.));
#9214 = VECTOR('',#9215,1.);
#9215 = DIRECTION('',(0.,0.,1.));
#9216 = ORIENTED_EDGE('',*,*,#5869,.T.);
#9217 = ORIENTED_EDGE('',*,*,#9177,.F.);
#9218 = ORIENTED_EDGE('',*,*,#3480,.F.);
#9219 = CYLINDRICAL_SURFACE('',#9220,0.499989885034);
#9220 = AXIS2_PLACEMENT_3D('',#9221,#9222,#9223);
#9221 = CARTESIAN_POINT('',(89.559989885031,-81.65000192086,0.));
#9222 = DIRECTION('',(0.,0.,-1.));
#9223 = DIRECTION('',(-0.901027997796,-0.43376093322,-0.));
#9224 = ADVANCED_FACE('',(#9225),#9236,.T.);
#9225 = FACE_BOUND('',#9226,.T.);
#9226 = EDGE_LOOP('',(#9227,#9228,#9229,#9235));
#9227 = ORIENTED_EDGE('',*,*,#9196,.T.);
#9228 = ORIENTED_EDGE('',*,*,#5957,.T.);
#9229 = ORIENTED_EDGE('',*,*,#9230,.F.);
#9230 = EDGE_CURVE('',#3560,#5949,#9231,.T.);
#9231 = LINE('',#9232,#9233);
#9232 = CARTESIAN_POINT('',(86.31329,-79.378859,0.));
#9233 = VECTOR('',#9234,1.);
#9234 = DIRECTION('',(0.,0.,1.));
#9235 = ORIENTED_EDGE('',*,*,#3568,.F.);
#9236 = CYLINDRICAL_SURFACE('',#9237,0.500008729288);
#9237 = AXIS2_PLACEMENT_3D('',#9238,#9239,#9240);
#9238 = CARTESIAN_POINT('',(86.565550656878,-78.94714927071,0.));
#9239 = DIRECTION('',(0.,0.,-1.));
#9240 = DIRECTION('',(-5.313662711088E-06,-0.999999999986,-0.));
#9241 = ADVANCED_FACE('',(#9242),#9253,.F.);
#9242 = FACE_BOUND('',#9243,.T.);
#9243 = EDGE_LOOP('',(#9244,#9250,#9251,#9252));
#9244 = ORIENTED_EDGE('',*,*,#9245,.T.);
#9245 = EDGE_CURVE('',#3490,#5879,#9246,.T.);
#9246 = LINE('',#9247,#9248);
#9247 = CARTESIAN_POINT('',(88.406712,-82.515457,0.));
#9248 = VECTOR('',#9249,1.);
#9249 = DIRECTION('',(0.,0.,1.));
#9250 = ORIENTED_EDGE('',*,*,#5878,.T.);
#9251 = ORIENTED_EDGE('',*,*,#9211,.F.);
#9252 = ORIENTED_EDGE('',*,*,#3489,.F.);
#9253 = CYLINDRICAL_SURFACE('',#9254,0.499999448976);
#9254 = AXIS2_PLACEMENT_3D('',#9255,#9256,#9257);
#9255 = CARTESIAN_POINT('',(88.658970904285,-82.08375699515,0.));
#9256 = DIRECTION('',(-0.,-0.,-1.));
#9257 = DIRECTION('',(-0.504518364574,-0.863400961204,0.));
#9258 = ADVANCED_FACE('',(#9259),#9270,.F.);
#9259 = FACE_BOUND('',#9260,.T.);
#9260 = EDGE_LOOP('',(#9261,#9262,#9263,#9269));
#9261 = ORIENTED_EDGE('',*,*,#9230,.T.);
#9262 = ORIENTED_EDGE('',*,*,#5948,.T.);
#9263 = ORIENTED_EDGE('',*,*,#9264,.F.);
#9264 = EDGE_CURVE('',#3551,#5940,#9265,.T.);
#9265 = LINE('',#9266,#9267);
#9266 = CARTESIAN_POINT('',(85.610517,-80.027438,0.));
#9267 = VECTOR('',#9268,1.);
#9268 = DIRECTION('',(0.,0.,1.));
#9269 = ORIENTED_EDGE('',*,*,#3559,.F.);
#9270 = CYLINDRICAL_SURFACE('',#9271,0.499999729127);
#9271 = AXIS2_PLACEMENT_3D('',#9272,#9273,#9274);
#9272 = CARTESIAN_POINT('',(86.061031745676,-79.81055970911,0.));
#9273 = DIRECTION('',(-0.,-0.,-1.));
#9274 = DIRECTION('',(0.504516781969,0.863401885979,-0.));
#9275 = ADVANCED_FACE('',(#9276),#9287,.T.);
#9276 = FACE_BOUND('',#9277,.T.);
#9277 = EDGE_LOOP('',(#9278,#9284,#9285,#9286));
#9278 = ORIENTED_EDGE('',*,*,#9279,.T.);
#9279 = EDGE_CURVE('',#3499,#5888,#9280,.T.);
#9280 = LINE('',#9281,#9282);
#9281 = CARTESIAN_POINT('',(88.154453,-82.447158,0.));
#9282 = VECTOR('',#9283,1.);
#9283 = DIRECTION('',(0.,0.,1.));
#9284 = ORIENTED_EDGE('',*,*,#5887,.T.);
#9285 = ORIENTED_EDGE('',*,*,#9245,.F.);
#9286 = ORIENTED_EDGE('',*,*,#3498,.F.);
#9287 = CYLINDRICAL_SURFACE('',#9288,0.500008729226);
#9288 = AXIS2_PLACEMENT_3D('',#9289,#9290,#9291);
#9289 = CARTESIAN_POINT('',(88.154451343146,-82.94716672922,0.));
#9290 = DIRECTION('',(0.,0.,-1.));
#9291 = DIRECTION('',(3.313649317029E-06,0.999999999995,0.));
#9292 = ADVANCED_FACE('',(#9293),#9304,.T.);
#9293 = FACE_BOUND('',#9294,.T.);
#9294 = EDGE_LOOP('',(#9295,#9296,#9297,#9303));
#9295 = ORIENTED_EDGE('',*,*,#9264,.T.);
#9296 = ORIENTED_EDGE('',*,*,#5939,.T.);
#9297 = ORIENTED_EDGE('',*,*,#9298,.F.);
#9298 = EDGE_CURVE('',#3543,#5932,#9299,.T.);
#9299 = LINE('',#9300,#9301);
#9300 = CARTESIAN_POINT('',(85.660002,-80.244316,0.));
#9301 = VECTOR('',#9302,1.);
#9302 = DIRECTION('',(0.,0.,1.));
#9303 = ORIENTED_EDGE('',*,*,#3550,.F.);
#9304 = CYLINDRICAL_SURFACE('',#9305,0.499989885034);
#9305 = AXIS2_PLACEMENT_3D('',#9306,#9307,#9308);
#9306 = CARTESIAN_POINT('',(85.160012114969,-80.24431407913,0.));
#9307 = DIRECTION('',(0.,0.,-1.));
#9308 = DIRECTION('',(0.901027997796,0.43376093322,0.));
#9309 = ADVANCED_FACE('',(#9310),#9321,.T.);
#9310 = FACE_BOUND('',#9311,.T.);
#9311 = EDGE_LOOP('',(#9312,#9318,#9319,#9320));
#9312 = ORIENTED_EDGE('',*,*,#9313,.T.);
#9313 = EDGE_CURVE('',#3508,#5897,#9314,.T.);
#9314 = LINE('',#9315,#9316);
#9315 = CARTESIAN_POINT('',(86.565549,-82.447158,0.));
#9316 = VECTOR('',#9317,1.);
#9317 = DIRECTION('',(0.,0.,1.));
#9318 = ORIENTED_EDGE('',*,*,#5896,.T.);
#9319 = ORIENTED_EDGE('',*,*,#9279,.F.);
#9320 = ORIENTED_EDGE('',*,*,#3507,.F.);
#9321 = PLANE('',#9322);
#9322 = AXIS2_PLACEMENT_3D('',#9323,#9324,#9325);
#9323 = CARTESIAN_POINT('',(86.565549,-82.447158,0.));
#9324 = DIRECTION('',(0.,1.,0.));
#9325 = DIRECTION('',(1.,0.,0.));
#9326 = ADVANCED_FACE('',(#9327),#9338,.T.);
#9327 = FACE_BOUND('',#9328,.T.);
#9328 = EDGE_LOOP('',(#9329,#9330,#9331,#9337));
#9329 = ORIENTED_EDGE('',*,*,#9298,.T.);
#9330 = ORIENTED_EDGE('',*,*,#5931,.T.);
#9331 = ORIENTED_EDGE('',*,*,#9332,.F.);
#9332 = EDGE_CURVE('',#3534,#5923,#9333,.T.);
#9333 = LINE('',#9334,#9335);
#9334 = CARTESIAN_POINT('',(85.660002,-81.650001,0.));
#9335 = VECTOR('',#9336,1.);
#9336 = DIRECTION('',(0.,0.,1.));
#9337 = ORIENTED_EDGE('',*,*,#3542,.F.);
#9338 = PLANE('',#9339);
#9339 = AXIS2_PLACEMENT_3D('',#9340,#9341,#9342);
#9340 = CARTESIAN_POINT('',(85.660002,-80.244316,0.));
#9341 = DIRECTION('',(1.,0.,-0.));
#9342 = DIRECTION('',(0.,-1.,0.));
#9343 = ADVANCED_FACE('',(#9344),#9355,.T.);
#9344 = FACE_BOUND('',#9345,.T.);
#9345 = EDGE_LOOP('',(#9346,#9352,#9353,#9354));
#9346 = ORIENTED_EDGE('',*,*,#9347,.T.);
#9347 = EDGE_CURVE('',#3516,#5905,#9348,.T.);
#9348 = LINE('',#9349,#9350);
#9349 = CARTESIAN_POINT('',(86.313291,-82.515457,0.));
#9350 = VECTOR('',#9351,1.);
#9351 = DIRECTION('',(0.,0.,1.));
#9352 = ORIENTED_EDGE('',*,*,#5904,.T.);
#9353 = ORIENTED_EDGE('',*,*,#9313,.F.);
#9354 = ORIENTED_EDGE('',*,*,#3515,.F.);
#9355 = CYLINDRICAL_SURFACE('',#9356,0.500008729288);
#9356 = AXIS2_PLACEMENT_3D('',#9357,#9358,#9359);
#9357 = CARTESIAN_POINT('',(86.565551656878,-82.94716672928,0.));
#9358 = DIRECTION('',(0.,0.,-1.));
#9359 = DIRECTION('',(-0.504512505685,0.863404384751,0.));
#9360 = ADVANCED_FACE('',(#9361),#9372,.T.);
#9361 = FACE_BOUND('',#9362,.T.);
#9362 = EDGE_LOOP('',(#9363,#9364,#9365,#9371));
#9363 = ORIENTED_EDGE('',*,*,#9332,.T.);
#9364 = ORIENTED_EDGE('',*,*,#5922,.T.);
#9365 = ORIENTED_EDGE('',*,*,#9366,.F.);
#9366 = EDGE_CURVE('',#3525,#5914,#9367,.T.);
#9367 = LINE('',#9368,#9369);
#9368 = CARTESIAN_POINT('',(85.610517,-81.866878,0.));
#9369 = VECTOR('',#9370,1.);
#9370 = DIRECTION('',(0.,0.,1.));
#9371 = ORIENTED_EDGE('',*,*,#3533,.F.);
#9372 = CYLINDRICAL_SURFACE('',#9373,0.499989884978);
#9373 = AXIS2_PLACEMENT_3D('',#9374,#9375,#9376);
#9374 = CARTESIAN_POINT('',(85.160012115023,-81.65000192088,0.));
#9375 = DIRECTION('',(0.,0.,-1.));
#9376 = DIRECTION('',(0.999999999998,1.841808567778E-06,0.));
#9377 = ADVANCED_FACE('',(#9378),#9384,.F.);
#9378 = FACE_BOUND('',#9379,.T.);
#9379 = EDGE_LOOP('',(#9380,#9381,#9382,#9383));
#9380 = ORIENTED_EDGE('',*,*,#9366,.T.);
#9381 = ORIENTED_EDGE('',*,*,#5913,.T.);
#9382 = ORIENTED_EDGE('',*,*,#9347,.F.);
#9383 = ORIENTED_EDGE('',*,*,#3524,.F.);
#9384 = CYLINDRICAL_SURFACE('',#9385,0.500000669307);
#9385 = AXIS2_PLACEMENT_3D('',#9386,#9387,#9388);
#9386 = CARTESIAN_POINT('',(86.061033535509,-82.08375474043,0.));
#9387 = DIRECTION('',(-0.,-0.,-1.));
#9388 = DIRECTION('',(-0.901031864884,0.433752900236,0.));
#9389 = ADVANCED_FACE('',(#9390),#9401,.F.);
#9390 = FACE_BOUND('',#9391,.T.);
#9391 = EDGE_LOOP('',(#9392,#9393,#9399,#9400));
#9392 = ORIENTED_EDGE('',*,*,#3594,.T.);
#9393 = ORIENTED_EDGE('',*,*,#9394,.T.);
#9394 = EDGE_CURVE('',#3595,#5984,#9395,.T.);
#9395 = LINE('',#9396,#9397);
#9396 = CARTESIAN_POINT('',(81.905,-77.475,-4.6E-02));
#9397 = VECTOR('',#9398,1.);
#9398 = DIRECTION('',(0.,0.,1.));
#9399 = ORIENTED_EDGE('',*,*,#5983,.F.);
#9400 = ORIENTED_EDGE('',*,*,#9394,.F.);
#9401 = CYLINDRICAL_SURFACE('',#9402,0.85);
#9402 = AXIS2_PLACEMENT_3D('',#9403,#9404,#9405);
#9403 = CARTESIAN_POINT('',(81.905,-76.625,-4.6E-02));
#9404 = DIRECTION('',(-0.,-0.,-1.));
#9405 = DIRECTION('',(-0.,-1.,0.));
#9406 = ADVANCED_FACE('',(#9407),#9418,.F.);
#9407 = FACE_BOUND('',#9408,.T.);
#9408 = EDGE_LOOP('',(#9409,#9410,#9416,#9417));
#9409 = ORIENTED_EDGE('',*,*,#3605,.T.);
#9410 = ORIENTED_EDGE('',*,*,#9411,.T.);
#9411 = EDGE_CURVE('',#3606,#5995,#9412,.T.);
#9412 = LINE('',#9413,#9414);
#9413 = CARTESIAN_POINT('',(83.175,-74.835,-4.6E-02));
#9414 = VECTOR('',#9415,1.);
#9415 = DIRECTION('',(0.,0.,1.));
#9416 = ORIENTED_EDGE('',*,*,#5994,.F.);
#9417 = ORIENTED_EDGE('',*,*,#9411,.F.);
#9418 = CYLINDRICAL_SURFACE('',#9419,0.75);
#9419 = AXIS2_PLACEMENT_3D('',#9420,#9421,#9422);
#9420 = CARTESIAN_POINT('',(83.175,-74.085,-4.6E-02));
#9421 = DIRECTION('',(-0.,-0.,-1.));
#9422 = DIRECTION('',(-0.,-1.,0.));
#9423 = ADVANCED_FACE('',(#9424),#9435,.F.);
#9424 = FACE_BOUND('',#9425,.T.);
#9425 = EDGE_LOOP('',(#9426,#9427,#9433,#9434));
#9426 = ORIENTED_EDGE('',*,*,#3616,.T.);
#9427 = ORIENTED_EDGE('',*,*,#9428,.T.);
#9428 = EDGE_CURVE('',#3617,#6006,#9429,.T.);
#9429 = LINE('',#9430,#9431);
#9430 = CARTESIAN_POINT('',(86.985,-78.625,-4.6E-02));
#9431 = VECTOR('',#9432,1.);
#9432 = DIRECTION('',(0.,0.,1.));
#9433 = ORIENTED_EDGE('',*,*,#6005,.F.);
#9434 = ORIENTED_EDGE('',*,*,#9428,.F.);
#9435 = CYLINDRICAL_SURFACE('',#9436,2.);
#9436 = AXIS2_PLACEMENT_3D('',#9437,#9438,#9439);
#9437 = CARTESIAN_POINT('',(86.985,-76.625,-4.6E-02));
#9438 = DIRECTION('',(-0.,-0.,-1.));
#9439 = DIRECTION('',(-0.,-1.,0.));
#9440 = ADVANCED_FACE('',(#9441),#9452,.F.);
#9441 = FACE_BOUND('',#9442,.T.);
#9442 = EDGE_LOOP('',(#9443,#9444,#9450,#9451));
#9443 = ORIENTED_EDGE('',*,*,#3627,.T.);
#9444 = ORIENTED_EDGE('',*,*,#9445,.T.);
#9445 = EDGE_CURVE('',#3628,#6017,#9446,.T.);
#9446 = LINE('',#9447,#9448);
#9447 = CARTESIAN_POINT('',(89.525,-72.295,-4.6E-02));
#9448 = VECTOR('',#9449,1.);
#9449 = DIRECTION('',(0.,0.,1.));
#9450 = ORIENTED_EDGE('',*,*,#6016,.F.);
#9451 = ORIENTED_EDGE('',*,*,#9445,.F.);
#9452 = CYLINDRICAL_SURFACE('',#9453,0.75);
#9453 = AXIS2_PLACEMENT_3D('',#9454,#9455,#9456);
#9454 = CARTESIAN_POINT('',(89.525,-71.545,-4.6E-02));
#9455 = DIRECTION('',(-0.,-0.,-1.));
#9456 = DIRECTION('',(-0.,-1.,0.));
#9457 = ADVANCED_FACE('',(#9458),#9469,.F.);
#9458 = FACE_BOUND('',#9459,.T.);
#9459 = EDGE_LOOP('',(#9460,#9461,#9467,#9468));
#9460 = ORIENTED_EDGE('',*,*,#3638,.T.);
#9461 = ORIENTED_EDGE('',*,*,#9462,.T.);
#9462 = EDGE_CURVE('',#3639,#6028,#9463,.T.);
#9463 = LINE('',#9464,#9465);
#9464 = CARTESIAN_POINT('',(92.065,-77.475,-4.6E-02));
#9465 = VECTOR('',#9466,1.);
#9466 = DIRECTION('',(0.,0.,1.));
#9467 = ORIENTED_EDGE('',*,*,#6027,.F.);
#9468 = ORIENTED_EDGE('',*,*,#9462,.F.);
#9469 = CYLINDRICAL_SURFACE('',#9470,0.85);
#9470 = AXIS2_PLACEMENT_3D('',#9471,#9472,#9473);
#9471 = CARTESIAN_POINT('',(92.065,-76.625,-4.6E-02));
#9472 = DIRECTION('',(-0.,-0.,-1.));
#9473 = DIRECTION('',(-0.,-1.,0.));
#9474 = ADVANCED_FACE('',(#9475),#9486,.F.);
#9475 = FACE_BOUND('',#9476,.T.);
#9476 = EDGE_LOOP('',(#9477,#9478,#9484,#9485));
#9477 = ORIENTED_EDGE('',*,*,#3649,.T.);
#9478 = ORIENTED_EDGE('',*,*,#9479,.T.);
#9479 = EDGE_CURVE('',#3650,#6039,#9480,.T.);
#9480 = LINE('',#9481,#9482);
#9481 = CARTESIAN_POINT('',(107.84,-87.6,-4.6E-02));
#9482 = VECTOR('',#9483,1.);
#9483 = DIRECTION('',(0.,0.,1.));
#9484 = ORIENTED_EDGE('',*,*,#6038,.F.);
#9485 = ORIENTED_EDGE('',*,*,#9479,.F.);
#9486 = CYLINDRICAL_SURFACE('',#9487,0.5);
#9487 = AXIS2_PLACEMENT_3D('',#9488,#9489,#9490);
#9488 = CARTESIAN_POINT('',(107.84,-87.1,-4.6E-02));
#9489 = DIRECTION('',(-0.,-0.,-1.));
#9490 = DIRECTION('',(-0.,-1.,0.));
#9491 = ADVANCED_FACE('',(#9492),#9503,.F.);
#9492 = FACE_BOUND('',#9493,.T.);
#9493 = EDGE_LOOP('',(#9494,#9495,#9501,#9502));
#9494 = ORIENTED_EDGE('',*,*,#3660,.T.);
#9495 = ORIENTED_EDGE('',*,*,#9496,.T.);
#9496 = EDGE_CURVE('',#3661,#6050,#9497,.T.);
#9497 = LINE('',#9498,#9499);
#9498 = CARTESIAN_POINT('',(110.38,-87.6,-4.6E-02));
#9499 = VECTOR('',#9500,1.);
#9500 = DIRECTION('',(0.,0.,1.));
#9501 = ORIENTED_EDGE('',*,*,#6049,.F.);
#9502 = ORIENTED_EDGE('',*,*,#9496,.F.);
#9503 = CYLINDRICAL_SURFACE('',#9504,0.5);
#9504 = AXIS2_PLACEMENT_3D('',#9505,#9506,#9507);
#9505 = CARTESIAN_POINT('',(110.38,-87.1,-4.6E-02));
#9506 = DIRECTION('',(-0.,-0.,-1.));
#9507 = DIRECTION('',(-0.,-1.,0.));
#9508 = ADVANCED_FACE('',(#9509),#9520,.F.);
#9509 = FACE_BOUND('',#9510,.T.);
#9510 = EDGE_LOOP('',(#9511,#9512,#9518,#9519));
#9511 = ORIENTED_EDGE('',*,*,#3671,.T.);
#9512 = ORIENTED_EDGE('',*,*,#9513,.T.);
#9513 = EDGE_CURVE('',#3672,#6061,#9514,.T.);
#9514 = LINE('',#9515,#9516);
#9515 = CARTESIAN_POINT('',(112.92,-87.6,-4.6E-02));
#9516 = VECTOR('',#9517,1.);
#9517 = DIRECTION('',(0.,0.,1.));
#9518 = ORIENTED_EDGE('',*,*,#6060,.F.);
#9519 = ORIENTED_EDGE('',*,*,#9513,.F.);
#9520 = CYLINDRICAL_SURFACE('',#9521,0.5);
#9521 = AXIS2_PLACEMENT_3D('',#9522,#9523,#9524);
#9522 = CARTESIAN_POINT('',(112.92,-87.1,-4.6E-02));
#9523 = DIRECTION('',(-0.,-0.,-1.));
#9524 = DIRECTION('',(-0.,-1.,0.));
#9525 = ADVANCED_FACE('',(#9526),#9537,.F.);
#9526 = FACE_BOUND('',#9527,.T.);
#9527 = EDGE_LOOP('',(#9528,#9529,#9535,#9536));
#9528 = ORIENTED_EDGE('',*,*,#3682,.T.);
#9529 = ORIENTED_EDGE('',*,*,#9530,.T.);
#9530 = EDGE_CURVE('',#3683,#6072,#9531,.T.);
#9531 = LINE('',#9532,#9533);
#9532 = CARTESIAN_POINT('',(105.31,-80.95,-4.6E-02));
#9533 = VECTOR('',#9534,1.);
#9534 = DIRECTION('',(0.,0.,1.));
#9535 = ORIENTED_EDGE('',*,*,#6071,.F.);
#9536 = ORIENTED_EDGE('',*,*,#9530,.F.);
#9537 = CYLINDRICAL_SURFACE('',#9538,0.4);
#9538 = AXIS2_PLACEMENT_3D('',#9539,#9540,#9541);
#9539 = CARTESIAN_POINT('',(105.31,-80.55,-4.6E-02));
#9540 = DIRECTION('',(-0.,-0.,-1.));
#9541 = DIRECTION('',(-0.,-1.,0.));
#9542 = ADVANCED_FACE('',(#9543),#9554,.F.);
#9543 = FACE_BOUND('',#9544,.T.);
#9544 = EDGE_LOOP('',(#9545,#9546,#9552,#9553));
#9545 = ORIENTED_EDGE('',*,*,#3693,.T.);
#9546 = ORIENTED_EDGE('',*,*,#9547,.T.);
#9547 = EDGE_CURVE('',#3694,#6083,#9548,.T.);
#9548 = LINE('',#9549,#9550);
#9549 = CARTESIAN_POINT('',(112.93,-80.95,-4.6E-02));
#9550 = VECTOR('',#9551,1.);
#9551 = DIRECTION('',(0.,0.,1.));
#9552 = ORIENTED_EDGE('',*,*,#6082,.F.);
#9553 = ORIENTED_EDGE('',*,*,#9547,.F.);
#9554 = CYLINDRICAL_SURFACE('',#9555,0.4);
#9555 = AXIS2_PLACEMENT_3D('',#9556,#9557,#9558);
#9556 = CARTESIAN_POINT('',(112.93,-80.55,-4.6E-02));
#9557 = DIRECTION('',(-0.,-0.,-1.));
#9558 = DIRECTION('',(-0.,-1.,0.));
#9559 = ADVANCED_FACE('',(#9560),#9571,.F.);
#9560 = FACE_BOUND('',#9561,.T.);
#9561 = EDGE_LOOP('',(#9562,#9563,#9569,#9570));
#9562 = ORIENTED_EDGE('',*,*,#3704,.T.);
#9563 = ORIENTED_EDGE('',*,*,#9564,.T.);
#9564 = EDGE_CURVE('',#3705,#6094,#9565,.T.);
#9565 = LINE('',#9566,#9567);
#9566 = CARTESIAN_POINT('',(115.46,-87.6,-4.6E-02));
#9567 = VECTOR('',#9568,1.);
#9568 = DIRECTION('',(0.,0.,1.));
#9569 = ORIENTED_EDGE('',*,*,#6093,.F.);
#9570 = ORIENTED_EDGE('',*,*,#9564,.F.);
#9571 = CYLINDRICAL_SURFACE('',#9572,0.5);
#9572 = AXIS2_PLACEMENT_3D('',#9573,#9574,#9575);
#9573 = CARTESIAN_POINT('',(115.46,-87.1,-4.6E-02));
#9574 = DIRECTION('',(-0.,-0.,-1.));
#9575 = DIRECTION('',(-0.,-1.,0.));
#9576 = ADVANCED_FACE('',(#9577),#9588,.F.);
#9577 = FACE_BOUND('',#9578,.T.);
#9578 = EDGE_LOOP('',(#9579,#9580,#9586,#9587));
#9579 = ORIENTED_EDGE('',*,*,#3715,.T.);
#9580 = ORIENTED_EDGE('',*,*,#9581,.T.);
#9581 = EDGE_CURVE('',#3716,#6105,#9582,.T.);
#9582 = LINE('',#9583,#9584);
#9583 = CARTESIAN_POINT('',(118.,-87.6,-4.6E-02));
#9584 = VECTOR('',#9585,1.);
#9585 = DIRECTION('',(0.,0.,1.));
#9586 = ORIENTED_EDGE('',*,*,#6104,.F.);
#9587 = ORIENTED_EDGE('',*,*,#9581,.F.);
#9588 = CYLINDRICAL_SURFACE('',#9589,0.5);
#9589 = AXIS2_PLACEMENT_3D('',#9590,#9591,#9592);
#9590 = CARTESIAN_POINT('',(118.,-87.1,-4.6E-02));
#9591 = DIRECTION('',(-0.,-0.,-1.));
#9592 = DIRECTION('',(-0.,-1.,0.));
#9593 = ADVANCED_FACE('',(#9594),#9605,.F.);
#9594 = FACE_BOUND('',#9595,.T.);
#9595 = EDGE_LOOP('',(#9596,#9597,#9603,#9604));
#9596 = ORIENTED_EDGE('',*,*,#3726,.T.);
#9597 = ORIENTED_EDGE('',*,*,#9598,.T.);
#9598 = EDGE_CURVE('',#3727,#6116,#9599,.T.);
#9599 = LINE('',#9600,#9601);
#9600 = CARTESIAN_POINT('',(120.54,-87.6,-4.6E-02));
#9601 = VECTOR('',#9602,1.);
#9602 = DIRECTION('',(0.,0.,1.));
#9603 = ORIENTED_EDGE('',*,*,#6115,.F.);
#9604 = ORIENTED_EDGE('',*,*,#9598,.F.);
#9605 = CYLINDRICAL_SURFACE('',#9606,0.5);
#9606 = AXIS2_PLACEMENT_3D('',#9607,#9608,#9609);
#9607 = CARTESIAN_POINT('',(120.54,-87.1,-4.6E-02));
#9608 = DIRECTION('',(-0.,-0.,-1.));
#9609 = DIRECTION('',(-0.,-1.,0.));
#9610 = ADVANCED_FACE('',(#9611),#9622,.F.);
#9611 = FACE_BOUND('',#9612,.T.);
#9612 = EDGE_LOOP('',(#9613,#9614,#9620,#9621));
#9613 = ORIENTED_EDGE('',*,*,#3737,.T.);
#9614 = ORIENTED_EDGE('',*,*,#9615,.T.);
#9615 = EDGE_CURVE('',#3738,#6127,#9616,.T.);
#9616 = LINE('',#9617,#9618);
#9617 = CARTESIAN_POINT('',(123.08,-87.6,-4.6E-02));
#9618 = VECTOR('',#9619,1.);
#9619 = DIRECTION('',(0.,0.,1.));
#9620 = ORIENTED_EDGE('',*,*,#6126,.F.);
#9621 = ORIENTED_EDGE('',*,*,#9615,.F.);
#9622 = CYLINDRICAL_SURFACE('',#9623,0.5);
#9623 = AXIS2_PLACEMENT_3D('',#9624,#9625,#9626);
#9624 = CARTESIAN_POINT('',(123.08,-87.1,-4.6E-02));
#9625 = DIRECTION('',(-0.,-0.,-1.));
#9626 = DIRECTION('',(-0.,-1.,0.));
#9627 = ADVANCED_FACE('',(#9628),#9639,.F.);
#9628 = FACE_BOUND('',#9629,.T.);
#9629 = EDGE_LOOP('',(#9630,#9631,#9637,#9638));
#9630 = ORIENTED_EDGE('',*,*,#3748,.T.);
#9631 = ORIENTED_EDGE('',*,*,#9632,.T.);
#9632 = EDGE_CURVE('',#3749,#6138,#9633,.T.);
#9633 = LINE('',#9634,#9635);
#9634 = CARTESIAN_POINT('',(105.31,-74.6375,-4.6E-02));
#9635 = VECTOR('',#9636,1.);
#9636 = DIRECTION('',(0.,0.,1.));
#9637 = ORIENTED_EDGE('',*,*,#6137,.F.);
#9638 = ORIENTED_EDGE('',*,*,#9632,.F.);
#9639 = CYLINDRICAL_SURFACE('',#9640,0.4);
#9640 = AXIS2_PLACEMENT_3D('',#9641,#9642,#9643);
#9641 = CARTESIAN_POINT('',(105.31,-74.2375,-4.6E-02));
#9642 = DIRECTION('',(-0.,-0.,-1.));
#9643 = DIRECTION('',(-0.,-1.,0.));
#9644 = ADVANCED_FACE('',(#9645),#9656,.F.);
#9645 = FACE_BOUND('',#9646,.T.);
#9646 = EDGE_LOOP('',(#9647,#9648,#9654,#9655));
#9647 = ORIENTED_EDGE('',*,*,#3759,.T.);
#9648 = ORIENTED_EDGE('',*,*,#9649,.T.);
#9649 = EDGE_CURVE('',#3760,#6149,#9650,.T.);
#9650 = LINE('',#9651,#9652);
#9651 = CARTESIAN_POINT('',(112.93,-74.6375,-4.6E-02));
#9652 = VECTOR('',#9653,1.);
#9653 = DIRECTION('',(0.,0.,1.));
#9654 = ORIENTED_EDGE('',*,*,#6148,.F.);
#9655 = ORIENTED_EDGE('',*,*,#9649,.F.);
#9656 = CYLINDRICAL_SURFACE('',#9657,0.4);
#9657 = AXIS2_PLACEMENT_3D('',#9658,#9659,#9660);
#9658 = CARTESIAN_POINT('',(112.93,-74.2375,-4.6E-02));
#9659 = DIRECTION('',(-0.,-0.,-1.));
#9660 = DIRECTION('',(-0.,-1.,0.));
#9661 = ADVANCED_FACE('',(#9662),#9673,.F.);
#9662 = FACE_BOUND('',#9663,.T.);
#9663 = EDGE_LOOP('',(#9664,#9665,#9671,#9672));
#9664 = ORIENTED_EDGE('',*,*,#3770,.T.);
#9665 = ORIENTED_EDGE('',*,*,#9666,.T.);
#9666 = EDGE_CURVE('',#3771,#6160,#9667,.T.);
#9667 = LINE('',#9668,#9669);
#9668 = CARTESIAN_POINT('',(105.31,-68.325,-4.6E-02));
#9669 = VECTOR('',#9670,1.);
#9670 = DIRECTION('',(0.,0.,1.));
#9671 = ORIENTED_EDGE('',*,*,#6159,.F.);
#9672 = ORIENTED_EDGE('',*,*,#9666,.F.);
#9673 = CYLINDRICAL_SURFACE('',#9674,0.4);
#9674 = AXIS2_PLACEMENT_3D('',#9675,#9676,#9677);
#9675 = CARTESIAN_POINT('',(105.31,-67.925,-4.6E-02));
#9676 = DIRECTION('',(-0.,-0.,-1.));
#9677 = DIRECTION('',(-0.,-1.,0.));
#9678 = ADVANCED_FACE('',(#9679),#9690,.F.);
#9679 = FACE_BOUND('',#9680,.T.);
#9680 = EDGE_LOOP('',(#9681,#9682,#9688,#9689));
#9681 = ORIENTED_EDGE('',*,*,#3781,.T.);
#9682 = ORIENTED_EDGE('',*,*,#9683,.T.);
#9683 = EDGE_CURVE('',#3782,#6171,#9684,.T.);
#9684 = LINE('',#9685,#9686);
#9685 = CARTESIAN_POINT('',(112.93,-68.325,-4.6E-02));
#9686 = VECTOR('',#9687,1.);
#9687 = DIRECTION('',(0.,0.,1.));
#9688 = ORIENTED_EDGE('',*,*,#6170,.F.);
#9689 = ORIENTED_EDGE('',*,*,#9683,.F.);
#9690 = CYLINDRICAL_SURFACE('',#9691,0.4);
#9691 = AXIS2_PLACEMENT_3D('',#9692,#9693,#9694);
#9692 = CARTESIAN_POINT('',(112.93,-67.925,-4.6E-02));
#9693 = DIRECTION('',(-0.,-0.,-1.));
#9694 = DIRECTION('',(-0.,-1.,0.));
#9695 = ADVANCED_FACE('',(#9696),#9707,.F.);
#9696 = FACE_BOUND('',#9697,.T.);
#9697 = EDGE_LOOP('',(#9698,#9699,#9705,#9706));
#9698 = ORIENTED_EDGE('',*,*,#3792,.T.);
#9699 = ORIENTED_EDGE('',*,*,#9700,.T.);
#9700 = EDGE_CURVE('',#3793,#6182,#9701,.T.);
#9701 = LINE('',#9702,#9703);
#9702 = CARTESIAN_POINT('',(43.805,-58.425,-4.6E-02));
#9703 = VECTOR('',#9704,1.);
#9704 = DIRECTION('',(0.,0.,1.));
#9705 = ORIENTED_EDGE('',*,*,#6181,.F.);
#9706 = ORIENTED_EDGE('',*,*,#9700,.F.);
#9707 = CYLINDRICAL_SURFACE('',#9708,0.85);
#9708 = AXIS2_PLACEMENT_3D('',#9709,#9710,#9711);
#9709 = CARTESIAN_POINT('',(43.805,-57.575,-4.6E-02));
#9710 = DIRECTION('',(-0.,-0.,-1.));
#9711 = DIRECTION('',(-0.,-1.,0.));
#9712 = ADVANCED_FACE('',(#9713),#9729,.F.);
#9713 = FACE_BOUND('',#9714,.T.);
#9714 = EDGE_LOOP('',(#9715,#9721,#9722,#9728));
#9715 = ORIENTED_EDGE('',*,*,#9716,.T.);
#9716 = EDGE_CURVE('',#3804,#6193,#9717,.T.);
#9717 = LINE('',#9718,#9719);
#9718 = CARTESIAN_POINT('',(47.81329,-60.378859,0.));
#9719 = VECTOR('',#9720,1.);
#9720 = DIRECTION('',(0.,0.,1.));
#9721 = ORIENTED_EDGE('',*,*,#6192,.T.);
#9722 = ORIENTED_EDGE('',*,*,#9723,.F.);
#9723 = EDGE_CURVE('',#3806,#6195,#9724,.T.);
#9724 = LINE('',#9725,#9726);
#9725 = CARTESIAN_POINT('',(47.110517,-61.027438,0.));
#9726 = VECTOR('',#9727,1.);
#9727 = DIRECTION('',(0.,0.,1.));
#9728 = ORIENTED_EDGE('',*,*,#3803,.F.);
#9729 = CYLINDRICAL_SURFACE('',#9730,0.499999729127);
#9730 = AXIS2_PLACEMENT_3D('',#9731,#9732,#9733);
#9731 = CARTESIAN_POINT('',(47.561031745676,-60.81055970911,0.));
#9732 = DIRECTION('',(-0.,-0.,-1.));
#9733 = DIRECTION('',(0.504516781969,0.863401885979,-0.));
#9734 = ADVANCED_FACE('',(#9735),#9746,.T.);
#9735 = FACE_BOUND('',#9736,.T.);
#9736 = EDGE_LOOP('',(#9737,#9743,#9744,#9745));
#9737 = ORIENTED_EDGE('',*,*,#9738,.T.);
#9738 = EDGE_CURVE('',#3815,#6204,#9739,.T.);
#9739 = LINE('',#9740,#9741);
#9740 = CARTESIAN_POINT('',(48.065549,-60.447159,0.));
#9741 = VECTOR('',#9742,1.);
#9742 = DIRECTION('',(0.,0.,1.));
#9743 = ORIENTED_EDGE('',*,*,#6203,.T.);
#9744 = ORIENTED_EDGE('',*,*,#9716,.F.);
#9745 = ORIENTED_EDGE('',*,*,#3814,.F.);
#9746 = CYLINDRICAL_SURFACE('',#9747,0.50002311711);
#9747 = AXIS2_PLACEMENT_3D('',#9748,#9749,#9750);
#9748 = CARTESIAN_POINT('',(48.065556263782,-59.94713588294,0.));
#9749 = DIRECTION('',(0.,0.,-1.));
#9750 = DIRECTION('',(-1.452689330345E-05,-0.999999999894,-0.));
#9751 = ADVANCED_FACE('',(#9752),#9763,.T.);
#9752 = FACE_BOUND('',#9753,.T.);
#9753 = EDGE_LOOP('',(#9754,#9755,#9756,#9762));
#9754 = ORIENTED_EDGE('',*,*,#9723,.T.);
#9755 = ORIENTED_EDGE('',*,*,#6325,.T.);
#9756 = ORIENTED_EDGE('',*,*,#9757,.F.);
#9757 = EDGE_CURVE('',#3929,#6318,#9758,.T.);
#9758 = LINE('',#9759,#9760);
#9759 = CARTESIAN_POINT('',(47.160002,-61.244316,0.));
#9760 = VECTOR('',#9761,1.);
#9761 = DIRECTION('',(0.,0.,1.));
#9762 = ORIENTED_EDGE('',*,*,#3936,.F.);
#9763 = CYLINDRICAL_SURFACE('',#9764,0.499989885034);
#9764 = AXIS2_PLACEMENT_3D('',#9765,#9766,#9767);
#9765 = CARTESIAN_POINT('',(46.660012114969,-61.24431407913,0.));
#9766 = DIRECTION('',(0.,0.,-1.));
#9767 = DIRECTION('',(0.901027997796,0.43376093322,0.));
#9768 = ADVANCED_FACE('',(#9769),#9780,.T.);
#9769 = FACE_BOUND('',#9770,.T.);
#9770 = EDGE_LOOP('',(#9771,#9777,#9778,#9779));
#9771 = ORIENTED_EDGE('',*,*,#9772,.T.);
#9772 = EDGE_CURVE('',#3824,#6213,#9773,.T.);
#9773 = LINE('',#9774,#9775);
#9774 = CARTESIAN_POINT('',(49.654454,-60.447159,0.));
#9775 = VECTOR('',#9776,1.);
#9776 = DIRECTION('',(0.,0.,1.));
#9777 = ORIENTED_EDGE('',*,*,#6212,.T.);
#9778 = ORIENTED_EDGE('',*,*,#9738,.F.);
#9779 = ORIENTED_EDGE('',*,*,#3823,.F.);
#9780 = PLANE('',#9781);
#9781 = AXIS2_PLACEMENT_3D('',#9782,#9783,#9784);
#9782 = CARTESIAN_POINT('',(49.654454,-60.447159,0.));
#9783 = DIRECTION('',(0.,-1.,0.));
#9784 = DIRECTION('',(-1.,0.,0.));
#9785 = ADVANCED_FACE('',(#9786),#9797,.T.);
#9786 = FACE_BOUND('',#9787,.T.);
#9787 = EDGE_LOOP('',(#9788,#9789,#9790,#9796));
#9788 = ORIENTED_EDGE('',*,*,#9757,.T.);
#9789 = ORIENTED_EDGE('',*,*,#6317,.T.);
#9790 = ORIENTED_EDGE('',*,*,#9791,.F.);
#9791 = EDGE_CURVE('',#3920,#6309,#9792,.T.);
#9792 = LINE('',#9793,#9794);
#9793 = CARTESIAN_POINT('',(47.160002,-62.65,0.));
#9794 = VECTOR('',#9795,1.);
#9795 = DIRECTION('',(0.,0.,1.));
#9796 = ORIENTED_EDGE('',*,*,#3928,.F.);
#9797 = PLANE('',#9798);
#9798 = AXIS2_PLACEMENT_3D('',#9799,#9800,#9801);
#9799 = CARTESIAN_POINT('',(47.160002,-61.244316,0.));
#9800 = DIRECTION('',(1.,0.,-0.));
#9801 = DIRECTION('',(0.,-1.,0.));
#9802 = ADVANCED_FACE('',(#9803),#9814,.T.);
#9803 = FACE_BOUND('',#9804,.T.);
#9804 = EDGE_LOOP('',(#9805,#9811,#9812,#9813));
#9805 = ORIENTED_EDGE('',*,*,#9806,.T.);
#9806 = EDGE_CURVE('',#3832,#6221,#9807,.T.);
#9807 = LINE('',#9808,#9809);
#9808 = CARTESIAN_POINT('',(49.906712,-60.37886,0.));
#9809 = VECTOR('',#9810,1.);
#9810 = DIRECTION('',(0.,0.,1.));
#9811 = ORIENTED_EDGE('',*,*,#6220,.T.);
#9812 = ORIENTED_EDGE('',*,*,#9772,.F.);
#9813 = ORIENTED_EDGE('',*,*,#3831,.F.);
#9814 = CYLINDRICAL_SURFACE('',#9815,0.500008729288);
#9815 = AXIS2_PLACEMENT_3D('',#9816,#9817,#9818);
#9816 = CARTESIAN_POINT('',(49.654451343122,-59.94715027071,0.));
#9817 = DIRECTION('',(0.,0.,-1.));
#9818 = DIRECTION('',(0.504512505685,-0.863404384751,0.));
#9819 = ADVANCED_FACE('',(#9820),#9831,.T.);
#9820 = FACE_BOUND('',#9821,.T.);
#9821 = EDGE_LOOP('',(#9822,#9823,#9824,#9830));
#9822 = ORIENTED_EDGE('',*,*,#9791,.T.);
#9823 = ORIENTED_EDGE('',*,*,#6308,.T.);
#9824 = ORIENTED_EDGE('',*,*,#9825,.F.);
#9825 = EDGE_CURVE('',#3911,#6300,#9826,.T.);
#9826 = LINE('',#9827,#9828);
#9827 = CARTESIAN_POINT('',(47.110517,-62.866878,0.));
#9828 = VECTOR('',#9829,1.);
#9829 = DIRECTION('',(0.,0.,1.));
#9830 = ORIENTED_EDGE('',*,*,#3919,.F.);
#9831 = CYLINDRICAL_SURFACE('',#9832,0.499989885034);
#9832 = AXIS2_PLACEMENT_3D('',#9833,#9834,#9835);
#9833 = CARTESIAN_POINT('',(46.66001211497,-62.65000192086,0.));
#9834 = DIRECTION('',(0.,0.,-1.));
#9835 = DIRECTION('',(0.999999999993,3.841811491576E-06,0.));
#9836 = ADVANCED_FACE('',(#9837),#9848,.F.);
#9837 = FACE_BOUND('',#9838,.T.);
#9838 = EDGE_LOOP('',(#9839,#9845,#9846,#9847));
#9839 = ORIENTED_EDGE('',*,*,#9840,.T.);
#9840 = EDGE_CURVE('',#3841,#6230,#9841,.T.);
#9841 = LINE('',#9842,#9843);
#9842 = CARTESIAN_POINT('',(50.609485,-61.027438,0.));
#9843 = VECTOR('',#9844,1.);
#9844 = DIRECTION('',(0.,0.,1.));
#9845 = ORIENTED_EDGE('',*,*,#6229,.T.);
#9846 = ORIENTED_EDGE('',*,*,#9806,.F.);
#9847 = ORIENTED_EDGE('',*,*,#3840,.F.);
#9848 = CYLINDRICAL_SURFACE('',#9849,0.499999422661);
#9849 = AXIS2_PLACEMENT_3D('',#9850,#9851,#9852);
#9850 = CARTESIAN_POINT('',(50.158970295513,-60.81056033009,0.));
#9851 = DIRECTION('',(-0.,-0.,-1.));
#9852 = DIRECTION('',(0.901030449374,-0.433755840654,0.));
#9853 = ADVANCED_FACE('',(#9854),#9865,.F.);
#9854 = FACE_BOUND('',#9855,.T.);
#9855 = EDGE_LOOP('',(#9856,#9857,#9858,#9864));
#9856 = ORIENTED_EDGE('',*,*,#9825,.T.);
#9857 = ORIENTED_EDGE('',*,*,#6299,.T.);
#9858 = ORIENTED_EDGE('',*,*,#9859,.F.);
#9859 = EDGE_CURVE('',#3902,#6291,#9860,.T.);
#9860 = LINE('',#9861,#9862);
#9861 = CARTESIAN_POINT('',(47.81329,-63.515455,0.));
#9862 = VECTOR('',#9863,1.);
#9863 = DIRECTION('',(0.,0.,1.));
#9864 = ORIENTED_EDGE('',*,*,#3910,.F.);
#9865 = CYLINDRICAL_SURFACE('',#9866,0.499999092786);
#9866 = AXIS2_PLACEMENT_3D('',#9867,#9868,#9869);
#9867 = CARTESIAN_POINT('',(47.561031608988,-63.08375510777,0.));
#9868 = DIRECTION('',(-0.,-0.,-1.));
#9869 = DIRECTION('',(-0.901030852831,0.43375500256,0.));
#9870 = ADVANCED_FACE('',(#9871),#9882,.T.);
#9871 = FACE_BOUND('',#9872,.T.);
#9872 = EDGE_LOOP('',(#9873,#9879,#9880,#9881));
#9873 = ORIENTED_EDGE('',*,*,#9874,.T.);
#9874 = EDGE_CURVE('',#3850,#6239,#9875,.T.);
#9875 = LINE('',#9876,#9877);
#9876 = CARTESIAN_POINT('',(50.56,-61.244316,0.));
#9877 = VECTOR('',#9878,1.);
#9878 = DIRECTION('',(0.,0.,1.));
#9879 = ORIENTED_EDGE('',*,*,#6238,.T.);
#9880 = ORIENTED_EDGE('',*,*,#9840,.F.);
#9881 = ORIENTED_EDGE('',*,*,#3849,.F.);
#9882 = CYLINDRICAL_SURFACE('',#9883,0.499989885034);
#9883 = AXIS2_PLACEMENT_3D('',#9884,#9885,#9886);
#9884 = CARTESIAN_POINT('',(51.059989885031,-61.24431407913,0.));
#9885 = DIRECTION('',(0.,0.,-1.));
#9886 = DIRECTION('',(-0.999999999993,-3.841811463153E-06,-0.));
#9887 = ADVANCED_FACE('',(#9888),#9899,.T.);
#9888 = FACE_BOUND('',#9889,.T.);
#9889 = EDGE_LOOP('',(#9890,#9891,#9892,#9898));
#9890 = ORIENTED_EDGE('',*,*,#9859,.T.);
#9891 = ORIENTED_EDGE('',*,*,#6290,.T.);
#9892 = ORIENTED_EDGE('',*,*,#9893,.F.);
#9893 = EDGE_CURVE('',#3894,#6283,#9894,.T.);
#9894 = LINE('',#9895,#9896);
#9895 = CARTESIAN_POINT('',(48.065549,-63.447158,0.));
#9896 = VECTOR('',#9897,1.);
#9897 = DIRECTION('',(0.,0.,1.));
#9898 = ORIENTED_EDGE('',*,*,#3901,.F.);
#9899 = CYLINDRICAL_SURFACE('',#9900,0.500040834725);
#9900 = AXIS2_PLACEMENT_3D('',#9901,#9902,#9903);
#9901 = CARTESIAN_POINT('',(48.065555926377,-63.94719883467,0.));
#9902 = DIRECTION('',(0.,0.,-1.));
#9903 = DIRECTION('',(-0.50449065128,0.86341715455,0.));
#9904 = ADVANCED_FACE('',(#9905),#9916,.T.);
#9905 = FACE_BOUND('',#9906,.T.);
#9906 = EDGE_LOOP('',(#9907,#9913,#9914,#9915));
#9907 = ORIENTED_EDGE('',*,*,#9908,.T.);
#9908 = EDGE_CURVE('',#3859,#6248,#9909,.T.);
#9909 = LINE('',#9910,#9911);
#9910 = CARTESIAN_POINT('',(50.56,-62.65,0.));
#9911 = VECTOR('',#9912,1.);
#9912 = DIRECTION('',(0.,0.,1.));
#9913 = ORIENTED_EDGE('',*,*,#6247,.T.);
#9914 = ORIENTED_EDGE('',*,*,#9874,.F.);
#9915 = ORIENTED_EDGE('',*,*,#3858,.F.);
#9916 = PLANE('',#9917);
#9917 = AXIS2_PLACEMENT_3D('',#9918,#9919,#9920);
#9918 = CARTESIAN_POINT('',(50.56,-62.65,0.));
#9919 = DIRECTION('',(-1.,0.,0.));
#9920 = DIRECTION('',(0.,1.,0.));
#9921 = ADVANCED_FACE('',(#9922),#9933,.T.);
#9922 = FACE_BOUND('',#9923,.T.);
#9923 = EDGE_LOOP('',(#9924,#9925,#9926,#9932));
#9924 = ORIENTED_EDGE('',*,*,#9893,.T.);
#9925 = ORIENTED_EDGE('',*,*,#6282,.T.);
#9926 = ORIENTED_EDGE('',*,*,#9927,.F.);
#9927 = EDGE_CURVE('',#3885,#6274,#9928,.T.);
#9928 = LINE('',#9929,#9930);
#9929 = CARTESIAN_POINT('',(49.654453,-63.447158,0.));
#9930 = VECTOR('',#9931,1.);
#9931 = DIRECTION('',(0.,0.,1.));
#9932 = ORIENTED_EDGE('',*,*,#3893,.F.);
#9933 = PLANE('',#9934);
#9934 = AXIS2_PLACEMENT_3D('',#9935,#9936,#9937);
#9935 = CARTESIAN_POINT('',(48.065549,-63.447158,0.));
#9936 = DIRECTION('',(0.,1.,0.));
#9937 = DIRECTION('',(1.,0.,0.));
#9938 = ADVANCED_FACE('',(#9939),#9950,.T.);
#9939 = FACE_BOUND('',#9940,.T.);
#9940 = EDGE_LOOP('',(#9941,#9947,#9948,#9949));
#9941 = ORIENTED_EDGE('',*,*,#9942,.T.);
#9942 = EDGE_CURVE('',#3867,#6256,#9943,.T.);
#9943 = LINE('',#9944,#9945);
#9944 = CARTESIAN_POINT('',(50.609485,-62.866877,0.));
#9945 = VECTOR('',#9946,1.);
#9946 = DIRECTION('',(0.,0.,1.));
#9947 = ORIENTED_EDGE('',*,*,#6255,.T.);
#9948 = ORIENTED_EDGE('',*,*,#9908,.F.);
#9949 = ORIENTED_EDGE('',*,*,#3866,.F.);
#9950 = CYLINDRICAL_SURFACE('',#9951,0.49998122973);
#9951 = AXIS2_PLACEMENT_3D('',#9952,#9953,#9954);
#9952 = CARTESIAN_POINT('',(51.059981229722,-62.65000289576,0.));
#9953 = DIRECTION('',(0.,0.,-1.));
#9954 = DIRECTION('',(-0.901026284457,-0.433764492229,-0.));
#9955 = ADVANCED_FACE('',(#9956),#9967,.T.);
#9956 = FACE_BOUND('',#9957,.T.);
#9957 = EDGE_LOOP('',(#9958,#9959,#9960,#9966));
#9958 = ORIENTED_EDGE('',*,*,#9927,.T.);
#9959 = ORIENTED_EDGE('',*,*,#6273,.T.);
#9960 = ORIENTED_EDGE('',*,*,#9961,.F.);
#9961 = EDGE_CURVE('',#3876,#6265,#9962,.T.);
#9962 = LINE('',#9963,#9964);
#9963 = CARTESIAN_POINT('',(49.906712,-63.515457,0.));
#9964 = VECTOR('',#9965,1.);
#9965 = DIRECTION('',(0.,0.,1.));
#9966 = ORIENTED_EDGE('',*,*,#3884,.F.);
#9967 = CYLINDRICAL_SURFACE('',#9968,0.500008729226);
#9968 = AXIS2_PLACEMENT_3D('',#9969,#9970,#9971);
#9969 = CARTESIAN_POINT('',(49.654451343146,-63.94716672922,0.));
#9970 = DIRECTION('',(0.,0.,-1.));
#9971 = DIRECTION('',(3.313649260187E-06,0.999999999995,0.));
#9972 = ADVANCED_FACE('',(#9973),#9979,.F.);
#9973 = FACE_BOUND('',#9974,.T.);
#9974 = EDGE_LOOP('',(#9975,#9976,#9977,#9978));
#9975 = ORIENTED_EDGE('',*,*,#9961,.T.);
#9976 = ORIENTED_EDGE('',*,*,#6264,.T.);
#9977 = ORIENTED_EDGE('',*,*,#9942,.F.);
#9978 = ORIENTED_EDGE('',*,*,#3875,.F.);
#9979 = CYLINDRICAL_SURFACE('',#9980,0.499999755443);
#9980 = AXIS2_PLACEMENT_3D('',#9981,#9982,#9983);
#9981 = CARTESIAN_POINT('',(50.158970863096,-63.08375661613,0.));
#9982 = DIRECTION('',(-0.,-0.,-1.));
#9983 = DIRECTION('',(-0.50451797296,-0.863401190039,0.));
#9984 = ADVANCED_FACE('',(#9985),#9996,.F.);
#9985 = FACE_BOUND('',#9986,.T.);
#9986 = EDGE_LOOP('',(#9987,#9988,#9994,#9995));
#9987 = ORIENTED_EDGE('',*,*,#3945,.T.);
#9988 = ORIENTED_EDGE('',*,*,#9989,.T.);
#9989 = EDGE_CURVE('',#3946,#6335,#9990,.T.);
#9990 = LINE('',#9991,#9992);
#9991 = CARTESIAN_POINT('',(48.885,-59.575,-4.6E-02));
#9992 = VECTOR('',#9993,1.);
#9993 = DIRECTION('',(0.,0.,1.));
#9994 = ORIENTED_EDGE('',*,*,#6334,.F.);
#9995 = ORIENTED_EDGE('',*,*,#9989,.F.);
#9996 = CYLINDRICAL_SURFACE('',#9997,2.);
#9997 = AXIS2_PLACEMENT_3D('',#9998,#9999,#10000);
#9998 = CARTESIAN_POINT('',(48.885,-57.575,-4.6E-02));
#9999 = DIRECTION('',(-0.,-0.,-1.));
#10000 = DIRECTION('',(-0.,-1.,0.));
#10001 = ADVANCED_FACE('',(#10002),#10013,.F.);
#10002 = FACE_BOUND('',#10003,.T.);
#10003 = EDGE_LOOP('',(#10004,#10005,#10011,#10012));
#10004 = ORIENTED_EDGE('',*,*,#3956,.T.);
#10005 = ORIENTED_EDGE('',*,*,#10006,.T.);
#10006 = EDGE_CURVE('',#3957,#6346,#10007,.T.);
#10007 = LINE('',#10008,#10009);
#10008 = CARTESIAN_POINT('',(53.965,-58.425,-4.6E-02));
#10009 = VECTOR('',#10010,1.);
#10010 = DIRECTION('',(0.,0.,1.));
#10011 = ORIENTED_EDGE('',*,*,#6345,.F.);
#10012 = ORIENTED_EDGE('',*,*,#10006,.F.);
#10013 = CYLINDRICAL_SURFACE('',#10014,0.85);
#10014 = AXIS2_PLACEMENT_3D('',#10015,#10016,#10017);
#10015 = CARTESIAN_POINT('',(53.965,-57.575,-4.6E-02));
#10016 = DIRECTION('',(-0.,-0.,-1.));
#10017 = DIRECTION('',(-0.,-1.,0.));
#10018 = ADVANCED_FACE('',(#10019),#10030,.F.);
#10019 = FACE_BOUND('',#10020,.T.);
#10020 = EDGE_LOOP('',(#10021,#10022,#10028,#10029));
#10021 = ORIENTED_EDGE('',*,*,#3967,.T.);
#10022 = ORIENTED_EDGE('',*,*,#10023,.T.);
#10023 = EDGE_CURVE('',#3968,#6357,#10024,.T.);
#10024 = LINE('',#10025,#10026);
#10025 = CARTESIAN_POINT('',(45.075,-55.785,-4.6E-02));
#10026 = VECTOR('',#10027,1.);
#10027 = DIRECTION('',(0.,0.,1.));
#10028 = ORIENTED_EDGE('',*,*,#6356,.F.);
#10029 = ORIENTED_EDGE('',*,*,#10023,.F.);
#10030 = CYLINDRICAL_SURFACE('',#10031,0.75);
#10031 = AXIS2_PLACEMENT_3D('',#10032,#10033,#10034);
#10032 = CARTESIAN_POINT('',(45.075,-55.035,-4.6E-02));
#10033 = DIRECTION('',(-0.,-0.,-1.));
#10034 = DIRECTION('',(-0.,-1.,0.));
#10035 = ADVANCED_FACE('',(#10036),#10047,.F.);
#10036 = FACE_BOUND('',#10037,.T.);
#10037 = EDGE_LOOP('',(#10038,#10039,#10045,#10046));
#10038 = ORIENTED_EDGE('',*,*,#3978,.T.);
#10039 = ORIENTED_EDGE('',*,*,#10040,.T.);
#10040 = EDGE_CURVE('',#3979,#6368,#10041,.T.);
#10041 = LINE('',#10042,#10043);
#10042 = CARTESIAN_POINT('',(51.425,-53.245,-4.6E-02));
#10043 = VECTOR('',#10044,1.);
#10044 = DIRECTION('',(0.,0.,1.));
#10045 = ORIENTED_EDGE('',*,*,#6367,.F.);
#10046 = ORIENTED_EDGE('',*,*,#10040,.F.);
#10047 = CYLINDRICAL_SURFACE('',#10048,0.75);
#10048 = AXIS2_PLACEMENT_3D('',#10049,#10050,#10051);
#10049 = CARTESIAN_POINT('',(51.425,-52.495,-4.6E-02));
#10050 = DIRECTION('',(-0.,-0.,-1.));
#10051 = DIRECTION('',(-0.,-1.,0.));
#10052 = ADVANCED_FACE('',(#10053),#10069,.F.);
#10053 = FACE_BOUND('',#10054,.T.);
#10054 = EDGE_LOOP('',(#10055,#10061,#10062,#10068));
#10055 = ORIENTED_EDGE('',*,*,#10056,.T.);
#10056 = EDGE_CURVE('',#3990,#6379,#10057,.T.);
#10057 = LINE('',#10058,#10059);
#10058 = CARTESIAN_POINT('',(69.609485,-61.527438,0.));
#10059 = VECTOR('',#10060,1.);
#10060 = DIRECTION('',(0.,0.,1.));
#10061 = ORIENTED_EDGE('',*,*,#6378,.T.);
#10062 = ORIENTED_EDGE('',*,*,#10063,.F.);
#10063 = EDGE_CURVE('',#3992,#6381,#10064,.T.);
#10064 = LINE('',#10065,#10066);
#10065 = CARTESIAN_POINT('',(68.906712,-60.87886,0.));
#10066 = VECTOR('',#10067,1.);
#10067 = DIRECTION('',(0.,0.,1.));
#10068 = ORIENTED_EDGE('',*,*,#3989,.F.);
#10069 = CYLINDRICAL_SURFACE('',#10070,0.499999422661);
#10070 = AXIS2_PLACEMENT_3D('',#10071,#10072,#10073);
#10071 = CARTESIAN_POINT('',(69.158970295513,-61.31056033009,0.));
#10072 = DIRECTION('',(-0.,-0.,-1.));
#10073 = DIRECTION('',(0.901030449374,-0.433755840654,0.));
#10074 = ADVANCED_FACE('',(#10075),#10086,.T.);
#10075 = FACE_BOUND('',#10076,.T.);
#10076 = EDGE_LOOP('',(#10077,#10083,#10084,#10085));
#10077 = ORIENTED_EDGE('',*,*,#10078,.T.);
#10078 = EDGE_CURVE('',#4001,#6390,#10079,.T.);
#10079 = LINE('',#10080,#10081);
#10080 = CARTESIAN_POINT('',(69.56,-61.744316,0.));
#10081 = VECTOR('',#10082,1.);
#10082 = DIRECTION('',(0.,0.,1.));
#10083 = ORIENTED_EDGE('',*,*,#6389,.T.);
#10084 = ORIENTED_EDGE('',*,*,#10056,.F.);
#10085 = ORIENTED_EDGE('',*,*,#4000,.F.);
#10086 = CYLINDRICAL_SURFACE('',#10087,0.499989885034);
#10087 = AXIS2_PLACEMENT_3D('',#10088,#10089,#10090);
#10088 = CARTESIAN_POINT('',(70.059989885031,-61.74431407913,0.));
#10089 = DIRECTION('',(0.,0.,-1.));
#10090 = DIRECTION('',(-0.999999999993,-3.841811363674E-06,-0.));
#10091 = ADVANCED_FACE('',(#10092),#10103,.T.);
#10092 = FACE_BOUND('',#10093,.T.);
#10093 = EDGE_LOOP('',(#10094,#10095,#10096,#10102));
#10094 = ORIENTED_EDGE('',*,*,#10063,.T.);
#10095 = ORIENTED_EDGE('',*,*,#6511,.T.);
#10096 = ORIENTED_EDGE('',*,*,#10097,.F.);
#10097 = EDGE_CURVE('',#4115,#6504,#10098,.T.);
#10098 = LINE('',#10099,#10100);
#10099 = CARTESIAN_POINT('',(68.654454,-60.947159,0.));
#10100 = VECTOR('',#10101,1.);
#10101 = DIRECTION('',(0.,0.,1.));
#10102 = ORIENTED_EDGE('',*,*,#4122,.F.);
#10103 = CYLINDRICAL_SURFACE('',#10104,0.500008729288);
#10104 = AXIS2_PLACEMENT_3D('',#10105,#10106,#10107);
#10105 = CARTESIAN_POINT('',(68.654451343122,-60.44715027071,0.));
#10106 = DIRECTION('',(0.,0.,-1.));
#10107 = DIRECTION('',(0.504512505685,-0.863404384751,0.));
#10108 = ADVANCED_FACE('',(#10109),#10120,.T.);
#10109 = FACE_BOUND('',#10110,.T.);
#10110 = EDGE_LOOP('',(#10111,#10117,#10118,#10119));
#10111 = ORIENTED_EDGE('',*,*,#10112,.T.);
#10112 = EDGE_CURVE('',#4010,#6399,#10113,.T.);
#10113 = LINE('',#10114,#10115);
#10114 = CARTESIAN_POINT('',(69.56,-63.15,0.));
#10115 = VECTOR('',#10116,1.);
#10116 = DIRECTION('',(0.,0.,1.));
#10117 = ORIENTED_EDGE('',*,*,#6398,.T.);
#10118 = ORIENTED_EDGE('',*,*,#10078,.F.);
#10119 = ORIENTED_EDGE('',*,*,#4009,.F.);
#10120 = PLANE('',#10121);
#10121 = AXIS2_PLACEMENT_3D('',#10122,#10123,#10124);
#10122 = CARTESIAN_POINT('',(69.56,-63.15,0.));
#10123 = DIRECTION('',(-1.,0.,0.));
#10124 = DIRECTION('',(0.,1.,0.));
#10125 = ADVANCED_FACE('',(#10126),#10137,.T.);
#10126 = FACE_BOUND('',#10127,.T.);
#10127 = EDGE_LOOP('',(#10128,#10129,#10130,#10136));
#10128 = ORIENTED_EDGE('',*,*,#10097,.T.);
#10129 = ORIENTED_EDGE('',*,*,#6503,.T.);
#10130 = ORIENTED_EDGE('',*,*,#10131,.F.);
#10131 = EDGE_CURVE('',#4106,#6495,#10132,.T.);
#10132 = LINE('',#10133,#10134);
#10133 = CARTESIAN_POINT('',(67.065548,-60.947158,0.));
#10134 = VECTOR('',#10135,1.);
#10135 = DIRECTION('',(0.,0.,1.));
#10136 = ORIENTED_EDGE('',*,*,#4114,.F.);
#10137 = PLANE('',#10138);
#10138 = AXIS2_PLACEMENT_3D('',#10139,#10140,#10141);
#10139 = CARTESIAN_POINT('',(68.654454,-60.947159,0.));
#10140 = DIRECTION('',(-6.29363850017E-07,-1.,0.));
#10141 = DIRECTION('',(-1.,6.29363850017E-07,0.));
#10142 = ADVANCED_FACE('',(#10143),#10154,.T.);
#10143 = FACE_BOUND('',#10144,.T.);
#10144 = EDGE_LOOP('',(#10145,#10151,#10152,#10153));
#10145 = ORIENTED_EDGE('',*,*,#10146,.T.);
#10146 = EDGE_CURVE('',#4018,#6407,#10147,.T.);
#10147 = LINE('',#10148,#10149);
#10148 = CARTESIAN_POINT('',(69.609485,-63.366878,0.));
#10149 = VECTOR('',#10150,1.);
#10150 = DIRECTION('',(0.,0.,1.));
#10151 = ORIENTED_EDGE('',*,*,#6406,.T.);
#10152 = ORIENTED_EDGE('',*,*,#10112,.F.);
#10153 = ORIENTED_EDGE('',*,*,#4017,.F.);
#10154 = CYLINDRICAL_SURFACE('',#10155,0.499989885034);
#10155 = AXIS2_PLACEMENT_3D('',#10156,#10157,#10158);
#10156 = CARTESIAN_POINT('',(70.059989885031,-63.15000192086,0.));
#10157 = DIRECTION('',(0.,0.,-1.));
#10158 = DIRECTION('',(-0.901027997796,-0.43376093322,-0.));
#10159 = ADVANCED_FACE('',(#10160),#10171,.T.);
#10160 = FACE_BOUND('',#10161,.T.);
#10161 = EDGE_LOOP('',(#10162,#10163,#10164,#10170));
#10162 = ORIENTED_EDGE('',*,*,#10131,.T.);
#10163 = ORIENTED_EDGE('',*,*,#6494,.T.);
#10164 = ORIENTED_EDGE('',*,*,#10165,.F.);
#10165 = EDGE_CURVE('',#4097,#6486,#10166,.T.);
#10166 = LINE('',#10167,#10168);
#10167 = CARTESIAN_POINT('',(66.81329,-60.878859,0.));
#10168 = VECTOR('',#10169,1.);
#10169 = DIRECTION('',(0.,0.,1.));
#10170 = ORIENTED_EDGE('',*,*,#4105,.F.);
#10171 = CYLINDRICAL_SURFACE('',#10172,0.500008729288);
#10172 = AXIS2_PLACEMENT_3D('',#10173,#10174,#10175);
#10173 = CARTESIAN_POINT('',(67.065550656878,-60.44714927071,0.));
#10174 = DIRECTION('',(0.,0.,-1.));
#10175 = DIRECTION('',(-5.313662796351E-06,-0.999999999986,-0.));
#10176 = ADVANCED_FACE('',(#10177),#10188,.F.);
#10177 = FACE_BOUND('',#10178,.T.);
#10178 = EDGE_LOOP('',(#10179,#10185,#10186,#10187));
#10179 = ORIENTED_EDGE('',*,*,#10180,.T.);
#10180 = EDGE_CURVE('',#4027,#6416,#10181,.T.);
#10181 = LINE('',#10182,#10183);
#10182 = CARTESIAN_POINT('',(68.906712,-64.015457,0.));
#10183 = VECTOR('',#10184,1.);
#10184 = DIRECTION('',(0.,0.,1.));
#10185 = ORIENTED_EDGE('',*,*,#6415,.T.);
#10186 = ORIENTED_EDGE('',*,*,#10146,.F.);
#10187 = ORIENTED_EDGE('',*,*,#4026,.F.);
#10188 = CYLINDRICAL_SURFACE('',#10189,0.499999448976);
#10189 = AXIS2_PLACEMENT_3D('',#10190,#10191,#10192);
#10190 = CARTESIAN_POINT('',(69.158970904285,-63.58375699515,0.));
#10191 = DIRECTION('',(-0.,-0.,-1.));
#10192 = DIRECTION('',(-0.504518364574,-0.863400961204,0.));
#10193 = ADVANCED_FACE('',(#10194),#10205,.F.);
#10194 = FACE_BOUND('',#10195,.T.);
#10195 = EDGE_LOOP('',(#10196,#10197,#10198,#10204));
#10196 = ORIENTED_EDGE('',*,*,#10165,.T.);
#10197 = ORIENTED_EDGE('',*,*,#6485,.T.);
#10198 = ORIENTED_EDGE('',*,*,#10199,.F.);
#10199 = EDGE_CURVE('',#4088,#6477,#10200,.T.);
#10200 = LINE('',#10201,#10202);
#10201 = CARTESIAN_POINT('',(66.110517,-61.527438,0.));
#10202 = VECTOR('',#10203,1.);
#10203 = DIRECTION('',(0.,0.,1.));
#10204 = ORIENTED_EDGE('',*,*,#4096,.F.);
#10205 = CYLINDRICAL_SURFACE('',#10206,0.499999729127);
#10206 = AXIS2_PLACEMENT_3D('',#10207,#10208,#10209);
#10207 = CARTESIAN_POINT('',(66.561031745676,-61.31055970911,0.));
#10208 = DIRECTION('',(-0.,-0.,-1.));
#10209 = DIRECTION('',(0.504516781969,0.863401885979,-0.));
#10210 = ADVANCED_FACE('',(#10211),#10222,.T.);
#10211 = FACE_BOUND('',#10212,.T.);
#10212 = EDGE_LOOP('',(#10213,#10219,#10220,#10221));
#10213 = ORIENTED_EDGE('',*,*,#10214,.T.);
#10214 = EDGE_CURVE('',#4036,#6425,#10215,.T.);
#10215 = LINE('',#10216,#10217);
#10216 = CARTESIAN_POINT('',(68.654453,-63.947158,0.));
#10217 = VECTOR('',#10218,1.);
#10218 = DIRECTION('',(0.,0.,1.));
#10219 = ORIENTED_EDGE('',*,*,#6424,.T.);
#10220 = ORIENTED_EDGE('',*,*,#10180,.F.);
#10221 = ORIENTED_EDGE('',*,*,#4035,.F.);
#10222 = CYLINDRICAL_SURFACE('',#10223,0.500008729226);
#10223 = AXIS2_PLACEMENT_3D('',#10224,#10225,#10226);
#10224 = CARTESIAN_POINT('',(68.654451343146,-64.44716672922,0.));
#10225 = DIRECTION('',(0.,0.,-1.));
#10226 = DIRECTION('',(3.313649317029E-06,0.999999999995,0.));
#10227 = ADVANCED_FACE('',(#10228),#10239,.T.);
#10228 = FACE_BOUND('',#10229,.T.);
#10229 = EDGE_LOOP('',(#10230,#10231,#10232,#10238));
#10230 = ORIENTED_EDGE('',*,*,#10199,.T.);
#10231 = ORIENTED_EDGE('',*,*,#6476,.T.);
#10232 = ORIENTED_EDGE('',*,*,#10233,.F.);
#10233 = EDGE_CURVE('',#4080,#6469,#10234,.T.);
#10234 = LINE('',#10235,#10236);
#10235 = CARTESIAN_POINT('',(66.160002,-61.744316,0.));
#10236 = VECTOR('',#10237,1.);
#10237 = DIRECTION('',(0.,0.,1.));
#10238 = ORIENTED_EDGE('',*,*,#4087,.F.);
#10239 = CYLINDRICAL_SURFACE('',#10240,0.499989885034);
#10240 = AXIS2_PLACEMENT_3D('',#10241,#10242,#10243);
#10241 = CARTESIAN_POINT('',(65.660012114969,-61.74431407913,0.));
#10242 = DIRECTION('',(0.,0.,-1.));
#10243 = DIRECTION('',(0.901027997796,0.43376093322,0.));
#10244 = ADVANCED_FACE('',(#10245),#10256,.T.);
#10245 = FACE_BOUND('',#10246,.T.);
#10246 = EDGE_LOOP('',(#10247,#10253,#10254,#10255));
#10247 = ORIENTED_EDGE('',*,*,#10248,.T.);
#10248 = EDGE_CURVE('',#4045,#6434,#10249,.T.);
#10249 = LINE('',#10250,#10251);
#10250 = CARTESIAN_POINT('',(67.065549,-63.947158,0.));
#10251 = VECTOR('',#10252,1.);
#10252 = DIRECTION('',(0.,0.,1.));
#10253 = ORIENTED_EDGE('',*,*,#6433,.T.);
#10254 = ORIENTED_EDGE('',*,*,#10214,.F.);
#10255 = ORIENTED_EDGE('',*,*,#4044,.F.);
#10256 = PLANE('',#10257);
#10257 = AXIS2_PLACEMENT_3D('',#10258,#10259,#10260);
#10258 = CARTESIAN_POINT('',(67.065549,-63.947158,0.));
#10259 = DIRECTION('',(0.,1.,0.));
#10260 = DIRECTION('',(1.,0.,0.));
#10261 = ADVANCED_FACE('',(#10262),#10273,.T.);
#10262 = FACE_BOUND('',#10263,.T.);
#10263 = EDGE_LOOP('',(#10264,#10265,#10266,#10272));
#10264 = ORIENTED_EDGE('',*,*,#10233,.T.);
#10265 = ORIENTED_EDGE('',*,*,#6468,.T.);
#10266 = ORIENTED_EDGE('',*,*,#10267,.F.);
#10267 = EDGE_CURVE('',#4071,#6460,#10268,.T.);
#10268 = LINE('',#10269,#10270);
#10269 = CARTESIAN_POINT('',(66.160002,-63.150001,0.));
#10270 = VECTOR('',#10271,1.);
#10271 = DIRECTION('',(0.,0.,1.));
#10272 = ORIENTED_EDGE('',*,*,#4079,.F.);
#10273 = PLANE('',#10274);
#10274 = AXIS2_PLACEMENT_3D('',#10275,#10276,#10277);
#10275 = CARTESIAN_POINT('',(66.160002,-61.744316,0.));
#10276 = DIRECTION('',(1.,0.,-0.));
#10277 = DIRECTION('',(0.,-1.,0.));
#10278 = ADVANCED_FACE('',(#10279),#10290,.T.);
#10279 = FACE_BOUND('',#10280,.T.);
#10280 = EDGE_LOOP('',(#10281,#10287,#10288,#10289));
#10281 = ORIENTED_EDGE('',*,*,#10282,.T.);
#10282 = EDGE_CURVE('',#4053,#6442,#10283,.T.);
#10283 = LINE('',#10284,#10285);
#10284 = CARTESIAN_POINT('',(66.813291,-64.015457,0.));
#10285 = VECTOR('',#10286,1.);
#10286 = DIRECTION('',(0.,0.,1.));
#10287 = ORIENTED_EDGE('',*,*,#6441,.T.);
#10288 = ORIENTED_EDGE('',*,*,#10248,.F.);
#10289 = ORIENTED_EDGE('',*,*,#4052,.F.);
#10290 = CYLINDRICAL_SURFACE('',#10291,0.500008729288);
#10291 = AXIS2_PLACEMENT_3D('',#10292,#10293,#10294);
#10292 = CARTESIAN_POINT('',(67.065551656878,-64.44716672928,0.));
#10293 = DIRECTION('',(0.,0.,-1.));
#10294 = DIRECTION('',(-0.504512505685,0.863404384751,0.));
#10295 = ADVANCED_FACE('',(#10296),#10307,.T.);
#10296 = FACE_BOUND('',#10297,.T.);
#10297 = EDGE_LOOP('',(#10298,#10299,#10300,#10306));
#10298 = ORIENTED_EDGE('',*,*,#10267,.T.);
#10299 = ORIENTED_EDGE('',*,*,#6459,.T.);
#10300 = ORIENTED_EDGE('',*,*,#10301,.F.);
#10301 = EDGE_CURVE('',#4062,#6451,#10302,.T.);
#10302 = LINE('',#10303,#10304);
#10303 = CARTESIAN_POINT('',(66.110517,-63.366878,0.));
#10304 = VECTOR('',#10305,1.);
#10305 = DIRECTION('',(0.,0.,1.));
#10306 = ORIENTED_EDGE('',*,*,#4070,.F.);
#10307 = CYLINDRICAL_SURFACE('',#10308,0.499989884978);
#10308 = AXIS2_PLACEMENT_3D('',#10309,#10310,#10311);
#10309 = CARTESIAN_POINT('',(65.660012115023,-63.15000192088,0.));
#10310 = DIRECTION('',(0.,0.,-1.));
#10311 = DIRECTION('',(0.999999999998,1.841808596201E-06,0.));
#10312 = ADVANCED_FACE('',(#10313),#10319,.F.);
#10313 = FACE_BOUND('',#10314,.T.);
#10314 = EDGE_LOOP('',(#10315,#10316,#10317,#10318));
#10315 = ORIENTED_EDGE('',*,*,#10301,.T.);
#10316 = ORIENTED_EDGE('',*,*,#6450,.T.);
#10317 = ORIENTED_EDGE('',*,*,#10282,.F.);
#10318 = ORIENTED_EDGE('',*,*,#4061,.F.);
#10319 = CYLINDRICAL_SURFACE('',#10320,0.500000669307);
#10320 = AXIS2_PLACEMENT_3D('',#10321,#10322,#10323);
#10321 = CARTESIAN_POINT('',(66.561033535509,-63.58375474043,0.));
#10322 = DIRECTION('',(-0.,-0.,-1.));
#10323 = DIRECTION('',(-0.901031864884,0.433752900236,0.));
#10324 = ADVANCED_FACE('',(#10325),#10336,.F.);
#10325 = FACE_BOUND('',#10326,.T.);
#10326 = EDGE_LOOP('',(#10327,#10328,#10334,#10335));
#10327 = ORIENTED_EDGE('',*,*,#4131,.T.);
#10328 = ORIENTED_EDGE('',*,*,#10329,.T.);
#10329 = EDGE_CURVE('',#4132,#6521,#10330,.T.);
#10330 = LINE('',#10331,#10332);
#10331 = CARTESIAN_POINT('',(62.855,-58.425,-4.6E-02));
#10332 = VECTOR('',#10333,1.);
#10333 = DIRECTION('',(0.,0.,1.));
#10334 = ORIENTED_EDGE('',*,*,#6520,.F.);
#10335 = ORIENTED_EDGE('',*,*,#10329,.F.);
#10336 = CYLINDRICAL_SURFACE('',#10337,0.85);
#10337 = AXIS2_PLACEMENT_3D('',#10338,#10339,#10340);
#10338 = CARTESIAN_POINT('',(62.855,-57.575,-4.6E-02));
#10339 = DIRECTION('',(-0.,-0.,-1.));
#10340 = DIRECTION('',(-8.35932630306E-15,-1.,0.));
#10341 = ADVANCED_FACE('',(#10342),#10353,.F.);
#10342 = FACE_BOUND('',#10343,.T.);
#10343 = EDGE_LOOP('',(#10344,#10345,#10351,#10352));
#10344 = ORIENTED_EDGE('',*,*,#4142,.T.);
#10345 = ORIENTED_EDGE('',*,*,#10346,.T.);
#10346 = EDGE_CURVE('',#4143,#6532,#10347,.T.);
#10347 = LINE('',#10348,#10349);
#10348 = CARTESIAN_POINT('',(67.935,-59.575,-4.6E-02));
#10349 = VECTOR('',#10350,1.);
#10350 = DIRECTION('',(0.,0.,1.));
#10351 = ORIENTED_EDGE('',*,*,#6531,.F.);
#10352 = ORIENTED_EDGE('',*,*,#10346,.F.);
#10353 = CYLINDRICAL_SURFACE('',#10354,2.);
#10354 = AXIS2_PLACEMENT_3D('',#10355,#10356,#10357);
#10355 = CARTESIAN_POINT('',(67.935,-57.575,-4.6E-02));
#10356 = DIRECTION('',(-0.,-0.,-1.));
#10357 = DIRECTION('',(-0.,-1.,0.));
#10358 = ADVANCED_FACE('',(#10359),#10370,.F.);
#10359 = FACE_BOUND('',#10360,.T.);
#10360 = EDGE_LOOP('',(#10361,#10362,#10368,#10369));
#10361 = ORIENTED_EDGE('',*,*,#4153,.T.);
#10362 = ORIENTED_EDGE('',*,*,#10363,.T.);
#10363 = EDGE_CURVE('',#4154,#6543,#10364,.T.);
#10364 = LINE('',#10365,#10366);
#10365 = CARTESIAN_POINT('',(73.015,-58.425,-4.6E-02));
#10366 = VECTOR('',#10367,1.);
#10367 = DIRECTION('',(0.,0.,1.));
#10368 = ORIENTED_EDGE('',*,*,#6542,.F.);
#10369 = ORIENTED_EDGE('',*,*,#10363,.F.);
#10370 = CYLINDRICAL_SURFACE('',#10371,0.85);
#10371 = AXIS2_PLACEMENT_3D('',#10372,#10373,#10374);
#10372 = CARTESIAN_POINT('',(73.015,-57.575,-4.6E-02));
#10373 = DIRECTION('',(-0.,-0.,-1.));
#10374 = DIRECTION('',(-0.,-1.,0.));
#10375 = ADVANCED_FACE('',(#10376),#10387,.F.);
#10376 = FACE_BOUND('',#10377,.T.);
#10377 = EDGE_LOOP('',(#10378,#10379,#10385,#10386));
#10378 = ORIENTED_EDGE('',*,*,#4164,.T.);
#10379 = ORIENTED_EDGE('',*,*,#10380,.T.);
#10380 = EDGE_CURVE('',#4165,#6554,#10381,.T.);
#10381 = LINE('',#10382,#10383);
#10382 = CARTESIAN_POINT('',(64.125,-55.785,-4.6E-02));
#10383 = VECTOR('',#10384,1.);
#10384 = DIRECTION('',(0.,0.,1.));
#10385 = ORIENTED_EDGE('',*,*,#6553,.F.);
#10386 = ORIENTED_EDGE('',*,*,#10380,.F.);
#10387 = CYLINDRICAL_SURFACE('',#10388,0.75);
#10388 = AXIS2_PLACEMENT_3D('',#10389,#10390,#10391);
#10389 = CARTESIAN_POINT('',(64.125,-55.035,-4.6E-02));
#10390 = DIRECTION('',(-0.,-0.,-1.));
#10391 = DIRECTION('',(-0.,-1.,0.));
#10392 = ADVANCED_FACE('',(#10393),#10404,.F.);
#10393 = FACE_BOUND('',#10394,.T.);
#10394 = EDGE_LOOP('',(#10395,#10396,#10402,#10403));
#10395 = ORIENTED_EDGE('',*,*,#4175,.T.);
#10396 = ORIENTED_EDGE('',*,*,#10397,.T.);
#10397 = EDGE_CURVE('',#4176,#6565,#10398,.T.);
#10398 = LINE('',#10399,#10400);
#10399 = CARTESIAN_POINT('',(70.475,-53.245,-4.6E-02));
#10400 = VECTOR('',#10401,1.);
#10401 = DIRECTION('',(0.,0.,1.));
#10402 = ORIENTED_EDGE('',*,*,#6564,.F.);
#10403 = ORIENTED_EDGE('',*,*,#10397,.F.);
#10404 = CYLINDRICAL_SURFACE('',#10405,0.75);
#10405 = AXIS2_PLACEMENT_3D('',#10406,#10407,#10408);
#10406 = CARTESIAN_POINT('',(70.475,-52.495,-4.6E-02));
#10407 = DIRECTION('',(-0.,-0.,-1.));
#10408 = DIRECTION('',(-0.,-1.,0.));
#10409 = ADVANCED_FACE('',(#10410),#10421,.F.);
#10410 = FACE_BOUND('',#10411,.T.);
#10411 = EDGE_LOOP('',(#10412,#10413,#10419,#10420));
#10412 = ORIENTED_EDGE('',*,*,#4186,.T.);
#10413 = ORIENTED_EDGE('',*,*,#10414,.T.);
#10414 = EDGE_CURVE('',#4187,#6576,#10415,.T.);
#10415 = LINE('',#10416,#10417);
#10416 = CARTESIAN_POINT('',(41.12,-39.87,-4.6E-02));
#10417 = VECTOR('',#10418,1.);
#10418 = DIRECTION('',(0.,0.,1.));
#10419 = ORIENTED_EDGE('',*,*,#6575,.F.);
#10420 = ORIENTED_EDGE('',*,*,#10414,.F.);
#10421 = CYLINDRICAL_SURFACE('',#10422,0.5);
#10422 = AXIS2_PLACEMENT_3D('',#10423,#10424,#10425);
#10423 = CARTESIAN_POINT('',(41.12,-39.37,-4.6E-02));
#10424 = DIRECTION('',(-0.,-0.,-1.));
#10425 = DIRECTION('',(-0.,-1.,0.));
#10426 = ADVANCED_FACE('',(#10427),#10438,.F.);
#10427 = FACE_BOUND('',#10428,.T.);
#10428 = EDGE_LOOP('',(#10429,#10430,#10436,#10437));
#10429 = ORIENTED_EDGE('',*,*,#4197,.T.);
#10430 = ORIENTED_EDGE('',*,*,#10431,.T.);
#10431 = EDGE_CURVE('',#4198,#6587,#10432,.T.);
#10432 = LINE('',#10433,#10434);
#10433 = CARTESIAN_POINT('',(41.12,-37.33,-4.6E-02));
#10434 = VECTOR('',#10435,1.);
#10435 = DIRECTION('',(0.,0.,1.));
#10436 = ORIENTED_EDGE('',*,*,#6586,.F.);
#10437 = ORIENTED_EDGE('',*,*,#10431,.F.);
#10438 = CYLINDRICAL_SURFACE('',#10439,0.5);
#10439 = AXIS2_PLACEMENT_3D('',#10440,#10441,#10442);
#10440 = CARTESIAN_POINT('',(41.12,-36.83,-4.6E-02));
#10441 = DIRECTION('',(-0.,-0.,-1.));
#10442 = DIRECTION('',(-0.,-1.,0.));
#10443 = ADVANCED_FACE('',(#10444),#10455,.F.);
#10444 = FACE_BOUND('',#10445,.T.);
#10445 = EDGE_LOOP('',(#10446,#10447,#10453,#10454));
#10446 = ORIENTED_EDGE('',*,*,#4208,.T.);
#10447 = ORIENTED_EDGE('',*,*,#10448,.T.);
#10448 = EDGE_CURVE('',#4209,#6598,#10449,.T.);
#10449 = LINE('',#10450,#10451);
#10450 = CARTESIAN_POINT('',(41.12,-34.79,-4.6E-02));
#10451 = VECTOR('',#10452,1.);
#10452 = DIRECTION('',(0.,0.,1.));
#10453 = ORIENTED_EDGE('',*,*,#6597,.F.);
#10454 = ORIENTED_EDGE('',*,*,#10448,.F.);
#10455 = CYLINDRICAL_SURFACE('',#10456,0.5);
#10456 = AXIS2_PLACEMENT_3D('',#10457,#10458,#10459);
#10457 = CARTESIAN_POINT('',(41.12,-34.29,-4.6E-02));
#10458 = DIRECTION('',(-0.,-0.,-1.));
#10459 = DIRECTION('',(-0.,-1.,0.));
#10460 = ADVANCED_FACE('',(#10461),#10472,.F.);
#10461 = FACE_BOUND('',#10462,.T.);
#10462 = EDGE_LOOP('',(#10463,#10464,#10470,#10471));
#10463 = ORIENTED_EDGE('',*,*,#4219,.T.);
#10464 = ORIENTED_EDGE('',*,*,#10465,.T.);
#10465 = EDGE_CURVE('',#4220,#6609,#10466,.T.);
#10466 = LINE('',#10467,#10468);
#10467 = CARTESIAN_POINT('',(41.12,-32.25,-4.6E-02));
#10468 = VECTOR('',#10469,1.);
#10469 = DIRECTION('',(0.,0.,1.));
#10470 = ORIENTED_EDGE('',*,*,#6608,.F.);
#10471 = ORIENTED_EDGE('',*,*,#10465,.F.);
#10472 = CYLINDRICAL_SURFACE('',#10473,0.5);
#10473 = AXIS2_PLACEMENT_3D('',#10474,#10475,#10476);
#10474 = CARTESIAN_POINT('',(41.12,-31.75,-4.6E-02));
#10475 = DIRECTION('',(-0.,-0.,-1.));
#10476 = DIRECTION('',(-0.,-1.,0.));
#10477 = ADVANCED_FACE('',(#10478),#10489,.F.);
#10478 = FACE_BOUND('',#10479,.T.);
#10479 = EDGE_LOOP('',(#10480,#10481,#10487,#10488));
#10480 = ORIENTED_EDGE('',*,*,#4230,.T.);
#10481 = ORIENTED_EDGE('',*,*,#10482,.T.);
#10482 = EDGE_CURVE('',#4231,#6620,#10483,.T.);
#10483 = LINE('',#10484,#10485);
#10484 = CARTESIAN_POINT('',(36.2932,-26.5528,-4.6E-02));
#10485 = VECTOR('',#10486,1.);
#10486 = DIRECTION('',(0.,0.,1.));
#10487 = ORIENTED_EDGE('',*,*,#6619,.F.);
#10488 = ORIENTED_EDGE('',*,*,#10482,.F.);
#10489 = CYLINDRICAL_SURFACE('',#10490,1.6);
#10490 = AXIS2_PLACEMENT_3D('',#10491,#10492,#10493);
#10491 = CARTESIAN_POINT('',(36.2932,-24.9528,-4.6E-02));
#10492 = DIRECTION('',(-0.,-0.,-1.));
#10493 = DIRECTION('',(-0.,-1.,0.));
#10494 = ADVANCED_FACE('',(#10495),#10511,.F.);
#10495 = FACE_BOUND('',#10496,.T.);
#10496 = EDGE_LOOP('',(#10497,#10503,#10504,#10510));
#10497 = ORIENTED_EDGE('',*,*,#10498,.T.);
#10498 = EDGE_CURVE('',#4242,#6631,#10499,.T.);
#10499 = LINE('',#10500,#10501);
#10500 = CARTESIAN_POINT('',(89.009485,-61.380238,0.));
#10501 = VECTOR('',#10502,1.);
#10502 = DIRECTION('',(0.,0.,1.));
#10503 = ORIENTED_EDGE('',*,*,#6630,.T.);
#10504 = ORIENTED_EDGE('',*,*,#10505,.F.);
#10505 = EDGE_CURVE('',#4244,#6633,#10506,.T.);
#10506 = LINE('',#10507,#10508);
#10507 = CARTESIAN_POINT('',(88.306712,-60.73166,0.));
#10508 = VECTOR('',#10509,1.);
#10509 = DIRECTION('',(0.,0.,1.));
#10510 = ORIENTED_EDGE('',*,*,#4241,.F.);
#10511 = CYLINDRICAL_SURFACE('',#10512,0.499999422661);
#10512 = AXIS2_PLACEMENT_3D('',#10513,#10514,#10515);
#10513 = CARTESIAN_POINT('',(88.558970295513,-61.16336033009,0.));
#10514 = DIRECTION('',(-0.,-0.,-1.));
#10515 = DIRECTION('',(0.901030449374,-0.433755840654,0.));
#10516 = ADVANCED_FACE('',(#10517),#10528,.T.);
#10517 = FACE_BOUND('',#10518,.T.);
#10518 = EDGE_LOOP('',(#10519,#10525,#10526,#10527));
#10519 = ORIENTED_EDGE('',*,*,#10520,.T.);
#10520 = EDGE_CURVE('',#4253,#6642,#10521,.T.);
#10521 = LINE('',#10522,#10523);
#10522 = CARTESIAN_POINT('',(88.96,-61.597115,0.));
#10523 = VECTOR('',#10524,1.);
#10524 = DIRECTION('',(0.,0.,1.));
#10525 = ORIENTED_EDGE('',*,*,#6641,.T.);
#10526 = ORIENTED_EDGE('',*,*,#10498,.F.);
#10527 = ORIENTED_EDGE('',*,*,#4252,.F.);
#10528 = CYLINDRICAL_SURFACE('',#10529,0.499989884978);
#10529 = AXIS2_PLACEMENT_3D('',#10530,#10531,#10532);
#10530 = CARTESIAN_POINT('',(89.459989884977,-61.59711407911,0.));
#10531 = DIRECTION('',(0.,0.,-1.));
#10532 = DIRECTION('',(-0.999999999998,-1.841808638834E-06,-0.));
#10533 = ADVANCED_FACE('',(#10534),#10545,.T.);
#10534 = FACE_BOUND('',#10535,.T.);
#10535 = EDGE_LOOP('',(#10536,#10537,#10538,#10544));
#10536 = ORIENTED_EDGE('',*,*,#10505,.T.);
#10537 = ORIENTED_EDGE('',*,*,#6763,.T.);
#10538 = ORIENTED_EDGE('',*,*,#10539,.F.);
#10539 = EDGE_CURVE('',#4367,#6756,#10540,.T.);
#10540 = LINE('',#10541,#10542);
#10541 = CARTESIAN_POINT('',(88.054454,-60.799959,0.));
#10542 = VECTOR('',#10543,1.);
#10543 = DIRECTION('',(0.,0.,1.));
#10544 = ORIENTED_EDGE('',*,*,#4374,.F.);
#10545 = CYLINDRICAL_SURFACE('',#10546,0.500008729288);
#10546 = AXIS2_PLACEMENT_3D('',#10547,#10548,#10549);
#10547 = CARTESIAN_POINT('',(88.054451343122,-60.29995027071,0.));
#10548 = DIRECTION('',(0.,0.,-1.));
#10549 = DIRECTION('',(0.504512505685,-0.863404384751,0.));
#10550 = ADVANCED_FACE('',(#10551),#10562,.T.);
#10551 = FACE_BOUND('',#10552,.T.);
#10552 = EDGE_LOOP('',(#10553,#10559,#10560,#10561));
#10553 = ORIENTED_EDGE('',*,*,#10554,.T.);
#10554 = EDGE_CURVE('',#4262,#6651,#10555,.T.);
#10555 = LINE('',#10556,#10557);
#10556 = CARTESIAN_POINT('',(88.96,-63.0028,0.));
#10557 = VECTOR('',#10558,1.);
#10558 = DIRECTION('',(0.,0.,1.));
#10559 = ORIENTED_EDGE('',*,*,#6650,.T.);
#10560 = ORIENTED_EDGE('',*,*,#10520,.F.);
#10561 = ORIENTED_EDGE('',*,*,#4261,.F.);
#10562 = PLANE('',#10563);
#10563 = AXIS2_PLACEMENT_3D('',#10564,#10565,#10566);
#10564 = CARTESIAN_POINT('',(88.96,-63.0028,0.));
#10565 = DIRECTION('',(-1.,0.,0.));
#10566 = DIRECTION('',(0.,1.,0.));
#10567 = ADVANCED_FACE('',(#10568),#10579,.T.);
#10568 = FACE_BOUND('',#10569,.T.);
#10569 = EDGE_LOOP('',(#10570,#10571,#10572,#10578));
#10570 = ORIENTED_EDGE('',*,*,#10539,.T.);
#10571 = ORIENTED_EDGE('',*,*,#6755,.T.);
#10572 = ORIENTED_EDGE('',*,*,#10573,.F.);
#10573 = EDGE_CURVE('',#4358,#6747,#10574,.T.);
#10574 = LINE('',#10575,#10576);
#10575 = CARTESIAN_POINT('',(86.465548,-60.799958,0.));
#10576 = VECTOR('',#10577,1.);
#10577 = DIRECTION('',(0.,0.,1.));
#10578 = ORIENTED_EDGE('',*,*,#4366,.F.);
#10579 = PLANE('',#10580);
#10580 = AXIS2_PLACEMENT_3D('',#10581,#10582,#10583);
#10581 = CARTESIAN_POINT('',(88.054454,-60.799959,0.));
#10582 = DIRECTION('',(-6.293638544889E-07,-1.,0.));
#10583 = DIRECTION('',(-1.,6.293638544889E-07,0.));
#10584 = ADVANCED_FACE('',(#10585),#10596,.T.);
#10585 = FACE_BOUND('',#10586,.T.);
#10586 = EDGE_LOOP('',(#10587,#10593,#10594,#10595));
#10587 = ORIENTED_EDGE('',*,*,#10588,.T.);
#10588 = EDGE_CURVE('',#4270,#6659,#10589,.T.);
#10589 = LINE('',#10590,#10591);
#10590 = CARTESIAN_POINT('',(89.009485,-63.219678,0.));
#10591 = VECTOR('',#10592,1.);
#10592 = DIRECTION('',(0.,0.,1.));
#10593 = ORIENTED_EDGE('',*,*,#6658,.T.);
#10594 = ORIENTED_EDGE('',*,*,#10554,.F.);
#10595 = ORIENTED_EDGE('',*,*,#4269,.F.);
#10596 = CYLINDRICAL_SURFACE('',#10597,0.499989885034);
#10597 = AXIS2_PLACEMENT_3D('',#10598,#10599,#10600);
#10598 = CARTESIAN_POINT('',(89.459989885031,-63.00280192086,0.));
#10599 = DIRECTION('',(0.,0.,-1.));
#10600 = DIRECTION('',(-0.901027997796,-0.43376093322,-0.));
#10601 = ADVANCED_FACE('',(#10602),#10613,.T.);
#10602 = FACE_BOUND('',#10603,.T.);
#10603 = EDGE_LOOP('',(#10604,#10605,#10606,#10612));
#10604 = ORIENTED_EDGE('',*,*,#10573,.T.);
#10605 = ORIENTED_EDGE('',*,*,#6746,.T.);
#10606 = ORIENTED_EDGE('',*,*,#10607,.F.);
#10607 = EDGE_CURVE('',#4349,#6738,#10608,.T.);
#10608 = LINE('',#10609,#10610);
#10609 = CARTESIAN_POINT('',(86.21329,-60.731659,0.));
#10610 = VECTOR('',#10611,1.);
#10611 = DIRECTION('',(0.,0.,1.));
#10612 = ORIENTED_EDGE('',*,*,#4357,.F.);
#10613 = CYLINDRICAL_SURFACE('',#10614,0.500008729288);
#10614 = AXIS2_PLACEMENT_3D('',#10615,#10616,#10617);
#10615 = CARTESIAN_POINT('',(86.465550656878,-60.29994927071,0.));
#10616 = DIRECTION('',(0.,0.,-1.));
#10617 = DIRECTION('',(-5.31366276793E-06,-0.999999999986,-0.));
#10618 = ADVANCED_FACE('',(#10619),#10630,.F.);
#10619 = FACE_BOUND('',#10620,.T.);
#10620 = EDGE_LOOP('',(#10621,#10627,#10628,#10629));
#10621 = ORIENTED_EDGE('',*,*,#10622,.T.);
#10622 = EDGE_CURVE('',#4279,#6668,#10623,.T.);
#10623 = LINE('',#10624,#10625);
#10624 = CARTESIAN_POINT('',(88.306712,-63.868257,0.));
#10625 = VECTOR('',#10626,1.);
#10626 = DIRECTION('',(0.,0.,1.));
#10627 = ORIENTED_EDGE('',*,*,#6667,.T.);
#10628 = ORIENTED_EDGE('',*,*,#10588,.F.);
#10629 = ORIENTED_EDGE('',*,*,#4278,.F.);
#10630 = CYLINDRICAL_SURFACE('',#10631,0.499999448976);
#10631 = AXIS2_PLACEMENT_3D('',#10632,#10633,#10634);
#10632 = CARTESIAN_POINT('',(88.558970904285,-63.43655699515,0.));
#10633 = DIRECTION('',(-0.,-0.,-1.));
#10634 = DIRECTION('',(-0.504518364574,-0.863400961204,0.));
#10635 = ADVANCED_FACE('',(#10636),#10647,.F.);
#10636 = FACE_BOUND('',#10637,.T.);
#10637 = EDGE_LOOP('',(#10638,#10639,#10640,#10646));
#10638 = ORIENTED_EDGE('',*,*,#10607,.T.);
#10639 = ORIENTED_EDGE('',*,*,#6737,.T.);
#10640 = ORIENTED_EDGE('',*,*,#10641,.F.);
#10641 = EDGE_CURVE('',#4340,#6729,#10642,.T.);
#10642 = LINE('',#10643,#10644);
#10643 = CARTESIAN_POINT('',(85.510517,-61.380238,0.));
#10644 = VECTOR('',#10645,1.);
#10645 = DIRECTION('',(0.,0.,1.));
#10646 = ORIENTED_EDGE('',*,*,#4348,.F.);
#10647 = CYLINDRICAL_SURFACE('',#10648,0.499999729127);
#10648 = AXIS2_PLACEMENT_3D('',#10649,#10650,#10651);
#10649 = CARTESIAN_POINT('',(85.961031745676,-61.16335970911,0.));
#10650 = DIRECTION('',(-0.,-0.,-1.));
#10651 = DIRECTION('',(0.504516781969,0.863401885979,-0.));
#10652 = ADVANCED_FACE('',(#10653),#10664,.T.);
#10653 = FACE_BOUND('',#10654,.T.);
#10654 = EDGE_LOOP('',(#10655,#10661,#10662,#10663));
#10655 = ORIENTED_EDGE('',*,*,#10656,.T.);
#10656 = EDGE_CURVE('',#4288,#6677,#10657,.T.);
#10657 = LINE('',#10658,#10659);
#10658 = CARTESIAN_POINT('',(88.054453,-63.799958,0.));
#10659 = VECTOR('',#10660,1.);
#10660 = DIRECTION('',(0.,0.,1.));
#10661 = ORIENTED_EDGE('',*,*,#6676,.T.);
#10662 = ORIENTED_EDGE('',*,*,#10622,.F.);
#10663 = ORIENTED_EDGE('',*,*,#4287,.F.);
#10664 = CYLINDRICAL_SURFACE('',#10665,0.500008729226);
#10665 = AXIS2_PLACEMENT_3D('',#10666,#10667,#10668);
#10666 = CARTESIAN_POINT('',(88.054451343146,-64.29996672922,0.));
#10667 = DIRECTION('',(0.,0.,-1.));
#10668 = DIRECTION('',(3.31364934545E-06,0.999999999995,0.));
#10669 = ADVANCED_FACE('',(#10670),#10681,.T.);
#10670 = FACE_BOUND('',#10671,.T.);
#10671 = EDGE_LOOP('',(#10672,#10673,#10674,#10680));
#10672 = ORIENTED_EDGE('',*,*,#10641,.T.);
#10673 = ORIENTED_EDGE('',*,*,#6728,.T.);
#10674 = ORIENTED_EDGE('',*,*,#10675,.F.);
#10675 = EDGE_CURVE('',#4332,#6721,#10676,.T.);
#10676 = LINE('',#10677,#10678);
#10677 = CARTESIAN_POINT('',(85.560002,-61.597116,0.));
#10678 = VECTOR('',#10679,1.);
#10679 = DIRECTION('',(0.,0.,1.));
#10680 = ORIENTED_EDGE('',*,*,#4339,.F.);
#10681 = CYLINDRICAL_SURFACE('',#10682,0.499989885034);
#10682 = AXIS2_PLACEMENT_3D('',#10683,#10684,#10685);
#10683 = CARTESIAN_POINT('',(85.060012114969,-61.59711407913,0.));
#10684 = DIRECTION('',(0.,0.,-1.));
#10685 = DIRECTION('',(0.901027997796,0.43376093322,0.));
#10686 = ADVANCED_FACE('',(#10687),#10698,.T.);
#10687 = FACE_BOUND('',#10688,.T.);
#10688 = EDGE_LOOP('',(#10689,#10695,#10696,#10697));
#10689 = ORIENTED_EDGE('',*,*,#10690,.T.);
#10690 = EDGE_CURVE('',#4297,#6686,#10691,.T.);
#10691 = LINE('',#10692,#10693);
#10692 = CARTESIAN_POINT('',(86.465549,-63.799958,0.));
#10693 = VECTOR('',#10694,1.);
#10694 = DIRECTION('',(0.,0.,1.));
#10695 = ORIENTED_EDGE('',*,*,#6685,.T.);
#10696 = ORIENTED_EDGE('',*,*,#10656,.F.);
#10697 = ORIENTED_EDGE('',*,*,#4296,.F.);
#10698 = PLANE('',#10699);
#10699 = AXIS2_PLACEMENT_3D('',#10700,#10701,#10702);
#10700 = CARTESIAN_POINT('',(86.465549,-63.799958,0.));
#10701 = DIRECTION('',(0.,1.,0.));
#10702 = DIRECTION('',(1.,0.,0.));
#10703 = ADVANCED_FACE('',(#10704),#10715,.T.);
#10704 = FACE_BOUND('',#10705,.T.);
#10705 = EDGE_LOOP('',(#10706,#10707,#10708,#10714));
#10706 = ORIENTED_EDGE('',*,*,#10675,.T.);
#10707 = ORIENTED_EDGE('',*,*,#6720,.T.);
#10708 = ORIENTED_EDGE('',*,*,#10709,.F.);
#10709 = EDGE_CURVE('',#4323,#6712,#10710,.T.);
#10710 = LINE('',#10711,#10712);
#10711 = CARTESIAN_POINT('',(85.560002,-63.0028,0.));
#10712 = VECTOR('',#10713,1.);
#10713 = DIRECTION('',(0.,0.,1.));
#10714 = ORIENTED_EDGE('',*,*,#4331,.F.);
#10715 = PLANE('',#10716);
#10716 = AXIS2_PLACEMENT_3D('',#10717,#10718,#10719);
#10717 = CARTESIAN_POINT('',(85.560002,-61.597116,0.));
#10718 = DIRECTION('',(1.,0.,-0.));
#10719 = DIRECTION('',(0.,-1.,0.));
#10720 = ADVANCED_FACE('',(#10721),#10732,.T.);
#10721 = FACE_BOUND('',#10722,.T.);
#10722 = EDGE_LOOP('',(#10723,#10729,#10730,#10731));
#10723 = ORIENTED_EDGE('',*,*,#10724,.T.);
#10724 = EDGE_CURVE('',#4305,#6694,#10725,.T.);
#10725 = LINE('',#10726,#10727);
#10726 = CARTESIAN_POINT('',(86.213291,-63.868257,0.));
#10727 = VECTOR('',#10728,1.);
#10728 = DIRECTION('',(0.,0.,1.));
#10729 = ORIENTED_EDGE('',*,*,#6693,.T.);
#10730 = ORIENTED_EDGE('',*,*,#10690,.F.);
#10731 = ORIENTED_EDGE('',*,*,#4304,.F.);
#10732 = CYLINDRICAL_SURFACE('',#10733,0.500008729288);
#10733 = AXIS2_PLACEMENT_3D('',#10734,#10735,#10736);
#10734 = CARTESIAN_POINT('',(86.465551656878,-64.29996672928,0.));
#10735 = DIRECTION('',(0.,0.,-1.));
#10736 = DIRECTION('',(-0.504512505685,0.863404384751,0.));
#10737 = ADVANCED_FACE('',(#10738),#10749,.T.);
#10738 = FACE_BOUND('',#10739,.T.);
#10739 = EDGE_LOOP('',(#10740,#10741,#10742,#10748));
#10740 = ORIENTED_EDGE('',*,*,#10709,.T.);
#10741 = ORIENTED_EDGE('',*,*,#6711,.T.);
#10742 = ORIENTED_EDGE('',*,*,#10743,.F.);
#10743 = EDGE_CURVE('',#4314,#6703,#10744,.T.);
#10744 = LINE('',#10745,#10746);
#10745 = CARTESIAN_POINT('',(85.510517,-63.219678,0.));
#10746 = VECTOR('',#10747,1.);
#10747 = DIRECTION('',(0.,0.,1.));
#10748 = ORIENTED_EDGE('',*,*,#4322,.F.);
#10749 = CYLINDRICAL_SURFACE('',#10750,0.499989885034);
#10750 = AXIS2_PLACEMENT_3D('',#10751,#10752,#10753);
#10751 = CARTESIAN_POINT('',(85.060012114969,-63.00280192086,0.));
#10752 = DIRECTION('',(0.,0.,-1.));
#10753 = DIRECTION('',(0.999999999993,3.841811392097E-06,0.));
#10754 = ADVANCED_FACE('',(#10755),#10761,.F.);
#10755 = FACE_BOUND('',#10756,.T.);
#10756 = EDGE_LOOP('',(#10757,#10758,#10759,#10760));
#10757 = ORIENTED_EDGE('',*,*,#10743,.T.);
#10758 = ORIENTED_EDGE('',*,*,#6702,.T.);
#10759 = ORIENTED_EDGE('',*,*,#10724,.F.);
#10760 = ORIENTED_EDGE('',*,*,#4313,.F.);
#10761 = CYLINDRICAL_SURFACE('',#10762,0.500000669307);
#10762 = AXIS2_PLACEMENT_3D('',#10763,#10764,#10765);
#10763 = CARTESIAN_POINT('',(85.961033535509,-63.43655474043,0.));
#10764 = DIRECTION('',(-0.,-0.,-1.));
#10765 = DIRECTION('',(-0.901031864884,0.433752900236,0.));
#10766 = ADVANCED_FACE('',(#10767),#10778,.F.);
#10767 = FACE_BOUND('',#10768,.T.);
#10768 = EDGE_LOOP('',(#10769,#10770,#10776,#10777));
#10769 = ORIENTED_EDGE('',*,*,#4383,.T.);
#10770 = ORIENTED_EDGE('',*,*,#10771,.T.);
#10771 = EDGE_CURVE('',#4384,#6773,#10772,.T.);
#10772 = LINE('',#10773,#10774);
#10773 = CARTESIAN_POINT('',(81.905,-58.425,-4.6E-02));
#10774 = VECTOR('',#10775,1.);
#10775 = DIRECTION('',(0.,0.,1.));
#10776 = ORIENTED_EDGE('',*,*,#6772,.F.);
#10777 = ORIENTED_EDGE('',*,*,#10771,.F.);
#10778 = CYLINDRICAL_SURFACE('',#10779,0.85);
#10779 = AXIS2_PLACEMENT_3D('',#10780,#10781,#10782);
#10780 = CARTESIAN_POINT('',(81.905,-57.575,-4.6E-02));
#10781 = DIRECTION('',(-0.,-0.,-1.));
#10782 = DIRECTION('',(-0.,-1.,0.));
#10783 = ADVANCED_FACE('',(#10784),#10795,.F.);
#10784 = FACE_BOUND('',#10785,.T.);
#10785 = EDGE_LOOP('',(#10786,#10787,#10793,#10794));
#10786 = ORIENTED_EDGE('',*,*,#4394,.T.);
#10787 = ORIENTED_EDGE('',*,*,#10788,.T.);
#10788 = EDGE_CURVE('',#4395,#6784,#10789,.T.);
#10789 = LINE('',#10790,#10791);
#10790 = CARTESIAN_POINT('',(86.985,-59.575,-4.6E-02));
#10791 = VECTOR('',#10792,1.);
#10792 = DIRECTION('',(0.,0.,1.));
#10793 = ORIENTED_EDGE('',*,*,#6783,.F.);
#10794 = ORIENTED_EDGE('',*,*,#10788,.F.);
#10795 = CYLINDRICAL_SURFACE('',#10796,2.);
#10796 = AXIS2_PLACEMENT_3D('',#10797,#10798,#10799);
#10797 = CARTESIAN_POINT('',(86.985,-57.575,-4.6E-02));
#10798 = DIRECTION('',(-0.,-0.,-1.));
#10799 = DIRECTION('',(-0.,-1.,0.));
#10800 = ADVANCED_FACE('',(#10801),#10812,.F.);
#10801 = FACE_BOUND('',#10802,.T.);
#10802 = EDGE_LOOP('',(#10803,#10804,#10810,#10811));
#10803 = ORIENTED_EDGE('',*,*,#4405,.T.);
#10804 = ORIENTED_EDGE('',*,*,#10805,.T.);
#10805 = EDGE_CURVE('',#4406,#6795,#10806,.T.);
#10806 = LINE('',#10807,#10808);
#10807 = CARTESIAN_POINT('',(92.065,-58.425,-4.6E-02));
#10808 = VECTOR('',#10809,1.);
#10809 = DIRECTION('',(0.,0.,1.));
#10810 = ORIENTED_EDGE('',*,*,#6794,.F.);
#10811 = ORIENTED_EDGE('',*,*,#10805,.F.);
#10812 = CYLINDRICAL_SURFACE('',#10813,0.85);
#10813 = AXIS2_PLACEMENT_3D('',#10814,#10815,#10816);
#10814 = CARTESIAN_POINT('',(92.065,-57.575,-4.6E-02));
#10815 = DIRECTION('',(-0.,-0.,-1.));
#10816 = DIRECTION('',(-0.,-1.,0.));
#10817 = ADVANCED_FACE('',(#10818),#10829,.F.);
#10818 = FACE_BOUND('',#10819,.T.);
#10819 = EDGE_LOOP('',(#10820,#10821,#10827,#10828));
#10820 = ORIENTED_EDGE('',*,*,#4416,.T.);
#10821 = ORIENTED_EDGE('',*,*,#10822,.T.);
#10822 = EDGE_CURVE('',#4417,#6806,#10823,.T.);
#10823 = LINE('',#10824,#10825);
#10824 = CARTESIAN_POINT('',(83.175,-55.785,-4.6E-02));
#10825 = VECTOR('',#10826,1.);
#10826 = DIRECTION('',(0.,0.,1.));
#10827 = ORIENTED_EDGE('',*,*,#6805,.F.);
#10828 = ORIENTED_EDGE('',*,*,#10822,.F.);
#10829 = CYLINDRICAL_SURFACE('',#10830,0.75);
#10830 = AXIS2_PLACEMENT_3D('',#10831,#10832,#10833);
#10831 = CARTESIAN_POINT('',(83.175,-55.035,-4.6E-02));
#10832 = DIRECTION('',(-0.,-0.,-1.));
#10833 = DIRECTION('',(-0.,-1.,0.));
#10834 = ADVANCED_FACE('',(#10835),#10846,.F.);
#10835 = FACE_BOUND('',#10836,.T.);
#10836 = EDGE_LOOP('',(#10837,#10838,#10844,#10845));
#10837 = ORIENTED_EDGE('',*,*,#4427,.T.);
#10838 = ORIENTED_EDGE('',*,*,#10839,.T.);
#10839 = EDGE_CURVE('',#4428,#6817,#10840,.T.);
#10840 = LINE('',#10841,#10842);
#10841 = CARTESIAN_POINT('',(89.525,-53.245,-4.6E-02));
#10842 = VECTOR('',#10843,1.);
#10843 = DIRECTION('',(0.,0.,1.));
#10844 = ORIENTED_EDGE('',*,*,#6816,.F.);
#10845 = ORIENTED_EDGE('',*,*,#10839,.F.);
#10846 = CYLINDRICAL_SURFACE('',#10847,0.75);
#10847 = AXIS2_PLACEMENT_3D('',#10848,#10849,#10850);
#10848 = CARTESIAN_POINT('',(89.525,-52.495,-4.6E-02));
#10849 = DIRECTION('',(-0.,-0.,-1.));
#10850 = DIRECTION('',(-0.,-1.,0.));
#10851 = ADVANCED_FACE('',(#10852),#10863,.F.);
#10852 = FACE_BOUND('',#10853,.T.);
#10853 = EDGE_LOOP('',(#10854,#10855,#10861,#10862));
#10854 = ORIENTED_EDGE('',*,*,#4438,.T.);
#10855 = ORIENTED_EDGE('',*,*,#10856,.T.);
#10856 = EDGE_CURVE('',#4439,#6828,#10857,.T.);
#10857 = LINE('',#10858,#10859);
#10858 = CARTESIAN_POINT('',(105.31,-62.0125,-4.6E-02));
#10859 = VECTOR('',#10860,1.);
#10860 = DIRECTION('',(0.,0.,1.));
#10861 = ORIENTED_EDGE('',*,*,#6827,.F.);
#10862 = ORIENTED_EDGE('',*,*,#10856,.F.);
#10863 = CYLINDRICAL_SURFACE('',#10864,0.4);
#10864 = AXIS2_PLACEMENT_3D('',#10865,#10866,#10867);
#10865 = CARTESIAN_POINT('',(105.31,-61.6125,-4.6E-02));
#10866 = DIRECTION('',(-0.,-0.,-1.));
#10867 = DIRECTION('',(-0.,-1.,0.));
#10868 = ADVANCED_FACE('',(#10869),#10880,.F.);
#10869 = FACE_BOUND('',#10870,.T.);
#10870 = EDGE_LOOP('',(#10871,#10872,#10878,#10879));
#10871 = ORIENTED_EDGE('',*,*,#4449,.T.);
#10872 = ORIENTED_EDGE('',*,*,#10873,.T.);
#10873 = EDGE_CURVE('',#4450,#6839,#10874,.T.);
#10874 = LINE('',#10875,#10876);
#10875 = CARTESIAN_POINT('',(112.93,-62.0125,-4.6E-02));
#10876 = VECTOR('',#10877,1.);
#10877 = DIRECTION('',(0.,0.,1.));
#10878 = ORIENTED_EDGE('',*,*,#6838,.F.);
#10879 = ORIENTED_EDGE('',*,*,#10873,.F.);
#10880 = CYLINDRICAL_SURFACE('',#10881,0.4);
#10881 = AXIS2_PLACEMENT_3D('',#10882,#10883,#10884);
#10882 = CARTESIAN_POINT('',(112.93,-61.6125,-4.6E-02));
#10883 = DIRECTION('',(-0.,-0.,-1.));
#10884 = DIRECTION('',(-0.,-1.,0.));
#10885 = ADVANCED_FACE('',(#10886),#10897,.F.);
#10886 = FACE_BOUND('',#10887,.T.);
#10887 = EDGE_LOOP('',(#10888,#10889,#10895,#10896));
#10888 = ORIENTED_EDGE('',*,*,#4460,.T.);
#10889 = ORIENTED_EDGE('',*,*,#10890,.T.);
#10890 = EDGE_CURVE('',#4461,#6850,#10891,.T.);
#10891 = LINE('',#10892,#10893);
#10892 = CARTESIAN_POINT('',(105.31,-55.7,-4.6E-02));
#10893 = VECTOR('',#10894,1.);
#10894 = DIRECTION('',(0.,0.,1.));
#10895 = ORIENTED_EDGE('',*,*,#6849,.F.);
#10896 = ORIENTED_EDGE('',*,*,#10890,.F.);
#10897 = CYLINDRICAL_SURFACE('',#10898,0.4);
#10898 = AXIS2_PLACEMENT_3D('',#10899,#10900,#10901);
#10899 = CARTESIAN_POINT('',(105.31,-55.3,-4.6E-02));
#10900 = DIRECTION('',(-0.,-0.,-1.));
#10901 = DIRECTION('',(-0.,-1.,0.));
#10902 = ADVANCED_FACE('',(#10903),#10914,.F.);
#10903 = FACE_BOUND('',#10904,.T.);
#10904 = EDGE_LOOP('',(#10905,#10906,#10912,#10913));
#10905 = ORIENTED_EDGE('',*,*,#4471,.T.);
#10906 = ORIENTED_EDGE('',*,*,#10907,.T.);
#10907 = EDGE_CURVE('',#4472,#6861,#10908,.T.);
#10908 = LINE('',#10909,#10910);
#10909 = CARTESIAN_POINT('',(112.93,-55.7,-4.6E-02));
#10910 = VECTOR('',#10911,1.);
#10911 = DIRECTION('',(0.,0.,1.));
#10912 = ORIENTED_EDGE('',*,*,#6860,.F.);
#10913 = ORIENTED_EDGE('',*,*,#10907,.F.);
#10914 = CYLINDRICAL_SURFACE('',#10915,0.4);
#10915 = AXIS2_PLACEMENT_3D('',#10916,#10917,#10918);
#10916 = CARTESIAN_POINT('',(112.93,-55.3,-4.6E-02));
#10917 = DIRECTION('',(-0.,-0.,-1.));
#10918 = DIRECTION('',(-0.,-1.,0.));
#10919 = ADVANCED_FACE('',(#10920),#10931,.F.);
#10920 = FACE_BOUND('',#10921,.T.);
#10921 = EDGE_LOOP('',(#10922,#10923,#10929,#10930));
#10922 = ORIENTED_EDGE('',*,*,#4482,.T.);
#10923 = ORIENTED_EDGE('',*,*,#10924,.T.);
#10924 = EDGE_CURVE('',#4483,#6872,#10925,.T.);
#10925 = LINE('',#10926,#10927);
#10926 = CARTESIAN_POINT('',(105.31,-49.3875,-4.6E-02));
#10927 = VECTOR('',#10928,1.);
#10928 = DIRECTION('',(0.,0.,1.));
#10929 = ORIENTED_EDGE('',*,*,#6871,.F.);
#10930 = ORIENTED_EDGE('',*,*,#10924,.F.);
#10931 = CYLINDRICAL_SURFACE('',#10932,0.4);
#10932 = AXIS2_PLACEMENT_3D('',#10933,#10934,#10935);
#10933 = CARTESIAN_POINT('',(105.31,-48.9875,-4.6E-02));
#10934 = DIRECTION('',(-0.,-0.,-1.));
#10935 = DIRECTION('',(-0.,-1.,0.));
#10936 = ADVANCED_FACE('',(#10937),#10948,.F.);
#10937 = FACE_BOUND('',#10938,.T.);
#10938 = EDGE_LOOP('',(#10939,#10940,#10946,#10947));
#10939 = ORIENTED_EDGE('',*,*,#4493,.T.);
#10940 = ORIENTED_EDGE('',*,*,#10941,.T.);
#10941 = EDGE_CURVE('',#4494,#6883,#10942,.T.);
#10942 = LINE('',#10943,#10944);
#10943 = CARTESIAN_POINT('',(112.93,-49.3875,-4.6E-02));
#10944 = VECTOR('',#10945,1.);
#10945 = DIRECTION('',(0.,0.,1.));
#10946 = ORIENTED_EDGE('',*,*,#6882,.F.);
#10947 = ORIENTED_EDGE('',*,*,#10941,.F.);
#10948 = CYLINDRICAL_SURFACE('',#10949,0.4);
#10949 = AXIS2_PLACEMENT_3D('',#10950,#10951,#10952);
#10950 = CARTESIAN_POINT('',(112.93,-48.9875,-4.6E-02));
#10951 = DIRECTION('',(-0.,-0.,-1.));
#10952 = DIRECTION('',(-0.,-1.,0.));
#10953 = ADVANCED_FACE('',(#10954),#10965,.F.);
#10954 = FACE_BOUND('',#10955,.T.);
#10955 = EDGE_LOOP('',(#10956,#10957,#10963,#10964));
#10956 = ORIENTED_EDGE('',*,*,#4504,.T.);
#10957 = ORIENTED_EDGE('',*,*,#10958,.T.);
#10958 = EDGE_CURVE('',#4505,#6894,#10959,.T.);
#10959 = LINE('',#10960,#10961);
#10960 = CARTESIAN_POINT('',(87.11,-39.05,-4.6E-02));
#10961 = VECTOR('',#10962,1.);
#10962 = DIRECTION('',(0.,0.,1.));
#10963 = ORIENTED_EDGE('',*,*,#6893,.F.);
#10964 = ORIENTED_EDGE('',*,*,#10958,.F.);
#10965 = CYLINDRICAL_SURFACE('',#10966,0.5);
#10966 = AXIS2_PLACEMENT_3D('',#10967,#10968,#10969);
#10967 = CARTESIAN_POINT('',(87.11,-38.55,-4.6E-02));
#10968 = DIRECTION('',(-0.,-0.,-1.));
#10969 = DIRECTION('',(-0.,-1.,0.));
#10970 = ADVANCED_FACE('',(#10971),#10982,.F.);
#10971 = FACE_BOUND('',#10972,.T.);
#10972 = EDGE_LOOP('',(#10973,#10974,#10980,#10981));
#10973 = ORIENTED_EDGE('',*,*,#4515,.T.);
#10974 = ORIENTED_EDGE('',*,*,#10975,.T.);
#10975 = EDGE_CURVE('',#4516,#6905,#10976,.T.);
#10976 = LINE('',#10977,#10978);
#10977 = CARTESIAN_POINT('',(87.11,-36.55,-4.6E-02));
#10978 = VECTOR('',#10979,1.);
#10979 = DIRECTION('',(0.,0.,1.));
#10980 = ORIENTED_EDGE('',*,*,#6904,.F.);
#10981 = ORIENTED_EDGE('',*,*,#10975,.F.);
#10982 = CYLINDRICAL_SURFACE('',#10983,0.5);
#10983 = AXIS2_PLACEMENT_3D('',#10984,#10985,#10986);
#10984 = CARTESIAN_POINT('',(87.11,-36.05,-4.6E-02));
#10985 = DIRECTION('',(-0.,-0.,-1.));
#10986 = DIRECTION('',(-0.,-1.,0.));
#10987 = ADVANCED_FACE('',(#10988),#11004,.F.);
#10988 = FACE_BOUND('',#10989,.T.);
#10989 = EDGE_LOOP('',(#10990,#10991,#10997,#10998));
#10990 = ORIENTED_EDGE('',*,*,#4526,.T.);
#10991 = ORIENTED_EDGE('',*,*,#10992,.T.);
#10992 = EDGE_CURVE('',#4529,#6918,#10993,.T.);
#10993 = LINE('',#10994,#10995);
#10994 = CARTESIAN_POINT('',(95.26,-42.4,-4.6E-02));
#10995 = VECTOR('',#10996,1.);
#10996 = DIRECTION('',(0.,0.,1.));
#10997 = ORIENTED_EDGE('',*,*,#6915,.F.);
#10998 = ORIENTED_EDGE('',*,*,#10999,.F.);
#10999 = EDGE_CURVE('',#4527,#6916,#11000,.T.);
#11000 = LINE('',#11001,#11002);
#11001 = CARTESIAN_POINT('',(95.26,-40.9,-4.6E-02));
#11002 = VECTOR('',#11003,1.);
#11003 = DIRECTION('',(0.,0.,1.));
#11004 = CYLINDRICAL_SURFACE('',#11005,0.75);
#11005 = AXIS2_PLACEMENT_3D('',#11006,#11007,#11008);
#11006 = CARTESIAN_POINT('',(95.26,-41.65,-4.6E-02));
#11007 = DIRECTION('',(-0.,-0.,-1.));
#11008 = DIRECTION('',(-0.,-1.,0.));
#11009 = ADVANCED_FACE('',(#11010),#11021,.T.);
#11010 = FACE_BOUND('',#11011,.T.);
#11011 = EDGE_LOOP('',(#11012,#11013,#11014,#11015));
#11012 = ORIENTED_EDGE('',*,*,#4554,.T.);
#11013 = ORIENTED_EDGE('',*,*,#10999,.T.);
#11014 = ORIENTED_EDGE('',*,*,#6943,.F.);
#11015 = ORIENTED_EDGE('',*,*,#11016,.F.);
#11016 = EDGE_CURVE('',#4546,#6935,#11017,.T.);
#11017 = LINE('',#11018,#11019);
#11018 = CARTESIAN_POINT('',(93.96,-40.9,-4.6E-02));
#11019 = VECTOR('',#11020,1.);
#11020 = DIRECTION('',(0.,0.,1.));
#11021 = PLANE('',#11022);
#11022 = AXIS2_PLACEMENT_3D('',#11023,#11024,#11025);
#11023 = CARTESIAN_POINT('',(95.26,-40.9,-4.6E-02));
#11024 = DIRECTION('',(0.,-1.,0.));
#11025 = DIRECTION('',(-1.,0.,0.));
#11026 = ADVANCED_FACE('',(#11027),#11038,.F.);
#11027 = FACE_BOUND('',#11028,.T.);
#11028 = EDGE_LOOP('',(#11029,#11030,#11031,#11032));
#11029 = ORIENTED_EDGE('',*,*,#4545,.T.);
#11030 = ORIENTED_EDGE('',*,*,#11016,.T.);
#11031 = ORIENTED_EDGE('',*,*,#6934,.F.);
#11032 = ORIENTED_EDGE('',*,*,#11033,.F.);
#11033 = EDGE_CURVE('',#4538,#6927,#11034,.T.);
#11034 = LINE('',#11035,#11036);
#11035 = CARTESIAN_POINT('',(93.96,-42.4,-4.6E-02));
#11036 = VECTOR('',#11037,1.);
#11037 = DIRECTION('',(0.,0.,1.));
#11038 = CYLINDRICAL_SURFACE('',#11039,0.75);
#11039 = AXIS2_PLACEMENT_3D('',#11040,#11041,#11042);
#11040 = CARTESIAN_POINT('',(93.96,-41.65,-4.6E-02));
#11041 = DIRECTION('',(-0.,0.,-1.));
#11042 = DIRECTION('',(0.,1.,0.));
#11043 = ADVANCED_FACE('',(#11044),#11050,.T.);
#11044 = FACE_BOUND('',#11045,.T.);
#11045 = EDGE_LOOP('',(#11046,#11047,#11048,#11049));
#11046 = ORIENTED_EDGE('',*,*,#4537,.T.);
#11047 = ORIENTED_EDGE('',*,*,#11033,.T.);
#11048 = ORIENTED_EDGE('',*,*,#6926,.F.);
#11049 = ORIENTED_EDGE('',*,*,#10992,.F.);
#11050 = PLANE('',#11051);
#11051 = AXIS2_PLACEMENT_3D('',#11052,#11053,#11054);
#11052 = CARTESIAN_POINT('',(93.96,-42.4,-4.6E-02));
#11053 = DIRECTION('',(0.,1.,0.));
#11054 = DIRECTION('',(1.,0.,0.));
#11055 = ADVANCED_FACE('',(#11056),#11067,.F.);
#11056 = FACE_BOUND('',#11057,.T.);
#11057 = EDGE_LOOP('',(#11058,#11059,#11065,#11066));
#11058 = ORIENTED_EDGE('',*,*,#4562,.T.);
#11059 = ORIENTED_EDGE('',*,*,#11060,.T.);
#11060 = EDGE_CURVE('',#4563,#6952,#11061,.T.);
#11061 = LINE('',#11062,#11063);
#11062 = CARTESIAN_POINT('',(101.61,-39.05,-4.6E-02));
#11063 = VECTOR('',#11064,1.);
#11064 = DIRECTION('',(0.,0.,1.));
#11065 = ORIENTED_EDGE('',*,*,#6951,.F.);
#11066 = ORIENTED_EDGE('',*,*,#11060,.F.);
#11067 = CYLINDRICAL_SURFACE('',#11068,0.5);
#11068 = AXIS2_PLACEMENT_3D('',#11069,#11070,#11071);
#11069 = CARTESIAN_POINT('',(101.61,-38.55,-4.6E-02));
#11070 = DIRECTION('',(-0.,-0.,-1.));
#11071 = DIRECTION('',(-0.,-1.,0.));
#11072 = ADVANCED_FACE('',(#11073),#11084,.F.);
#11073 = FACE_BOUND('',#11074,.T.);
#11074 = EDGE_LOOP('',(#11075,#11076,#11082,#11083));
#11075 = ORIENTED_EDGE('',*,*,#4573,.T.);
#11076 = ORIENTED_EDGE('',*,*,#11077,.T.);
#11077 = EDGE_CURVE('',#4574,#6963,#11078,.T.);
#11078 = LINE('',#11079,#11080);
#11079 = CARTESIAN_POINT('',(87.11,-34.05,-4.6E-02));
#11080 = VECTOR('',#11081,1.);
#11081 = DIRECTION('',(0.,0.,1.));
#11082 = ORIENTED_EDGE('',*,*,#6962,.F.);
#11083 = ORIENTED_EDGE('',*,*,#11077,.F.);
#11084 = CYLINDRICAL_SURFACE('',#11085,0.5);
#11085 = AXIS2_PLACEMENT_3D('',#11086,#11087,#11088);
#11086 = CARTESIAN_POINT('',(87.11,-33.55,-4.6E-02));
#11087 = DIRECTION('',(-0.,-0.,-1.));
#11088 = DIRECTION('',(-0.,-1.,0.));
#11089 = ADVANCED_FACE('',(#11090),#11106,.F.);
#11090 = FACE_BOUND('',#11091,.T.);
#11091 = EDGE_LOOP('',(#11092,#11093,#11099,#11100));
#11092 = ORIENTED_EDGE('',*,*,#4584,.T.);
#11093 = ORIENTED_EDGE('',*,*,#11094,.T.);
#11094 = EDGE_CURVE('',#4587,#6976,#11095,.T.);
#11095 = LINE('',#11096,#11097);
#11096 = CARTESIAN_POINT('',(95.26,-31.2,-4.6E-02));
#11097 = VECTOR('',#11098,1.);
#11098 = DIRECTION('',(0.,0.,1.));
#11099 = ORIENTED_EDGE('',*,*,#6973,.F.);
#11100 = ORIENTED_EDGE('',*,*,#11101,.F.);
#11101 = EDGE_CURVE('',#4585,#6974,#11102,.T.);
#11102 = LINE('',#11103,#11104);
#11103 = CARTESIAN_POINT('',(95.26,-29.7,-4.6E-02));
#11104 = VECTOR('',#11105,1.);
#11105 = DIRECTION('',(0.,0.,1.));
#11106 = CYLINDRICAL_SURFACE('',#11107,0.75);
#11107 = AXIS2_PLACEMENT_3D('',#11108,#11109,#11110);
#11108 = CARTESIAN_POINT('',(95.26,-30.45,-4.6E-02));
#11109 = DIRECTION('',(-0.,-0.,-1.));
#11110 = DIRECTION('',(-0.,-1.,0.));
#11111 = ADVANCED_FACE('',(#11112),#11123,.T.);
#11112 = FACE_BOUND('',#11113,.T.);
#11113 = EDGE_LOOP('',(#11114,#11115,#11116,#11117));
#11114 = ORIENTED_EDGE('',*,*,#4612,.T.);
#11115 = ORIENTED_EDGE('',*,*,#11101,.T.);
#11116 = ORIENTED_EDGE('',*,*,#7001,.F.);
#11117 = ORIENTED_EDGE('',*,*,#11118,.F.);
#11118 = EDGE_CURVE('',#4604,#6993,#11119,.T.);
#11119 = LINE('',#11120,#11121);
#11120 = CARTESIAN_POINT('',(93.96,-29.7,-4.6E-02));
#11121 = VECTOR('',#11122,1.);
#11122 = DIRECTION('',(0.,0.,1.));
#11123 = PLANE('',#11124);
#11124 = AXIS2_PLACEMENT_3D('',#11125,#11126,#11127);
#11125 = CARTESIAN_POINT('',(95.26,-29.7,-4.6E-02));
#11126 = DIRECTION('',(0.,-1.,0.));
#11127 = DIRECTION('',(-1.,0.,0.));
#11128 = ADVANCED_FACE('',(#11129),#11140,.F.);
#11129 = FACE_BOUND('',#11130,.T.);
#11130 = EDGE_LOOP('',(#11131,#11132,#11133,#11134));
#11131 = ORIENTED_EDGE('',*,*,#4603,.T.);
#11132 = ORIENTED_EDGE('',*,*,#11118,.T.);
#11133 = ORIENTED_EDGE('',*,*,#6992,.F.);
#11134 = ORIENTED_EDGE('',*,*,#11135,.F.);
#11135 = EDGE_CURVE('',#4596,#6985,#11136,.T.);
#11136 = LINE('',#11137,#11138);
#11137 = CARTESIAN_POINT('',(93.96,-31.2,-4.6E-02));
#11138 = VECTOR('',#11139,1.);
#11139 = DIRECTION('',(0.,0.,1.));
#11140 = CYLINDRICAL_SURFACE('',#11141,0.75);
#11141 = AXIS2_PLACEMENT_3D('',#11142,#11143,#11144);
#11142 = CARTESIAN_POINT('',(93.96,-30.45,-4.6E-02));
#11143 = DIRECTION('',(-0.,0.,-1.));
#11144 = DIRECTION('',(0.,1.,0.));
#11145 = ADVANCED_FACE('',(#11146),#11152,.T.);
#11146 = FACE_BOUND('',#11147,.T.);
#11147 = EDGE_LOOP('',(#11148,#11149,#11150,#11151));
#11148 = ORIENTED_EDGE('',*,*,#4595,.T.);
#11149 = ORIENTED_EDGE('',*,*,#11135,.T.);
#11150 = ORIENTED_EDGE('',*,*,#6984,.F.);
#11151 = ORIENTED_EDGE('',*,*,#11094,.F.);
#11152 = PLANE('',#11153);
#11153 = AXIS2_PLACEMENT_3D('',#11154,#11155,#11156);
#11154 = CARTESIAN_POINT('',(93.96,-31.2,-4.6E-02));
#11155 = DIRECTION('',(0.,1.,0.));
#11156 = DIRECTION('',(1.,0.,0.));
#11157 = ADVANCED_FACE('',(#11158),#11169,.F.);
#11158 = FACE_BOUND('',#11159,.T.);
#11159 = EDGE_LOOP('',(#11160,#11161,#11167,#11168));
#11160 = ORIENTED_EDGE('',*,*,#4620,.T.);
#11161 = ORIENTED_EDGE('',*,*,#11162,.T.);
#11162 = EDGE_CURVE('',#4621,#7010,#11163,.T.);
#11163 = LINE('',#11164,#11165);
#11164 = CARTESIAN_POINT('',(101.61,-34.05,-4.6E-02));
#11165 = VECTOR('',#11166,1.);
#11166 = DIRECTION('',(0.,0.,1.));
#11167 = ORIENTED_EDGE('',*,*,#7009,.F.);
#11168 = ORIENTED_EDGE('',*,*,#11162,.F.);
#11169 = CYLINDRICAL_SURFACE('',#11170,0.5);
#11170 = AXIS2_PLACEMENT_3D('',#11171,#11172,#11173);
#11171 = CARTESIAN_POINT('',(101.61,-33.55,-4.6E-02));
#11172 = DIRECTION('',(-0.,-0.,-1.));
#11173 = DIRECTION('',(-0.,-1.,0.));
#11174 = ADVANCED_FACE('',(#11175),#11186,.F.);
#11175 = FACE_BOUND('',#11176,.T.);
#11176 = EDGE_LOOP('',(#11177,#11178,#11184,#11185));
#11177 = ORIENTED_EDGE('',*,*,#4631,.T.);
#11178 = ORIENTED_EDGE('',*,*,#11179,.T.);
#11179 = EDGE_CURVE('',#4632,#7021,#11180,.T.);
#11180 = LINE('',#11181,#11182);
#11181 = CARTESIAN_POINT('',(105.31,-43.075,-4.6E-02));
#11182 = VECTOR('',#11183,1.);
#11183 = DIRECTION('',(0.,0.,1.));
#11184 = ORIENTED_EDGE('',*,*,#7020,.F.);
#11185 = ORIENTED_EDGE('',*,*,#11179,.F.);
#11186 = CYLINDRICAL_SURFACE('',#11187,0.4);
#11187 = AXIS2_PLACEMENT_3D('',#11188,#11189,#11190);
#11188 = CARTESIAN_POINT('',(105.31,-42.675,-4.6E-02));
#11189 = DIRECTION('',(-0.,-0.,-1.));
#11190 = DIRECTION('',(-0.,-1.,0.));
#11191 = ADVANCED_FACE('',(#11192),#11203,.F.);
#11192 = FACE_BOUND('',#11193,.T.);
#11193 = EDGE_LOOP('',(#11194,#11195,#11201,#11202));
#11194 = ORIENTED_EDGE('',*,*,#4642,.T.);
#11195 = ORIENTED_EDGE('',*,*,#11196,.T.);
#11196 = EDGE_CURVE('',#4643,#7032,#11197,.T.);
#11197 = LINE('',#11198,#11199);
#11198 = CARTESIAN_POINT('',(112.93,-43.075,-4.6E-02));
#11199 = VECTOR('',#11200,1.);
#11200 = DIRECTION('',(0.,0.,1.));
#11201 = ORIENTED_EDGE('',*,*,#7031,.F.);
#11202 = ORIENTED_EDGE('',*,*,#11196,.F.);
#11203 = CYLINDRICAL_SURFACE('',#11204,0.4);
#11204 = AXIS2_PLACEMENT_3D('',#11205,#11206,#11207);
#11205 = CARTESIAN_POINT('',(112.93,-42.675,-4.6E-02));
#11206 = DIRECTION('',(-0.,-0.,-1.));
#11207 = DIRECTION('',(-0.,-1.,0.));
#11208 = ADVANCED_FACE('',(#11209),#11220,.F.);
#11209 = FACE_BOUND('',#11210,.T.);
#11210 = EDGE_LOOP('',(#11211,#11212,#11218,#11219));
#11211 = ORIENTED_EDGE('',*,*,#4653,.T.);
#11212 = ORIENTED_EDGE('',*,*,#11213,.T.);
#11213 = EDGE_CURVE('',#4654,#7043,#11214,.T.);
#11214 = LINE('',#11215,#11216);
#11215 = CARTESIAN_POINT('',(105.31,-36.7625,-4.6E-02));
#11216 = VECTOR('',#11217,1.);
#11217 = DIRECTION('',(0.,0.,1.));
#11218 = ORIENTED_EDGE('',*,*,#7042,.F.);
#11219 = ORIENTED_EDGE('',*,*,#11213,.F.);
#11220 = CYLINDRICAL_SURFACE('',#11221,0.4);
#11221 = AXIS2_PLACEMENT_3D('',#11222,#11223,#11224);
#11222 = CARTESIAN_POINT('',(105.31,-36.3625,-4.6E-02));
#11223 = DIRECTION('',(-0.,-0.,-1.));
#11224 = DIRECTION('',(-0.,-1.,0.));
#11225 = ADVANCED_FACE('',(#11226),#11237,.F.);
#11226 = FACE_BOUND('',#11227,.T.);
#11227 = EDGE_LOOP('',(#11228,#11229,#11235,#11236));
#11228 = ORIENTED_EDGE('',*,*,#4664,.T.);
#11229 = ORIENTED_EDGE('',*,*,#11230,.T.);
#11230 = EDGE_CURVE('',#4665,#7054,#11231,.T.);
#11231 = LINE('',#11232,#11233);
#11232 = CARTESIAN_POINT('',(112.93,-36.7625,-4.6E-02));
#11233 = VECTOR('',#11234,1.);
#11234 = DIRECTION('',(0.,0.,1.));
#11235 = ORIENTED_EDGE('',*,*,#7053,.F.);
#11236 = ORIENTED_EDGE('',*,*,#11230,.F.);
#11237 = CYLINDRICAL_SURFACE('',#11238,0.4);
#11238 = AXIS2_PLACEMENT_3D('',#11239,#11240,#11241);
#11239 = CARTESIAN_POINT('',(112.93,-36.3625,-4.6E-02));
#11240 = DIRECTION('',(-0.,-0.,-1.));
#11241 = DIRECTION('',(-0.,-1.,0.));
#11242 = ADVANCED_FACE('',(#11243),#11254,.F.);
#11243 = FACE_BOUND('',#11244,.T.);
#11244 = EDGE_LOOP('',(#11245,#11246,#11252,#11253));
#11245 = ORIENTED_EDGE('',*,*,#4675,.T.);
#11246 = ORIENTED_EDGE('',*,*,#11247,.T.);
#11247 = EDGE_CURVE('',#4676,#7065,#11248,.T.);
#11248 = LINE('',#11249,#11250);
#11249 = CARTESIAN_POINT('',(105.31,-30.45,-4.6E-02));
#11250 = VECTOR('',#11251,1.);
#11251 = DIRECTION('',(0.,0.,1.));
#11252 = ORIENTED_EDGE('',*,*,#7064,.F.);
#11253 = ORIENTED_EDGE('',*,*,#11247,.F.);
#11254 = CYLINDRICAL_SURFACE('',#11255,0.4);
#11255 = AXIS2_PLACEMENT_3D('',#11256,#11257,#11258);
#11256 = CARTESIAN_POINT('',(105.31,-30.05,-4.6E-02));
#11257 = DIRECTION('',(-0.,-0.,-1.));
#11258 = DIRECTION('',(-0.,-1.,0.));
#11259 = ADVANCED_FACE('',(#11260),#11271,.F.);
#11260 = FACE_BOUND('',#11261,.T.);
#11261 = EDGE_LOOP('',(#11262,#11263,#11269,#11270));
#11262 = ORIENTED_EDGE('',*,*,#4686,.T.);
#11263 = ORIENTED_EDGE('',*,*,#11264,.T.);
#11264 = EDGE_CURVE('',#4687,#7076,#11265,.T.);
#11265 = LINE('',#11266,#11267);
#11266 = CARTESIAN_POINT('',(112.93,-30.45,-4.6E-02));
#11267 = VECTOR('',#11268,1.);
#11268 = DIRECTION('',(0.,0.,1.));
#11269 = ORIENTED_EDGE('',*,*,#7075,.F.);
#11270 = ORIENTED_EDGE('',*,*,#11264,.F.);
#11271 = CYLINDRICAL_SURFACE('',#11272,0.4);
#11272 = AXIS2_PLACEMENT_3D('',#11273,#11274,#11275);
#11273 = CARTESIAN_POINT('',(112.93,-30.05,-4.6E-02));
#11274 = DIRECTION('',(-0.,-0.,-1.));
#11275 = DIRECTION('',(-0.,-1.,0.));
#11276 = ADVANCED_FACE('',(#11277),#11288,.F.);
#11277 = FACE_BOUND('',#11278,.T.);
#11278 = EDGE_LOOP('',(#11279,#11280,#11286,#11287));
#11279 = ORIENTED_EDGE('',*,*,#4697,.T.);
#11280 = ORIENTED_EDGE('',*,*,#11281,.T.);
#11281 = EDGE_CURVE('',#4698,#7087,#11282,.T.);
#11282 = LINE('',#11283,#11284);
#11283 = CARTESIAN_POINT('',(124.5186,-26.5528,-4.6E-02));
#11284 = VECTOR('',#11285,1.);
#11285 = DIRECTION('',(0.,0.,1.));
#11286 = ORIENTED_EDGE('',*,*,#7086,.F.);
#11287 = ORIENTED_EDGE('',*,*,#11281,.F.);
#11288 = CYLINDRICAL_SURFACE('',#11289,1.6);
#11289 = AXIS2_PLACEMENT_3D('',#11290,#11291,#11292);
#11290 = CARTESIAN_POINT('',(124.5186,-24.9528,-4.6E-02));
#11291 = DIRECTION('',(-0.,0.,-1.));
#11292 = DIRECTION('',(8.881784197001E-15,-1.,-0.));
#11293 = ( GEOMETRIC_REPRESENTATION_CONTEXT(3) 
GLOBAL_UNCERTAINTY_ASSIGNED_CONTEXT((#11297)) 
GLOBAL_UNIT_ASSIGNED_CONTEXT((#11294,#11295,#11296)) 
REPRESENTATION_CONTEXT('Context #1',
  '3D Context with UNIT and UNCERTAINTY') );
#11294 = ( LENGTH_UNIT() NAMED_UNIT(*) SI_UNIT(.MILLI.,.METRE.) );
#11295 = ( NAMED_UNIT(*) PLANE_ANGLE_UNIT() SI_UNIT($,.RADIAN.) );
#11296 = ( NAMED_UNIT(*) SI_UNIT($,.STERADIAN.) SOLID_ANGLE_UNIT() );
#11297 = UNCERTAINTY_MEASURE_WITH_UNIT(LENGTH_MEASURE(1.E-07),#11294,
  'distance_accuracy_value','confusion accuracy');
#11298 = CONTEXT_DEPENDENT_SHAPE_REPRESENTATION(#11299,#11301);
#11299 = ( REPRESENTATION_RELATIONSHIP('','',#2216,#10) 
REPRESENTATION_RELATIONSHIP_WITH_TRANSFORMATION(#11300) 
SHAPE_REPRESENTATION_RELATIONSHIP() );
#11300 = ITEM_DEFINED_TRANSFORMATION('','',#11,#87);
#11301 = PRODUCT_DEFINITION_SHAPE('Placement','Placement of an item',
  #11302);
#11302 = NEXT_ASSEMBLY_USAGE_OCCURRENCE('26','=>[0:1:1:11]','',#5,#2211,
  $);
#11303 = PRODUCT_RELATED_PRODUCT_CATEGORY('part',$,(#2213));
#11304 = MECHANICAL_DESIGN_GEOMETRIC_PRESENTATION_REPRESENTATION('',(
    #11305,#11313,#11320,#11327,#11334,#11341,#11348,#11355,#11363,
    #11370,#11377,#11385,#11392,#11399,#11406,#11413),#2118);
#11305 = STYLED_ITEM('color',(#11306),#1770);
#11306 = PRESENTATION_STYLE_ASSIGNMENT((#11307));
#11307 = SURFACE_STYLE_USAGE(.BOTH.,#11308);
#11308 = SURFACE_SIDE_STYLE('',(#11309));
#11309 = SURFACE_STYLE_FILL_AREA(#11310);
#11310 = FILL_AREA_STYLE('',(#11311));
#11311 = FILL_AREA_STYLE_COLOUR('',#11312);
#11312 = COLOUR_RGB('',0.823999987314,0.819999987296,0.781000009244);
#11313 = STYLED_ITEM('color',(#11314),#1803);
#11314 = PRESENTATION_STYLE_ASSIGNMENT((#11315));
#11315 = SURFACE_STYLE_USAGE(.BOTH.,#11316);
#11316 = SURFACE_SIDE_STYLE('',(#11317));
#11317 = SURFACE_STYLE_FILL_AREA(#11318);
#11318 = FILL_AREA_STYLE('',(#11319));
#11319 = FILL_AREA_STYLE_COLOUR('',#11312);
#11320 = STYLED_ITEM('color',(#11321),#1829);
#11321 = PRESENTATION_STYLE_ASSIGNMENT((#11322));
#11322 = SURFACE_STYLE_USAGE(.BOTH.,#11323);
#11323 = SURFACE_SIDE_STYLE('',(#11324));
#11324 = SURFACE_STYLE_FILL_AREA(#11325);
#11325 = FILL_AREA_STYLE('',(#11326));
#11326 = FILL_AREA_STYLE_COLOUR('',#11312);
#11327 = STYLED_ITEM('color',(#11328),#1854);
#11328 = PRESENTATION_STYLE_ASSIGNMENT((#11329));
#11329 = SURFACE_STYLE_USAGE(.BOTH.,#11330);
#11330 = SURFACE_SIDE_STYLE('',(#11331));
#11331 = SURFACE_STYLE_FILL_AREA(#11332);
#11332 = FILL_AREA_STYLE('',(#11333));
#11333 = FILL_AREA_STYLE_COLOUR('',#11312);
#11334 = STYLED_ITEM('color',(#11335),#1880);
#11335 = PRESENTATION_STYLE_ASSIGNMENT((#11336));
#11336 = SURFACE_STYLE_USAGE(.BOTH.,#11337);
#11337 = SURFACE_SIDE_STYLE('',(#11338));
#11338 = SURFACE_STYLE_FILL_AREA(#11339);
#11339 = FILL_AREA_STYLE('',(#11340));
#11340 = FILL_AREA_STYLE_COLOUR('',#11312);
#11341 = STYLED_ITEM('color',(#11342),#1905);
#11342 = PRESENTATION_STYLE_ASSIGNMENT((#11343));
#11343 = SURFACE_STYLE_USAGE(.BOTH.,#11344);
#11344 = SURFACE_SIDE_STYLE('',(#11345));
#11345 = SURFACE_STYLE_FILL_AREA(#11346);
#11346 = FILL_AREA_STYLE('',(#11347));
#11347 = FILL_AREA_STYLE_COLOUR('',#11312);
#11348 = STYLED_ITEM('color',(#11349),#1914);
#11349 = PRESENTATION_STYLE_ASSIGNMENT((#11350));
#11350 = SURFACE_STYLE_USAGE(.BOTH.,#11351);
#11351 = SURFACE_SIDE_STYLE('',(#11352));
#11352 = SURFACE_STYLE_FILL_AREA(#11353);
#11353 = FILL_AREA_STYLE('',(#11354));
#11354 = FILL_AREA_STYLE_COLOUR('',#11312);
#11355 = STYLED_ITEM('color',(#11356),#1925);
#11356 = PRESENTATION_STYLE_ASSIGNMENT((#11357));
#11357 = SURFACE_STYLE_USAGE(.BOTH.,#11358);
#11358 = SURFACE_SIDE_STYLE('',(#11359));
#11359 = SURFACE_STYLE_FILL_AREA(#11360);
#11360 = FILL_AREA_STYLE('',(#11361));
#11361 = FILL_AREA_STYLE_COLOUR('',#11362);
#11362 = COLOUR_RGB('',0.699999984889,9.999999991362E-02,
  5.000000142576E-02);
#11363 = STYLED_ITEM('color',(#11364),#1958);
#11364 = PRESENTATION_STYLE_ASSIGNMENT((#11365));
#11365 = SURFACE_STYLE_USAGE(.BOTH.,#11366);
#11366 = SURFACE_SIDE_STYLE('',(#11367));
#11367 = SURFACE_STYLE_FILL_AREA(#11368);
#11368 = FILL_AREA_STYLE('',(#11369));
#11369 = FILL_AREA_STYLE_COLOUR('',#11362);
#11370 = STYLED_ITEM('color',(#11371),#1978);
#11371 = PRESENTATION_STYLE_ASSIGNMENT((#11372));
#11372 = SURFACE_STYLE_USAGE(.BOTH.,#11373);
#11373 = SURFACE_SIDE_STYLE('',(#11374));
#11374 = SURFACE_STYLE_FILL_AREA(#11375);
#11375 = FILL_AREA_STYLE('',(#11376));
#11376 = FILL_AREA_STYLE_COLOUR('',#11362);
#11377 = STYLED_ITEM('color',(#11378),#1998);
#11378 = PRESENTATION_STYLE_ASSIGNMENT((#11379));
#11379 = SURFACE_STYLE_USAGE(.BOTH.,#11380);
#11380 = SURFACE_SIDE_STYLE('',(#11381));
#11381 = SURFACE_STYLE_FILL_AREA(#11382);
#11382 = FILL_AREA_STYLE('',(#11383));
#11383 = FILL_AREA_STYLE_COLOUR('',#11384);
#11384 = COLOUR_RGB('',0.,0.631244006163,0.748016017657);
#11385 = STYLED_ITEM('color',(#11386),#2023);
#11386 = PRESENTATION_STYLE_ASSIGNMENT((#11387));
#11387 = SURFACE_STYLE_USAGE(.BOTH.,#11388);
#11388 = SURFACE_SIDE_STYLE('',(#11389));
#11389 = SURFACE_STYLE_FILL_AREA(#11390);
#11390 = FILL_AREA_STYLE('',(#11391));
#11391 = FILL_AREA_STYLE_COLOUR('',#11384);
#11392 = STYLED_ITEM('color',(#11393),#2048);
#11393 = PRESENTATION_STYLE_ASSIGNMENT((#11394));
#11394 = SURFACE_STYLE_USAGE(.BOTH.,#11395);
#11395 = SURFACE_SIDE_STYLE('',(#11396));
#11396 = SURFACE_STYLE_FILL_AREA(#11397);
#11397 = FILL_AREA_STYLE('',(#11398));
#11398 = FILL_AREA_STYLE_COLOUR('',#11384);
#11399 = STYLED_ITEM('color',(#11400),#2074);
#11400 = PRESENTATION_STYLE_ASSIGNMENT((#11401));
#11401 = SURFACE_STYLE_USAGE(.BOTH.,#11402);
#11402 = SURFACE_SIDE_STYLE('',(#11403));
#11403 = SURFACE_STYLE_FILL_AREA(#11404);
#11404 = FILL_AREA_STYLE('',(#11405));
#11405 = FILL_AREA_STYLE_COLOUR('',#11384);
#11406 = STYLED_ITEM('color',(#11407),#2100);
#11407 = PRESENTATION_STYLE_ASSIGNMENT((#11408));
#11408 = SURFACE_STYLE_USAGE(.BOTH.,#11409);
#11409 = SURFACE_SIDE_STYLE('',(#11410));
#11410 = SURFACE_STYLE_FILL_AREA(#11411);
#11411 = FILL_AREA_STYLE('',(#11412));
#11412 = FILL_AREA_STYLE_COLOUR('',#11384);
#11413 = STYLED_ITEM('color',(#11414),#2109);
#11414 = PRESENTATION_STYLE_ASSIGNMENT((#11415));
#11415 = SURFACE_STYLE_USAGE(.BOTH.,#11416);
#11416 = SURFACE_SIDE_STYLE('',(#11417));
#11417 = SURFACE_STYLE_FILL_AREA(#11418);
#11418 = FILL_AREA_STYLE('',(#11419));
#11419 = FILL_AREA_STYLE_COLOUR('',#11384);
#11420 = MECHANICAL_DESIGN_GEOMETRIC_PRESENTATION_REPRESENTATION('',(
    #11421),#1557);
#11421 = STYLED_ITEM('color',(#11422),#1407);
#11422 = PRESENTATION_STYLE_ASSIGNMENT((#11423,#11429));
#11423 = SURFACE_STYLE_USAGE(.BOTH.,#11424);
#11424 = SURFACE_SIDE_STYLE('',(#11425));
#11425 = SURFACE_STYLE_FILL_AREA(#11426);
#11426 = FILL_AREA_STYLE('',(#11427));
#11427 = FILL_AREA_STYLE_COLOUR('',#11428);
#11428 = COLOUR_RGB('',0.47058824112,0.47058824112,0.47058824112);
#11429 = CURVE_STYLE('',#11430,POSITIVE_LENGTH_MEASURE(0.1),#11431);
#11430 = DRAUGHTING_PRE_DEFINED_CURVE_FONT('continuous');
#11431 = COLOUR_RGB('',9.803921802644E-02,9.803921802644E-02,
  9.803921802644E-02);
#11432 = MECHANICAL_DESIGN_GEOMETRIC_PRESENTATION_REPRESENTATION('',(
    #11433),#1388);
#11433 = STYLED_ITEM('color',(#11434),#1205);
#11434 = PRESENTATION_STYLE_ASSIGNMENT((#11435,#11440));
#11435 = SURFACE_STYLE_USAGE(.BOTH.,#11436);
#11436 = SURFACE_SIDE_STYLE('',(#11437));
#11437 = SURFACE_STYLE_FILL_AREA(#11438);
#11438 = FILL_AREA_STYLE('',(#11439));
#11439 = FILL_AREA_STYLE_COLOUR('',#11428);
#11440 = CURVE_STYLE('',#11441,POSITIVE_LENGTH_MEASURE(0.1),#11431);
#11441 = DRAUGHTING_PRE_DEFINED_CURVE_FONT('continuous');
#11442 = MECHANICAL_DESIGN_GEOMETRIC_PRESENTATION_REPRESENTATION('',(
    #11443),#1726);
#11443 = STYLED_ITEM('color',(#11444),#1576);
#11444 = PRESENTATION_STYLE_ASSIGNMENT((#11445,#11450));
#11445 = SURFACE_STYLE_USAGE(.BOTH.,#11446);
#11446 = SURFACE_SIDE_STYLE('',(#11447));
#11447 = SURFACE_STYLE_FILL_AREA(#11448);
#11448 = FILL_AREA_STYLE('',(#11449));
#11449 = FILL_AREA_STYLE_COLOUR('',#11428);
#11450 = CURVE_STYLE('',#11451,POSITIVE_LENGTH_MEASURE(0.1),#11431);
#11451 = DRAUGHTING_PRE_DEFINED_CURVE_FONT('continuous');
#11452 = MECHANICAL_DESIGN_GEOMETRIC_PRESENTATION_REPRESENTATION('',(
    #11453),#1186);
#11453 = STYLED_ITEM('color',(#11454),#1036);
#11454 = PRESENTATION_STYLE_ASSIGNMENT((#11455,#11460));
#11455 = SURFACE_STYLE_USAGE(.BOTH.,#11456);
#11456 = SURFACE_SIDE_STYLE('',(#11457));
#11457 = SURFACE_STYLE_FILL_AREA(#11458);
#11458 = FILL_AREA_STYLE('',(#11459));
#11459 = FILL_AREA_STYLE_COLOUR('',#11428);
#11460 = CURVE_STYLE('',#11461,POSITIVE_LENGTH_MEASURE(0.1),#11431);
#11461 = DRAUGHTING_PRE_DEFINED_CURVE_FONT('continuous');
#11462 = MECHANICAL_DESIGN_GEOMETRIC_PRESENTATION_REPRESENTATION('',(
    #11463),#11293);
#11463 = STYLED_ITEM('color',(#11464),#2217);
#11464 = PRESENTATION_STYLE_ASSIGNMENT((#11465));
#11465 = SURFACE_STYLE_USAGE(.BOTH.,#11466);
#11466 = SURFACE_SIDE_STYLE('',(#11467));
#11467 = SURFACE_STYLE_FILL_AREA(#11468);
#11468 = FILL_AREA_STYLE('',(#11469));
#11469 = FILL_AREA_STYLE_COLOUR('',#11470);
#11470 = COLOUR_RGB('',0.313304153717,0.484529207832,0.410020903123);
#11471 = MECHANICAL_DESIGN_GEOMETRIC_PRESENTATION_REPRESENTATION('',(
    #11472),#1017);
#11472 = STYLED_ITEM('color',(#11473),#167);
#11473 = PRESENTATION_STYLE_ASSIGNMENT((#11474,#11480));
#11474 = SURFACE_STYLE_USAGE(.BOTH.,#11475);
#11475 = SURFACE_SIDE_STYLE('',(#11476));
#11476 = SURFACE_STYLE_FILL_AREA(#11477);
#11477 = FILL_AREA_STYLE('',(#11478));
#11478 = FILL_AREA_STYLE_COLOUR('',#11479);
#11479 = COLOUR_RGB('',0.886274513239,0.886274513239,0.886274513239);
#11480 = CURVE_STYLE('',#11481,POSITIVE_LENGTH_MEASURE(0.1),#11431);
#11481 = DRAUGHTING_PRE_DEFINED_CURVE_FONT('continuous');
ENDSEC;
END-ISO-10303-21;
