ISO-10303-21;
HEADER;
/* Generated by software containing ST-Developer
 * from STEP Tools, Inc. (www.steptools.com) 
 */
/* OPTION: using custom renumber hook */

FILE_DESCRIPTION(
/* description */ ('STEP AP242 Edition 2',
'CAx-IF Rec.Pracs.---Representation and Presentation of Product Manufa
cturing Information (PMI)---4.0---2014-10-13',
'CAx-IF Rec.Pracs.---3D Tessellated Geometry---0.4---2014-09-14','2;1',
'CAx-IF Rec.Pracs.---User Defined Attributes---1.5---2016-08-15'),
/* implementation_level */ '2;1');

FILE_NAME(
/* name */ '6a950895718ec90ee8e5349b',
/* time_stamp */ '2026-08-31T04:52:38Z',
/* author */ (''),
/* organization */ (''),
/* preprocessor_version */ 'ST-DEVELOPER v20',
/* originating_system */ 'ONSHAPE BY PTC INC, 1.220',
/* authorisation */ '  ');

FILE_SCHEMA (('AP242_MANAGED_MODEL_BASED_3D_ENGINEERING_MIM_LF { 1 0 10303 442 3 1 4 }'));
ENDSEC;

DATA;
#10=DRAUGHTING_PRE_DEFINED_COLOUR('blue');
#11=CONTEXT_DEPENDENT_SHAPE_REPRESENTATION(#15,#6154);
#12=CONTEXT_DEPENDENT_SHAPE_REPRESENTATION(#16,#6156);
#13=NEXT_ASSEMBLY_USAGE_OCCURRENCE('NAUO1','Part 1','Part 1',#6157,#6158,
'');
#14=NEXT_ASSEMBLY_USAGE_OCCURRENCE('NAUO2','Part 1','Part 1',#6157,#6159,
'');
#15=(
REPRESENTATION_RELATIONSHIP(' ',' ',#3776,#3775)
REPRESENTATION_RELATIONSHIP_WITH_TRANSFORMATION(#17)
SHAPE_REPRESENTATION_RELATIONSHIP()
);
#16=(
REPRESENTATION_RELATIONSHIP(' ',' ',#3777,#3775)
REPRESENTATION_RELATIONSHIP_WITH_TRANSFORMATION(#18)
SHAPE_REPRESENTATION_RELATIONSHIP()
);
#17=ITEM_DEFINED_TRANSFORMATION(' ',' ',#3778,#3973);
#18=ITEM_DEFINED_TRANSFORMATION(' ',' ',#3778,#4085);
#19=SHAPE_REPRESENTATION_RELATIONSHIP('','',#3776,#21);
#20=SHAPE_REPRESENTATION_RELATIONSHIP('','',#3777,#22);
#21=ADVANCED_BREP_SHAPE_REPRESENTATION('',(#3770),#6144);
#22=ADVANCED_BREP_SHAPE_REPRESENTATION('',(#3771),#6145);
#23=CONICAL_SURFACE('',#3788,0.003,0.785398163397);
#24=CONICAL_SURFACE('',#3790,0.003,0.785398163397);
#25=CONICAL_SURFACE('',#3801,0.003,0.785398163397);
#26=CONICAL_SURFACE('',#3810,0.003,0.785398163397);
#27=CONICAL_SURFACE('',#3818,0.003,0.785398163397);
#28=CONICAL_SURFACE('',#3819,0.003,0.785398163397);
#29=CONICAL_SURFACE('',#3875,0.003,0.785398163397);
#30=CONICAL_SURFACE('',#3876,0.003,0.785398163397);
#31=CONICAL_SURFACE('',#3879,0.0031,0.785398163397);
#32=CONICAL_SURFACE('',#3900,0.0031,0.785398163397);
#33=CONICAL_SURFACE('',#3913,0.0031,0.785398163397);
#34=CONICAL_SURFACE('',#3926,0.0031,0.785398163397);
#35=CONICAL_SURFACE('',#3983,0.003,0.785398163397);
#36=CONICAL_SURFACE('',#3985,0.003,0.785398163397);
#37=CONICAL_SURFACE('',#3996,0.003,0.785398163397);
#38=CONICAL_SURFACE('',#4001,0.003,0.785398163397);
#39=CONICAL_SURFACE('',#4009,0.003,0.785398163397);
#40=CONICAL_SURFACE('',#4010,0.003,0.785398163397);
#41=CONICAL_SURFACE('',#4026,0.003,0.785398163397);
#42=CONICAL_SURFACE('',#4027,0.003,0.785398163397);
#43=CIRCLE('',#3781,0.003);
#44=CIRCLE('',#3782,0.003);
#45=CIRCLE('',#3786,0.003);
#46=CIRCLE('',#3787,0.003);
#47=CIRCLE('',#3789,0.00260000000000018);
#48=CIRCLE('',#3791,0.00260000000000018);
#49=CIRCLE('',#3794,0.00260000000000018);
#50=CIRCLE('',#3795,0.00260000000000018);
#51=CIRCLE('',#3796,0.00260000000000018);
#52=CIRCLE('',#3797,0.0017);
#53=CIRCLE('',#3798,0.0017);
#54=CIRCLE('',#3799,0.0017);
#55=CIRCLE('',#3800,0.0017);
#56=CIRCLE('',#3803,0.00260000000000018);
#57=CIRCLE('',#3804,0.00260000000000018);
#58=CIRCLE('',#3805,0.00260000000000018);
#59=CIRCLE('',#3806,0.0031);
#60=CIRCLE('',#3807,0.0031);
#61=CIRCLE('',#3808,0.0031);
#62=CIRCLE('',#3809,0.0031);
#63=CIRCLE('',#3815,0.003);
#64=CIRCLE('',#3816,0.003);
#65=CIRCLE('',#3820,0.003);
#66=CIRCLE('',#3823,0.00170000000000063);
#67=CIRCLE('',#3845,0.00170000000000063);
#68=CIRCLE('',#3859,0.00170000000000063);
#69=CIRCLE('',#3873,0.00170000000000063);
#70=CIRCLE('',#3877,0.003);
#71=CIRCLE('',#3976,0.003);
#72=CIRCLE('',#3977,0.003);
#73=CIRCLE('',#3981,0.003);
#74=CIRCLE('',#3982,0.003);
#75=CIRCLE('',#3984,0.0021000000000004);
#76=CIRCLE('',#3986,0.0021000000000004);
#77=CIRCLE('',#3989,0.0021000000000004);
#78=CIRCLE('',#3990,0.0021000000000004);
#79=CIRCLE('',#3991,0.0021000000000004);
#80=CIRCLE('',#3992,0.001);
#81=CIRCLE('',#3993,0.001);
#82=CIRCLE('',#3994,0.001);
#83=CIRCLE('',#3995,0.001);
#84=CIRCLE('',#3998,0.0021000000000004);
#85=CIRCLE('',#3999,0.0021000000000004);
#86=CIRCLE('',#4000,0.0021000000000004);
#87=CIRCLE('',#4006,0.003);
#88=CIRCLE('',#4007,0.003);
#89=CIRCLE('',#4011,0.003);
#90=CIRCLE('',#4014,0.001);
#91=CIRCLE('',#4017,0.001);
#92=CIRCLE('',#4020,0.001);
#93=CIRCLE('',#4023,0.001);
#94=CIRCLE('',#4028,0.003);
#95=CIRCLE('',#4037,0.0035);
#96=CIRCLE('',#4038,0.0035);
#97=CIRCLE('',#4039,0.0035);
#98=CIRCLE('',#4040,0.0035);
#99=CIRCLE('',#4042,0.0035);
#100=CIRCLE('',#4044,0.0035);
#101=CIRCLE('',#4046,0.0035);
#102=CIRCLE('',#4048,0.0035);
#103=CIRCLE('',#4050,0.00235);
#104=CIRCLE('',#4052,0.00235);
#105=CIRCLE('',#4054,0.00235);
#106=CIRCLE('',#4056,0.00235);
#107=CIRCLE('',#4058,0.00235);
#108=CIRCLE('',#4060,0.00235);
#109=CIRCLE('',#4062,0.00235);
#110=CIRCLE('',#4064,0.00235);
#111=CIRCLE('',#4066,0.0017);
#112=CIRCLE('',#4068,0.0017);
#113=CIRCLE('',#4070,0.0017);
#114=CIRCLE('',#4072,0.0017);
#115=CIRCLE('',#4074,0.0017);
#116=CIRCLE('',#4076,0.0017);
#117=CIRCLE('',#4078,0.0017);
#118=CIRCLE('',#4080,0.0017);
#119=CYLINDRICAL_SURFACE('',#3780,0.003);
#120=CYLINDRICAL_SURFACE('',#3785,0.003);
#121=CYLINDRICAL_SURFACE('',#3814,0.003);
#122=CYLINDRICAL_SURFACE('',#3822,0.0017);
#123=CYLINDRICAL_SURFACE('',#3844,0.0017);
#124=CYLINDRICAL_SURFACE('',#3858,0.0017);
#125=CYLINDRICAL_SURFACE('',#3872,0.0017);
#126=CYLINDRICAL_SURFACE('',#3927,0.003);
#127=CYLINDRICAL_SURFACE('',#3975,0.003);
#128=CYLINDRICAL_SURFACE('',#3980,0.003);
#129=CYLINDRICAL_SURFACE('',#4005,0.003);
#130=CYLINDRICAL_SURFACE('',#4013,0.001);
#131=CYLINDRICAL_SURFACE('',#4016,0.001);
#132=CYLINDRICAL_SURFACE('',#4019,0.001);
#133=CYLINDRICAL_SURFACE('',#4022,0.001);
#134=CYLINDRICAL_SURFACE('',#4030,0.003);
#135=CYLINDRICAL_SURFACE('',#4041,0.0035);
#136=CYLINDRICAL_SURFACE('',#4043,0.0035);
#137=CYLINDRICAL_SURFACE('',#4045,0.0035);
#138=CYLINDRICAL_SURFACE('',#4047,0.0035);
#139=CYLINDRICAL_SURFACE('',#4057,0.00235);
#140=CYLINDRICAL_SURFACE('',#4059,0.00235);
#141=CYLINDRICAL_SURFACE('',#4061,0.00235);
#142=CYLINDRICAL_SURFACE('',#4063,0.00235);
#143=CYLINDRICAL_SURFACE('',#4073,0.0017);
#144=CYLINDRICAL_SURFACE('',#4075,0.0017);
#145=CYLINDRICAL_SURFACE('',#4077,0.0017);
#146=CYLINDRICAL_SURFACE('',#4079,0.0017);
#147=ORIENTED_EDGE('',*,*,#1131,.T.);
#148=ORIENTED_EDGE('',*,*,#1132,.T.);
#149=ORIENTED_EDGE('',*,*,#1133,.F.);
#150=ORIENTED_EDGE('',*,*,#1134,.F.);
#151=ORIENTED_EDGE('',*,*,#1135,.F.);
#152=ORIENTED_EDGE('',*,*,#1136,.F.);
#153=ORIENTED_EDGE('',*,*,#1137,.T.);
#154=ORIENTED_EDGE('',*,*,#1134,.T.);
#155=ORIENTED_EDGE('',*,*,#1138,.T.);
#156=ORIENTED_EDGE('',*,*,#1139,.F.);
#157=ORIENTED_EDGE('',*,*,#1131,.F.);
#158=ORIENTED_EDGE('',*,*,#1140,.T.);
#159=ORIENTED_EDGE('',*,*,#1141,.F.);
#160=ORIENTED_EDGE('',*,*,#1133,.T.);
#161=ORIENTED_EDGE('',*,*,#1142,.T.);
#162=ORIENTED_EDGE('',*,*,#1143,.F.);
#163=ORIENTED_EDGE('',*,*,#1132,.F.);
#164=ORIENTED_EDGE('',*,*,#1144,.T.);
#165=ORIENTED_EDGE('',*,*,#1145,.T.);
#166=ORIENTED_EDGE('',*,*,#1146,.F.);
#167=ORIENTED_EDGE('',*,*,#1147,.T.);
#168=ORIENTED_EDGE('',*,*,#1140,.F.);
#169=ORIENTED_EDGE('',*,*,#1137,.F.);
#170=ORIENTED_EDGE('',*,*,#1148,.T.);
#171=ORIENTED_EDGE('',*,*,#1149,.F.);
#172=ORIENTED_EDGE('',*,*,#1135,.T.);
#173=ORIENTED_EDGE('',*,*,#1141,.T.);
#174=ORIENTED_EDGE('',*,*,#1150,.F.);
#175=ORIENTED_EDGE('',*,*,#1151,.T.);
#176=ORIENTED_EDGE('',*,*,#1136,.T.);
#177=ORIENTED_EDGE('',*,*,#1152,.F.);
#178=ORIENTED_EDGE('',*,*,#1153,.F.);
#179=ORIENTED_EDGE('',*,*,#1147,.F.);
#180=ORIENTED_EDGE('',*,*,#1154,.F.);
#181=ORIENTED_EDGE('',*,*,#1155,.F.);
#182=ORIENTED_EDGE('',*,*,#1156,.F.);
#183=ORIENTED_EDGE('',*,*,#1157,.F.);
#184=ORIENTED_EDGE('',*,*,#1158,.F.);
#185=ORIENTED_EDGE('',*,*,#1159,.F.);
#186=ORIENTED_EDGE('',*,*,#1138,.F.);
#187=ORIENTED_EDGE('',*,*,#1160,.F.);
#188=ORIENTED_EDGE('',*,*,#1161,.F.);
#189=ORIENTED_EDGE('',*,*,#1162,.F.);
#190=ORIENTED_EDGE('',*,*,#1163,.F.);
#191=ORIENTED_EDGE('',*,*,#1164,.F.);
#192=ORIENTED_EDGE('',*,*,#1165,.F.);
#193=ORIENTED_EDGE('',*,*,#1166,.F.);
#194=ORIENTED_EDGE('',*,*,#1167,.F.);
#195=ORIENTED_EDGE('',*,*,#1168,.F.);
#196=ORIENTED_EDGE('',*,*,#1169,.F.);
#197=ORIENTED_EDGE('',*,*,#1170,.F.);
#198=ORIENTED_EDGE('',*,*,#1171,.F.);
#199=ORIENTED_EDGE('',*,*,#1172,.F.);
#200=ORIENTED_EDGE('',*,*,#1173,.F.);
#201=ORIENTED_EDGE('',*,*,#1174,.F.);
#202=ORIENTED_EDGE('',*,*,#1175,.F.);
#203=ORIENTED_EDGE('',*,*,#1176,.F.);
#204=ORIENTED_EDGE('',*,*,#1177,.F.);
#205=ORIENTED_EDGE('',*,*,#1178,.F.);
#206=ORIENTED_EDGE('',*,*,#1179,.F.);
#207=ORIENTED_EDGE('',*,*,#1180,.F.);
#208=ORIENTED_EDGE('',*,*,#1181,.F.);
#209=ORIENTED_EDGE('',*,*,#1182,.F.);
#210=ORIENTED_EDGE('',*,*,#1183,.F.);
#211=ORIENTED_EDGE('',*,*,#1184,.F.);
#212=ORIENTED_EDGE('',*,*,#1185,.F.);
#213=ORIENTED_EDGE('',*,*,#1186,.F.);
#214=ORIENTED_EDGE('',*,*,#1187,.F.);
#215=ORIENTED_EDGE('',*,*,#1188,.F.);
#216=ORIENTED_EDGE('',*,*,#1189,.F.);
#217=ORIENTED_EDGE('',*,*,#1190,.F.);
#218=ORIENTED_EDGE('',*,*,#1191,.F.);
#219=ORIENTED_EDGE('',*,*,#1192,.F.);
#220=ORIENTED_EDGE('',*,*,#1193,.F.);
#221=ORIENTED_EDGE('',*,*,#1194,.F.);
#222=ORIENTED_EDGE('',*,*,#1195,.F.);
#223=ORIENTED_EDGE('',*,*,#1196,.F.);
#224=ORIENTED_EDGE('',*,*,#1197,.F.);
#225=ORIENTED_EDGE('',*,*,#1198,.F.);
#226=ORIENTED_EDGE('',*,*,#1199,.F.);
#227=ORIENTED_EDGE('',*,*,#1200,.F.);
#228=ORIENTED_EDGE('',*,*,#1201,.F.);
#229=ORIENTED_EDGE('',*,*,#1202,.F.);
#230=ORIENTED_EDGE('',*,*,#1203,.F.);
#231=ORIENTED_EDGE('',*,*,#1204,.F.);
#232=ORIENTED_EDGE('',*,*,#1205,.F.);
#233=ORIENTED_EDGE('',*,*,#1206,.F.);
#234=ORIENTED_EDGE('',*,*,#1207,.F.);
#235=ORIENTED_EDGE('',*,*,#1159,.T.);
#236=ORIENTED_EDGE('',*,*,#1208,.F.);
#237=ORIENTED_EDGE('',*,*,#1144,.F.);
#238=ORIENTED_EDGE('',*,*,#1139,.T.);
#239=ORIENTED_EDGE('',*,*,#1143,.T.);
#240=ORIENTED_EDGE('',*,*,#1209,.T.);
#241=ORIENTED_EDGE('',*,*,#1210,.T.);
#242=ORIENTED_EDGE('',*,*,#1211,.T.);
#243=ORIENTED_EDGE('',*,*,#1212,.T.);
#244=ORIENTED_EDGE('',*,*,#1213,.T.);
#245=ORIENTED_EDGE('',*,*,#1214,.T.);
#246=ORIENTED_EDGE('',*,*,#1150,.T.);
#247=ORIENTED_EDGE('',*,*,#1215,.T.);
#248=ORIENTED_EDGE('',*,*,#1216,.T.);
#249=ORIENTED_EDGE('',*,*,#1217,.T.);
#250=ORIENTED_EDGE('',*,*,#1218,.T.);
#251=ORIENTED_EDGE('',*,*,#1219,.T.);
#252=ORIENTED_EDGE('',*,*,#1220,.T.);
#253=ORIENTED_EDGE('',*,*,#1221,.T.);
#254=ORIENTED_EDGE('',*,*,#1222,.T.);
#255=ORIENTED_EDGE('',*,*,#1223,.T.);
#256=ORIENTED_EDGE('',*,*,#1224,.T.);
#257=ORIENTED_EDGE('',*,*,#1225,.T.);
#258=ORIENTED_EDGE('',*,*,#1226,.T.);
#259=ORIENTED_EDGE('',*,*,#1227,.T.);
#260=ORIENTED_EDGE('',*,*,#1228,.T.);
#261=ORIENTED_EDGE('',*,*,#1229,.T.);
#262=ORIENTED_EDGE('',*,*,#1230,.T.);
#263=ORIENTED_EDGE('',*,*,#1231,.T.);
#264=ORIENTED_EDGE('',*,*,#1232,.T.);
#265=ORIENTED_EDGE('',*,*,#1233,.T.);
#266=ORIENTED_EDGE('',*,*,#1234,.T.);
#267=ORIENTED_EDGE('',*,*,#1235,.T.);
#268=ORIENTED_EDGE('',*,*,#1236,.T.);
#269=ORIENTED_EDGE('',*,*,#1237,.T.);
#270=ORIENTED_EDGE('',*,*,#1238,.T.);
#271=ORIENTED_EDGE('',*,*,#1239,.T.);
#272=ORIENTED_EDGE('',*,*,#1240,.T.);
#273=ORIENTED_EDGE('',*,*,#1241,.T.);
#274=ORIENTED_EDGE('',*,*,#1242,.T.);
#275=ORIENTED_EDGE('',*,*,#1243,.T.);
#276=ORIENTED_EDGE('',*,*,#1244,.T.);
#277=ORIENTED_EDGE('',*,*,#1245,.T.);
#278=ORIENTED_EDGE('',*,*,#1246,.T.);
#279=ORIENTED_EDGE('',*,*,#1247,.T.);
#280=ORIENTED_EDGE('',*,*,#1248,.T.);
#281=ORIENTED_EDGE('',*,*,#1249,.T.);
#282=ORIENTED_EDGE('',*,*,#1250,.T.);
#283=ORIENTED_EDGE('',*,*,#1251,.T.);
#284=ORIENTED_EDGE('',*,*,#1252,.T.);
#285=ORIENTED_EDGE('',*,*,#1253,.T.);
#286=ORIENTED_EDGE('',*,*,#1254,.T.);
#287=ORIENTED_EDGE('',*,*,#1255,.T.);
#288=ORIENTED_EDGE('',*,*,#1256,.T.);
#289=ORIENTED_EDGE('',*,*,#1257,.T.);
#290=ORIENTED_EDGE('',*,*,#1258,.T.);
#291=ORIENTED_EDGE('',*,*,#1259,.T.);
#292=ORIENTED_EDGE('',*,*,#1260,.T.);
#293=ORIENTED_EDGE('',*,*,#1261,.T.);
#294=ORIENTED_EDGE('',*,*,#1262,.T.);
#295=ORIENTED_EDGE('',*,*,#1142,.F.);
#296=ORIENTED_EDGE('',*,*,#1146,.T.);
#297=ORIENTED_EDGE('',*,*,#1263,.T.);
#298=ORIENTED_EDGE('',*,*,#1209,.F.);
#299=ORIENTED_EDGE('',*,*,#1264,.T.);
#300=ORIENTED_EDGE('',*,*,#1265,.T.);
#301=ORIENTED_EDGE('',*,*,#1266,.F.);
#302=ORIENTED_EDGE('',*,*,#1145,.F.);
#303=ORIENTED_EDGE('',*,*,#1154,.T.);
#304=ORIENTED_EDGE('',*,*,#1148,.F.);
#305=ORIENTED_EDGE('',*,*,#1151,.F.);
#306=ORIENTED_EDGE('',*,*,#1267,.T.);
#307=ORIENTED_EDGE('',*,*,#1268,.F.);
#308=ORIENTED_EDGE('',*,*,#1152,.T.);
#309=ORIENTED_EDGE('',*,*,#1149,.T.);
#310=ORIENTED_EDGE('',*,*,#1214,.F.);
#311=ORIENTED_EDGE('',*,*,#1269,.F.);
#312=ORIENTED_EDGE('',*,*,#1270,.T.);
#313=ORIENTED_EDGE('',*,*,#1153,.T.);
#314=ORIENTED_EDGE('',*,*,#1271,.F.);
#315=ORIENTED_EDGE('',*,*,#1158,.T.);
#316=ORIENTED_EDGE('',*,*,#1272,.F.);
#317=ORIENTED_EDGE('',*,*,#1264,.F.);
#318=ORIENTED_EDGE('',*,*,#1208,.T.);
#319=ORIENTED_EDGE('',*,*,#1155,.T.);
#320=ORIENTED_EDGE('',*,*,#1267,.F.);
#321=ORIENTED_EDGE('',*,*,#1270,.F.);
#322=ORIENTED_EDGE('',*,*,#1273,.T.);
#323=ORIENTED_EDGE('',*,*,#1157,.T.);
#324=ORIENTED_EDGE('',*,*,#1274,.F.);
#325=ORIENTED_EDGE('',*,*,#1275,.F.);
#326=ORIENTED_EDGE('',*,*,#1272,.T.);
#327=ORIENTED_EDGE('',*,*,#1156,.T.);
#328=ORIENTED_EDGE('',*,*,#1273,.F.);
#329=ORIENTED_EDGE('',*,*,#1276,.F.);
#330=ORIENTED_EDGE('',*,*,#1274,.T.);
#331=ORIENTED_EDGE('',*,*,#1160,.T.);
#332=ORIENTED_EDGE('',*,*,#1277,.F.);
#333=ORIENTED_EDGE('',*,*,#1278,.F.);
#334=ORIENTED_EDGE('',*,*,#1164,.T.);
#335=ORIENTED_EDGE('',*,*,#1279,.T.);
#336=ORIENTED_EDGE('',*,*,#1280,.F.);
#337=ORIENTED_EDGE('',*,*,#1281,.F.);
#338=ORIENTED_EDGE('',*,*,#1161,.T.);
#339=ORIENTED_EDGE('',*,*,#1278,.T.);
#340=ORIENTED_EDGE('',*,*,#1282,.F.);
#341=ORIENTED_EDGE('',*,*,#1279,.F.);
#342=ORIENTED_EDGE('',*,*,#1163,.T.);
#343=ORIENTED_EDGE('',*,*,#1283,.T.);
#344=ORIENTED_EDGE('',*,*,#1284,.F.);
#345=ORIENTED_EDGE('',*,*,#1283,.F.);
#346=ORIENTED_EDGE('',*,*,#1162,.T.);
#347=ORIENTED_EDGE('',*,*,#1281,.T.);
#348=ORIENTED_EDGE('',*,*,#1285,.F.);
#349=ORIENTED_EDGE('',*,*,#1286,.F.);
#350=ORIENTED_EDGE('',*,*,#1168,.T.);
#351=ORIENTED_EDGE('',*,*,#1287,.T.);
#352=ORIENTED_EDGE('',*,*,#1288,.F.);
#353=ORIENTED_EDGE('',*,*,#1289,.F.);
#354=ORIENTED_EDGE('',*,*,#1165,.T.);
#355=ORIENTED_EDGE('',*,*,#1286,.T.);
#356=ORIENTED_EDGE('',*,*,#1290,.F.);
#357=ORIENTED_EDGE('',*,*,#1287,.F.);
#358=ORIENTED_EDGE('',*,*,#1167,.T.);
#359=ORIENTED_EDGE('',*,*,#1291,.T.);
#360=ORIENTED_EDGE('',*,*,#1292,.F.);
#361=ORIENTED_EDGE('',*,*,#1291,.F.);
#362=ORIENTED_EDGE('',*,*,#1166,.T.);
#363=ORIENTED_EDGE('',*,*,#1289,.T.);
#364=ORIENTED_EDGE('',*,*,#1293,.F.);
#365=ORIENTED_EDGE('',*,*,#1294,.F.);
#366=ORIENTED_EDGE('',*,*,#1172,.T.);
#367=ORIENTED_EDGE('',*,*,#1295,.T.);
#368=ORIENTED_EDGE('',*,*,#1296,.F.);
#369=ORIENTED_EDGE('',*,*,#1297,.F.);
#370=ORIENTED_EDGE('',*,*,#1169,.T.);
#371=ORIENTED_EDGE('',*,*,#1294,.T.);
#372=ORIENTED_EDGE('',*,*,#1298,.F.);
#373=ORIENTED_EDGE('',*,*,#1295,.F.);
#374=ORIENTED_EDGE('',*,*,#1171,.T.);
#375=ORIENTED_EDGE('',*,*,#1299,.T.);
#376=ORIENTED_EDGE('',*,*,#1300,.F.);
#377=ORIENTED_EDGE('',*,*,#1299,.F.);
#378=ORIENTED_EDGE('',*,*,#1170,.T.);
#379=ORIENTED_EDGE('',*,*,#1297,.T.);
#380=ORIENTED_EDGE('',*,*,#1301,.F.);
#381=ORIENTED_EDGE('',*,*,#1302,.F.);
#382=ORIENTED_EDGE('',*,*,#1176,.T.);
#383=ORIENTED_EDGE('',*,*,#1303,.T.);
#384=ORIENTED_EDGE('',*,*,#1304,.F.);
#385=ORIENTED_EDGE('',*,*,#1305,.F.);
#386=ORIENTED_EDGE('',*,*,#1173,.T.);
#387=ORIENTED_EDGE('',*,*,#1302,.T.);
#388=ORIENTED_EDGE('',*,*,#1306,.F.);
#389=ORIENTED_EDGE('',*,*,#1303,.F.);
#390=ORIENTED_EDGE('',*,*,#1175,.T.);
#391=ORIENTED_EDGE('',*,*,#1307,.T.);
#392=ORIENTED_EDGE('',*,*,#1308,.F.);
#393=ORIENTED_EDGE('',*,*,#1307,.F.);
#394=ORIENTED_EDGE('',*,*,#1174,.T.);
#395=ORIENTED_EDGE('',*,*,#1305,.T.);
#396=ORIENTED_EDGE('',*,*,#1309,.F.);
#397=ORIENTED_EDGE('',*,*,#1310,.F.);
#398=ORIENTED_EDGE('',*,*,#1180,.T.);
#399=ORIENTED_EDGE('',*,*,#1311,.T.);
#400=ORIENTED_EDGE('',*,*,#1312,.F.);
#401=ORIENTED_EDGE('',*,*,#1313,.F.);
#402=ORIENTED_EDGE('',*,*,#1177,.T.);
#403=ORIENTED_EDGE('',*,*,#1310,.T.);
#404=ORIENTED_EDGE('',*,*,#1314,.F.);
#405=ORIENTED_EDGE('',*,*,#1311,.F.);
#406=ORIENTED_EDGE('',*,*,#1179,.T.);
#407=ORIENTED_EDGE('',*,*,#1315,.T.);
#408=ORIENTED_EDGE('',*,*,#1316,.F.);
#409=ORIENTED_EDGE('',*,*,#1315,.F.);
#410=ORIENTED_EDGE('',*,*,#1178,.T.);
#411=ORIENTED_EDGE('',*,*,#1313,.T.);
#412=ORIENTED_EDGE('',*,*,#1317,.F.);
#413=ORIENTED_EDGE('',*,*,#1181,.T.);
#414=ORIENTED_EDGE('',*,*,#1318,.F.);
#415=ORIENTED_EDGE('',*,*,#1319,.F.);
#416=ORIENTED_EDGE('',*,*,#1185,.T.);
#417=ORIENTED_EDGE('',*,*,#1320,.T.);
#418=ORIENTED_EDGE('',*,*,#1321,.F.);
#419=ORIENTED_EDGE('',*,*,#1322,.F.);
#420=ORIENTED_EDGE('',*,*,#1182,.T.);
#421=ORIENTED_EDGE('',*,*,#1319,.T.);
#422=ORIENTED_EDGE('',*,*,#1323,.F.);
#423=ORIENTED_EDGE('',*,*,#1320,.F.);
#424=ORIENTED_EDGE('',*,*,#1184,.T.);
#425=ORIENTED_EDGE('',*,*,#1324,.T.);
#426=ORIENTED_EDGE('',*,*,#1325,.F.);
#427=ORIENTED_EDGE('',*,*,#1324,.F.);
#428=ORIENTED_EDGE('',*,*,#1183,.T.);
#429=ORIENTED_EDGE('',*,*,#1322,.T.);
#430=ORIENTED_EDGE('',*,*,#1326,.F.);
#431=ORIENTED_EDGE('',*,*,#1327,.F.);
#432=ORIENTED_EDGE('',*,*,#1189,.T.);
#433=ORIENTED_EDGE('',*,*,#1328,.T.);
#434=ORIENTED_EDGE('',*,*,#1329,.F.);
#435=ORIENTED_EDGE('',*,*,#1330,.F.);
#436=ORIENTED_EDGE('',*,*,#1186,.T.);
#437=ORIENTED_EDGE('',*,*,#1327,.T.);
#438=ORIENTED_EDGE('',*,*,#1331,.F.);
#439=ORIENTED_EDGE('',*,*,#1328,.F.);
#440=ORIENTED_EDGE('',*,*,#1188,.T.);
#441=ORIENTED_EDGE('',*,*,#1332,.T.);
#442=ORIENTED_EDGE('',*,*,#1333,.F.);
#443=ORIENTED_EDGE('',*,*,#1332,.F.);
#444=ORIENTED_EDGE('',*,*,#1187,.T.);
#445=ORIENTED_EDGE('',*,*,#1330,.T.);
#446=ORIENTED_EDGE('',*,*,#1334,.F.);
#447=ORIENTED_EDGE('',*,*,#1335,.F.);
#448=ORIENTED_EDGE('',*,*,#1193,.T.);
#449=ORIENTED_EDGE('',*,*,#1336,.T.);
#450=ORIENTED_EDGE('',*,*,#1337,.F.);
#451=ORIENTED_EDGE('',*,*,#1338,.F.);
#452=ORIENTED_EDGE('',*,*,#1190,.T.);
#453=ORIENTED_EDGE('',*,*,#1335,.T.);
#454=ORIENTED_EDGE('',*,*,#1339,.F.);
#455=ORIENTED_EDGE('',*,*,#1336,.F.);
#456=ORIENTED_EDGE('',*,*,#1192,.T.);
#457=ORIENTED_EDGE('',*,*,#1340,.T.);
#458=ORIENTED_EDGE('',*,*,#1341,.F.);
#459=ORIENTED_EDGE('',*,*,#1340,.F.);
#460=ORIENTED_EDGE('',*,*,#1191,.T.);
#461=ORIENTED_EDGE('',*,*,#1338,.T.);
#462=ORIENTED_EDGE('',*,*,#1342,.F.);
#463=ORIENTED_EDGE('',*,*,#1194,.T.);
#464=ORIENTED_EDGE('',*,*,#1343,.F.);
#465=ORIENTED_EDGE('',*,*,#1344,.F.);
#466=ORIENTED_EDGE('',*,*,#1198,.T.);
#467=ORIENTED_EDGE('',*,*,#1345,.T.);
#468=ORIENTED_EDGE('',*,*,#1346,.F.);
#469=ORIENTED_EDGE('',*,*,#1347,.F.);
#470=ORIENTED_EDGE('',*,*,#1195,.T.);
#471=ORIENTED_EDGE('',*,*,#1344,.T.);
#472=ORIENTED_EDGE('',*,*,#1348,.F.);
#473=ORIENTED_EDGE('',*,*,#1345,.F.);
#474=ORIENTED_EDGE('',*,*,#1197,.T.);
#475=ORIENTED_EDGE('',*,*,#1349,.T.);
#476=ORIENTED_EDGE('',*,*,#1350,.F.);
#477=ORIENTED_EDGE('',*,*,#1349,.F.);
#478=ORIENTED_EDGE('',*,*,#1196,.T.);
#479=ORIENTED_EDGE('',*,*,#1347,.T.);
#480=ORIENTED_EDGE('',*,*,#1351,.F.);
#481=ORIENTED_EDGE('',*,*,#1352,.F.);
#482=ORIENTED_EDGE('',*,*,#1202,.T.);
#483=ORIENTED_EDGE('',*,*,#1353,.T.);
#484=ORIENTED_EDGE('',*,*,#1354,.F.);
#485=ORIENTED_EDGE('',*,*,#1355,.F.);
#486=ORIENTED_EDGE('',*,*,#1199,.T.);
#487=ORIENTED_EDGE('',*,*,#1352,.T.);
#488=ORIENTED_EDGE('',*,*,#1356,.F.);
#489=ORIENTED_EDGE('',*,*,#1353,.F.);
#490=ORIENTED_EDGE('',*,*,#1201,.T.);
#491=ORIENTED_EDGE('',*,*,#1357,.T.);
#492=ORIENTED_EDGE('',*,*,#1358,.F.);
#493=ORIENTED_EDGE('',*,*,#1357,.F.);
#494=ORIENTED_EDGE('',*,*,#1200,.T.);
#495=ORIENTED_EDGE('',*,*,#1355,.T.);
#496=ORIENTED_EDGE('',*,*,#1359,.F.);
#497=ORIENTED_EDGE('',*,*,#1360,.F.);
#498=ORIENTED_EDGE('',*,*,#1206,.T.);
#499=ORIENTED_EDGE('',*,*,#1361,.T.);
#500=ORIENTED_EDGE('',*,*,#1362,.F.);
#501=ORIENTED_EDGE('',*,*,#1363,.F.);
#502=ORIENTED_EDGE('',*,*,#1203,.T.);
#503=ORIENTED_EDGE('',*,*,#1360,.T.);
#504=ORIENTED_EDGE('',*,*,#1364,.F.);
#505=ORIENTED_EDGE('',*,*,#1361,.F.);
#506=ORIENTED_EDGE('',*,*,#1205,.T.);
#507=ORIENTED_EDGE('',*,*,#1365,.T.);
#508=ORIENTED_EDGE('',*,*,#1366,.F.);
#509=ORIENTED_EDGE('',*,*,#1365,.F.);
#510=ORIENTED_EDGE('',*,*,#1204,.T.);
#511=ORIENTED_EDGE('',*,*,#1363,.T.);
#512=ORIENTED_EDGE('',*,*,#1367,.F.);
#513=ORIENTED_EDGE('',*,*,#1207,.T.);
#514=ORIENTED_EDGE('',*,*,#1368,.F.);
#515=ORIENTED_EDGE('',*,*,#1263,.F.);
#516=ORIENTED_EDGE('',*,*,#1266,.T.);
#517=ORIENTED_EDGE('',*,*,#1369,.T.);
#518=ORIENTED_EDGE('',*,*,#1210,.F.);
#519=ORIENTED_EDGE('',*,*,#1370,.F.);
#520=ORIENTED_EDGE('',*,*,#1271,.T.);
#521=ORIENTED_EDGE('',*,*,#1268,.T.);
#522=ORIENTED_EDGE('',*,*,#1213,.F.);
#523=ORIENTED_EDGE('',*,*,#1369,.F.);
#524=ORIENTED_EDGE('',*,*,#1371,.T.);
#525=ORIENTED_EDGE('',*,*,#1372,.T.);
#526=ORIENTED_EDGE('',*,*,#1211,.F.);
#527=ORIENTED_EDGE('',*,*,#1372,.F.);
#528=ORIENTED_EDGE('',*,*,#1373,.T.);
#529=ORIENTED_EDGE('',*,*,#1370,.T.);
#530=ORIENTED_EDGE('',*,*,#1212,.F.);
#531=ORIENTED_EDGE('',*,*,#1277,.T.);
#532=ORIENTED_EDGE('',*,*,#1215,.F.);
#533=ORIENTED_EDGE('',*,*,#1374,.T.);
#534=ORIENTED_EDGE('',*,*,#1375,.F.);
#535=ORIENTED_EDGE('',*,*,#1216,.F.);
#536=ORIENTED_EDGE('',*,*,#1376,.T.);
#537=ORIENTED_EDGE('',*,*,#1377,.T.);
#538=ORIENTED_EDGE('',*,*,#1376,.F.);
#539=ORIENTED_EDGE('',*,*,#1219,.F.);
#540=ORIENTED_EDGE('',*,*,#1378,.T.);
#541=ORIENTED_EDGE('',*,*,#1379,.T.);
#542=ORIENTED_EDGE('',*,*,#1380,.F.);
#543=ORIENTED_EDGE('',*,*,#1217,.F.);
#544=ORIENTED_EDGE('',*,*,#1375,.T.);
#545=ORIENTED_EDGE('',*,*,#1381,.T.);
#546=ORIENTED_EDGE('',*,*,#1378,.F.);
#547=ORIENTED_EDGE('',*,*,#1218,.F.);
#548=ORIENTED_EDGE('',*,*,#1380,.T.);
#549=ORIENTED_EDGE('',*,*,#1382,.T.);
#550=ORIENTED_EDGE('',*,*,#1383,.F.);
#551=ORIENTED_EDGE('',*,*,#1220,.F.);
#552=ORIENTED_EDGE('',*,*,#1384,.T.);
#553=ORIENTED_EDGE('',*,*,#1385,.T.);
#554=ORIENTED_EDGE('',*,*,#1384,.F.);
#555=ORIENTED_EDGE('',*,*,#1223,.F.);
#556=ORIENTED_EDGE('',*,*,#1386,.T.);
#557=ORIENTED_EDGE('',*,*,#1387,.T.);
#558=ORIENTED_EDGE('',*,*,#1388,.F.);
#559=ORIENTED_EDGE('',*,*,#1221,.F.);
#560=ORIENTED_EDGE('',*,*,#1383,.T.);
#561=ORIENTED_EDGE('',*,*,#1389,.T.);
#562=ORIENTED_EDGE('',*,*,#1386,.F.);
#563=ORIENTED_EDGE('',*,*,#1222,.F.);
#564=ORIENTED_EDGE('',*,*,#1388,.T.);
#565=ORIENTED_EDGE('',*,*,#1390,.T.);
#566=ORIENTED_EDGE('',*,*,#1391,.F.);
#567=ORIENTED_EDGE('',*,*,#1224,.F.);
#568=ORIENTED_EDGE('',*,*,#1392,.T.);
#569=ORIENTED_EDGE('',*,*,#1393,.T.);
#570=ORIENTED_EDGE('',*,*,#1392,.F.);
#571=ORIENTED_EDGE('',*,*,#1227,.F.);
#572=ORIENTED_EDGE('',*,*,#1394,.T.);
#573=ORIENTED_EDGE('',*,*,#1395,.T.);
#574=ORIENTED_EDGE('',*,*,#1396,.F.);
#575=ORIENTED_EDGE('',*,*,#1225,.F.);
#576=ORIENTED_EDGE('',*,*,#1391,.T.);
#577=ORIENTED_EDGE('',*,*,#1397,.T.);
#578=ORIENTED_EDGE('',*,*,#1394,.F.);
#579=ORIENTED_EDGE('',*,*,#1226,.F.);
#580=ORIENTED_EDGE('',*,*,#1396,.T.);
#581=ORIENTED_EDGE('',*,*,#1398,.T.);
#582=ORIENTED_EDGE('',*,*,#1399,.F.);
#583=ORIENTED_EDGE('',*,*,#1228,.F.);
#584=ORIENTED_EDGE('',*,*,#1400,.T.);
#585=ORIENTED_EDGE('',*,*,#1401,.T.);
#586=ORIENTED_EDGE('',*,*,#1400,.F.);
#587=ORIENTED_EDGE('',*,*,#1231,.F.);
#588=ORIENTED_EDGE('',*,*,#1402,.T.);
#589=ORIENTED_EDGE('',*,*,#1403,.T.);
#590=ORIENTED_EDGE('',*,*,#1404,.F.);
#591=ORIENTED_EDGE('',*,*,#1229,.F.);
#592=ORIENTED_EDGE('',*,*,#1399,.T.);
#593=ORIENTED_EDGE('',*,*,#1405,.T.);
#594=ORIENTED_EDGE('',*,*,#1402,.F.);
#595=ORIENTED_EDGE('',*,*,#1230,.F.);
#596=ORIENTED_EDGE('',*,*,#1404,.T.);
#597=ORIENTED_EDGE('',*,*,#1406,.T.);
#598=ORIENTED_EDGE('',*,*,#1407,.F.);
#599=ORIENTED_EDGE('',*,*,#1232,.F.);
#600=ORIENTED_EDGE('',*,*,#1408,.T.);
#601=ORIENTED_EDGE('',*,*,#1409,.T.);
#602=ORIENTED_EDGE('',*,*,#1408,.F.);
#603=ORIENTED_EDGE('',*,*,#1235,.F.);
#604=ORIENTED_EDGE('',*,*,#1410,.T.);
#605=ORIENTED_EDGE('',*,*,#1411,.T.);
#606=ORIENTED_EDGE('',*,*,#1412,.F.);
#607=ORIENTED_EDGE('',*,*,#1233,.F.);
#608=ORIENTED_EDGE('',*,*,#1407,.T.);
#609=ORIENTED_EDGE('',*,*,#1413,.T.);
#610=ORIENTED_EDGE('',*,*,#1410,.F.);
#611=ORIENTED_EDGE('',*,*,#1234,.F.);
#612=ORIENTED_EDGE('',*,*,#1412,.T.);
#613=ORIENTED_EDGE('',*,*,#1318,.T.);
#614=ORIENTED_EDGE('',*,*,#1236,.F.);
#615=ORIENTED_EDGE('',*,*,#1414,.T.);
#616=ORIENTED_EDGE('',*,*,#1415,.F.);
#617=ORIENTED_EDGE('',*,*,#1237,.F.);
#618=ORIENTED_EDGE('',*,*,#1416,.T.);
#619=ORIENTED_EDGE('',*,*,#1417,.T.);
#620=ORIENTED_EDGE('',*,*,#1416,.F.);
#621=ORIENTED_EDGE('',*,*,#1240,.F.);
#622=ORIENTED_EDGE('',*,*,#1418,.T.);
#623=ORIENTED_EDGE('',*,*,#1419,.T.);
#624=ORIENTED_EDGE('',*,*,#1420,.F.);
#625=ORIENTED_EDGE('',*,*,#1238,.F.);
#626=ORIENTED_EDGE('',*,*,#1415,.T.);
#627=ORIENTED_EDGE('',*,*,#1421,.T.);
#628=ORIENTED_EDGE('',*,*,#1418,.F.);
#629=ORIENTED_EDGE('',*,*,#1239,.F.);
#630=ORIENTED_EDGE('',*,*,#1420,.T.);
#631=ORIENTED_EDGE('',*,*,#1422,.T.);
#632=ORIENTED_EDGE('',*,*,#1423,.F.);
#633=ORIENTED_EDGE('',*,*,#1241,.F.);
#634=ORIENTED_EDGE('',*,*,#1424,.T.);
#635=ORIENTED_EDGE('',*,*,#1425,.T.);
#636=ORIENTED_EDGE('',*,*,#1424,.F.);
#637=ORIENTED_EDGE('',*,*,#1244,.F.);
#638=ORIENTED_EDGE('',*,*,#1426,.T.);
#639=ORIENTED_EDGE('',*,*,#1427,.T.);
#640=ORIENTED_EDGE('',*,*,#1428,.F.);
#641=ORIENTED_EDGE('',*,*,#1242,.F.);
#642=ORIENTED_EDGE('',*,*,#1423,.T.);
#643=ORIENTED_EDGE('',*,*,#1429,.T.);
#644=ORIENTED_EDGE('',*,*,#1426,.F.);
#645=ORIENTED_EDGE('',*,*,#1243,.F.);
#646=ORIENTED_EDGE('',*,*,#1428,.T.);
#647=ORIENTED_EDGE('',*,*,#1430,.T.);
#648=ORIENTED_EDGE('',*,*,#1431,.F.);
#649=ORIENTED_EDGE('',*,*,#1245,.F.);
#650=ORIENTED_EDGE('',*,*,#1432,.T.);
#651=ORIENTED_EDGE('',*,*,#1433,.T.);
#652=ORIENTED_EDGE('',*,*,#1432,.F.);
#653=ORIENTED_EDGE('',*,*,#1248,.F.);
#654=ORIENTED_EDGE('',*,*,#1434,.T.);
#655=ORIENTED_EDGE('',*,*,#1435,.T.);
#656=ORIENTED_EDGE('',*,*,#1436,.F.);
#657=ORIENTED_EDGE('',*,*,#1246,.F.);
#658=ORIENTED_EDGE('',*,*,#1431,.T.);
#659=ORIENTED_EDGE('',*,*,#1437,.T.);
#660=ORIENTED_EDGE('',*,*,#1434,.F.);
#661=ORIENTED_EDGE('',*,*,#1247,.F.);
#662=ORIENTED_EDGE('',*,*,#1436,.T.);
#663=ORIENTED_EDGE('',*,*,#1343,.T.);
#664=ORIENTED_EDGE('',*,*,#1249,.F.);
#665=ORIENTED_EDGE('',*,*,#1438,.T.);
#666=ORIENTED_EDGE('',*,*,#1439,.F.);
#667=ORIENTED_EDGE('',*,*,#1250,.F.);
#668=ORIENTED_EDGE('',*,*,#1440,.T.);
#669=ORIENTED_EDGE('',*,*,#1441,.T.);
#670=ORIENTED_EDGE('',*,*,#1440,.F.);
#671=ORIENTED_EDGE('',*,*,#1253,.F.);
#672=ORIENTED_EDGE('',*,*,#1442,.T.);
#673=ORIENTED_EDGE('',*,*,#1443,.T.);
#674=ORIENTED_EDGE('',*,*,#1444,.F.);
#675=ORIENTED_EDGE('',*,*,#1251,.F.);
#676=ORIENTED_EDGE('',*,*,#1439,.T.);
#677=ORIENTED_EDGE('',*,*,#1445,.T.);
#678=ORIENTED_EDGE('',*,*,#1442,.F.);
#679=ORIENTED_EDGE('',*,*,#1252,.F.);
#680=ORIENTED_EDGE('',*,*,#1444,.T.);
#681=ORIENTED_EDGE('',*,*,#1446,.T.);
#682=ORIENTED_EDGE('',*,*,#1447,.F.);
#683=ORIENTED_EDGE('',*,*,#1254,.F.);
#684=ORIENTED_EDGE('',*,*,#1448,.T.);
#685=ORIENTED_EDGE('',*,*,#1449,.T.);
#686=ORIENTED_EDGE('',*,*,#1448,.F.);
#687=ORIENTED_EDGE('',*,*,#1257,.F.);
#688=ORIENTED_EDGE('',*,*,#1450,.T.);
#689=ORIENTED_EDGE('',*,*,#1451,.T.);
#690=ORIENTED_EDGE('',*,*,#1452,.F.);
#691=ORIENTED_EDGE('',*,*,#1255,.F.);
#692=ORIENTED_EDGE('',*,*,#1447,.T.);
#693=ORIENTED_EDGE('',*,*,#1453,.T.);
#694=ORIENTED_EDGE('',*,*,#1450,.F.);
#695=ORIENTED_EDGE('',*,*,#1256,.F.);
#696=ORIENTED_EDGE('',*,*,#1452,.T.);
#697=ORIENTED_EDGE('',*,*,#1454,.T.);
#698=ORIENTED_EDGE('',*,*,#1455,.F.);
#699=ORIENTED_EDGE('',*,*,#1258,.F.);
#700=ORIENTED_EDGE('',*,*,#1456,.T.);
#701=ORIENTED_EDGE('',*,*,#1457,.T.);
#702=ORIENTED_EDGE('',*,*,#1456,.F.);
#703=ORIENTED_EDGE('',*,*,#1261,.F.);
#704=ORIENTED_EDGE('',*,*,#1458,.T.);
#705=ORIENTED_EDGE('',*,*,#1459,.T.);
#706=ORIENTED_EDGE('',*,*,#1460,.F.);
#707=ORIENTED_EDGE('',*,*,#1259,.F.);
#708=ORIENTED_EDGE('',*,*,#1455,.T.);
#709=ORIENTED_EDGE('',*,*,#1461,.T.);
#710=ORIENTED_EDGE('',*,*,#1458,.F.);
#711=ORIENTED_EDGE('',*,*,#1260,.F.);
#712=ORIENTED_EDGE('',*,*,#1460,.T.);
#713=ORIENTED_EDGE('',*,*,#1368,.T.);
#714=ORIENTED_EDGE('',*,*,#1262,.F.);
#715=ORIENTED_EDGE('',*,*,#1265,.F.);
#716=ORIENTED_EDGE('',*,*,#1275,.T.);
#717=ORIENTED_EDGE('',*,*,#1462,.T.);
#718=ORIENTED_EDGE('',*,*,#1371,.F.);
#719=ORIENTED_EDGE('',*,*,#1276,.T.);
#720=ORIENTED_EDGE('',*,*,#1269,.T.);
#721=ORIENTED_EDGE('',*,*,#1373,.F.);
#722=ORIENTED_EDGE('',*,*,#1462,.F.);
#723=ORIENTED_EDGE('',*,*,#1463,.F.);
#724=ORIENTED_EDGE('',*,*,#1280,.T.);
#725=ORIENTED_EDGE('',*,*,#1464,.T.);
#726=ORIENTED_EDGE('',*,*,#1374,.F.);
#727=ORIENTED_EDGE('',*,*,#1465,.F.);
#728=ORIENTED_EDGE('',*,*,#1282,.T.);
#729=ORIENTED_EDGE('',*,*,#1463,.T.);
#730=ORIENTED_EDGE('',*,*,#1377,.F.);
#731=ORIENTED_EDGE('',*,*,#1464,.F.);
#732=ORIENTED_EDGE('',*,*,#1284,.T.);
#733=ORIENTED_EDGE('',*,*,#1466,.T.);
#734=ORIENTED_EDGE('',*,*,#1379,.F.);
#735=ORIENTED_EDGE('',*,*,#1466,.F.);
#736=ORIENTED_EDGE('',*,*,#1285,.T.);
#737=ORIENTED_EDGE('',*,*,#1465,.T.);
#738=ORIENTED_EDGE('',*,*,#1381,.F.);
#739=ORIENTED_EDGE('',*,*,#1467,.F.);
#740=ORIENTED_EDGE('',*,*,#1288,.T.);
#741=ORIENTED_EDGE('',*,*,#1468,.T.);
#742=ORIENTED_EDGE('',*,*,#1382,.F.);
#743=ORIENTED_EDGE('',*,*,#1469,.F.);
#744=ORIENTED_EDGE('',*,*,#1290,.T.);
#745=ORIENTED_EDGE('',*,*,#1467,.T.);
#746=ORIENTED_EDGE('',*,*,#1385,.F.);
#747=ORIENTED_EDGE('',*,*,#1468,.F.);
#748=ORIENTED_EDGE('',*,*,#1292,.T.);
#749=ORIENTED_EDGE('',*,*,#1470,.T.);
#750=ORIENTED_EDGE('',*,*,#1387,.F.);
#751=ORIENTED_EDGE('',*,*,#1470,.F.);
#752=ORIENTED_EDGE('',*,*,#1293,.T.);
#753=ORIENTED_EDGE('',*,*,#1469,.T.);
#754=ORIENTED_EDGE('',*,*,#1389,.F.);
#755=ORIENTED_EDGE('',*,*,#1471,.F.);
#756=ORIENTED_EDGE('',*,*,#1296,.T.);
#757=ORIENTED_EDGE('',*,*,#1472,.T.);
#758=ORIENTED_EDGE('',*,*,#1390,.F.);
#759=ORIENTED_EDGE('',*,*,#1473,.F.);
#760=ORIENTED_EDGE('',*,*,#1298,.T.);
#761=ORIENTED_EDGE('',*,*,#1471,.T.);
#762=ORIENTED_EDGE('',*,*,#1393,.F.);
#763=ORIENTED_EDGE('',*,*,#1472,.F.);
#764=ORIENTED_EDGE('',*,*,#1300,.T.);
#765=ORIENTED_EDGE('',*,*,#1474,.T.);
#766=ORIENTED_EDGE('',*,*,#1395,.F.);
#767=ORIENTED_EDGE('',*,*,#1474,.F.);
#768=ORIENTED_EDGE('',*,*,#1301,.T.);
#769=ORIENTED_EDGE('',*,*,#1473,.T.);
#770=ORIENTED_EDGE('',*,*,#1397,.F.);
#771=ORIENTED_EDGE('',*,*,#1475,.F.);
#772=ORIENTED_EDGE('',*,*,#1304,.T.);
#773=ORIENTED_EDGE('',*,*,#1476,.T.);
#774=ORIENTED_EDGE('',*,*,#1398,.F.);
#775=ORIENTED_EDGE('',*,*,#1477,.F.);
#776=ORIENTED_EDGE('',*,*,#1306,.T.);
#777=ORIENTED_EDGE('',*,*,#1475,.T.);
#778=ORIENTED_EDGE('',*,*,#1401,.F.);
#779=ORIENTED_EDGE('',*,*,#1476,.F.);
#780=ORIENTED_EDGE('',*,*,#1308,.T.);
#781=ORIENTED_EDGE('',*,*,#1478,.T.);
#782=ORIENTED_EDGE('',*,*,#1403,.F.);
#783=ORIENTED_EDGE('',*,*,#1478,.F.);
#784=ORIENTED_EDGE('',*,*,#1309,.T.);
#785=ORIENTED_EDGE('',*,*,#1477,.T.);
#786=ORIENTED_EDGE('',*,*,#1405,.F.);
#787=ORIENTED_EDGE('',*,*,#1479,.F.);
#788=ORIENTED_EDGE('',*,*,#1312,.T.);
#789=ORIENTED_EDGE('',*,*,#1480,.T.);
#790=ORIENTED_EDGE('',*,*,#1406,.F.);
#791=ORIENTED_EDGE('',*,*,#1481,.F.);
#792=ORIENTED_EDGE('',*,*,#1314,.T.);
#793=ORIENTED_EDGE('',*,*,#1479,.T.);
#794=ORIENTED_EDGE('',*,*,#1409,.F.);
#795=ORIENTED_EDGE('',*,*,#1480,.F.);
#796=ORIENTED_EDGE('',*,*,#1316,.T.);
#797=ORIENTED_EDGE('',*,*,#1482,.T.);
#798=ORIENTED_EDGE('',*,*,#1411,.F.);
#799=ORIENTED_EDGE('',*,*,#1482,.F.);
#800=ORIENTED_EDGE('',*,*,#1317,.T.);
#801=ORIENTED_EDGE('',*,*,#1481,.T.);
#802=ORIENTED_EDGE('',*,*,#1413,.F.);
#803=ORIENTED_EDGE('',*,*,#1483,.F.);
#804=ORIENTED_EDGE('',*,*,#1321,.T.);
#805=ORIENTED_EDGE('',*,*,#1484,.T.);
#806=ORIENTED_EDGE('',*,*,#1414,.F.);
#807=ORIENTED_EDGE('',*,*,#1485,.F.);
#808=ORIENTED_EDGE('',*,*,#1323,.T.);
#809=ORIENTED_EDGE('',*,*,#1483,.T.);
#810=ORIENTED_EDGE('',*,*,#1417,.F.);
#811=ORIENTED_EDGE('',*,*,#1484,.F.);
#812=ORIENTED_EDGE('',*,*,#1325,.T.);
#813=ORIENTED_EDGE('',*,*,#1486,.T.);
#814=ORIENTED_EDGE('',*,*,#1419,.F.);
#815=ORIENTED_EDGE('',*,*,#1486,.F.);
#816=ORIENTED_EDGE('',*,*,#1326,.T.);
#817=ORIENTED_EDGE('',*,*,#1485,.T.);
#818=ORIENTED_EDGE('',*,*,#1421,.F.);
#819=ORIENTED_EDGE('',*,*,#1487,.F.);
#820=ORIENTED_EDGE('',*,*,#1329,.T.);
#821=ORIENTED_EDGE('',*,*,#1488,.T.);
#822=ORIENTED_EDGE('',*,*,#1422,.F.);
#823=ORIENTED_EDGE('',*,*,#1489,.F.);
#824=ORIENTED_EDGE('',*,*,#1331,.T.);
#825=ORIENTED_EDGE('',*,*,#1487,.T.);
#826=ORIENTED_EDGE('',*,*,#1425,.F.);
#827=ORIENTED_EDGE('',*,*,#1488,.F.);
#828=ORIENTED_EDGE('',*,*,#1333,.T.);
#829=ORIENTED_EDGE('',*,*,#1490,.T.);
#830=ORIENTED_EDGE('',*,*,#1427,.F.);
#831=ORIENTED_EDGE('',*,*,#1490,.F.);
#832=ORIENTED_EDGE('',*,*,#1334,.T.);
#833=ORIENTED_EDGE('',*,*,#1489,.T.);
#834=ORIENTED_EDGE('',*,*,#1429,.F.);
#835=ORIENTED_EDGE('',*,*,#1491,.F.);
#836=ORIENTED_EDGE('',*,*,#1337,.T.);
#837=ORIENTED_EDGE('',*,*,#1492,.T.);
#838=ORIENTED_EDGE('',*,*,#1430,.F.);
#839=ORIENTED_EDGE('',*,*,#1493,.F.);
#840=ORIENTED_EDGE('',*,*,#1339,.T.);
#841=ORIENTED_EDGE('',*,*,#1491,.T.);
#842=ORIENTED_EDGE('',*,*,#1433,.F.);
#843=ORIENTED_EDGE('',*,*,#1492,.F.);
#844=ORIENTED_EDGE('',*,*,#1341,.T.);
#845=ORIENTED_EDGE('',*,*,#1494,.T.);
#846=ORIENTED_EDGE('',*,*,#1435,.F.);
#847=ORIENTED_EDGE('',*,*,#1494,.F.);
#848=ORIENTED_EDGE('',*,*,#1342,.T.);
#849=ORIENTED_EDGE('',*,*,#1493,.T.);
#850=ORIENTED_EDGE('',*,*,#1437,.F.);
#851=ORIENTED_EDGE('',*,*,#1495,.F.);
#852=ORIENTED_EDGE('',*,*,#1346,.T.);
#853=ORIENTED_EDGE('',*,*,#1496,.T.);
#854=ORIENTED_EDGE('',*,*,#1438,.F.);
#855=ORIENTED_EDGE('',*,*,#1497,.F.);
#856=ORIENTED_EDGE('',*,*,#1348,.T.);
#857=ORIENTED_EDGE('',*,*,#1495,.T.);
#858=ORIENTED_EDGE('',*,*,#1441,.F.);
#859=ORIENTED_EDGE('',*,*,#1496,.F.);
#860=ORIENTED_EDGE('',*,*,#1350,.T.);
#861=ORIENTED_EDGE('',*,*,#1498,.T.);
#862=ORIENTED_EDGE('',*,*,#1443,.F.);
#863=ORIENTED_EDGE('',*,*,#1498,.F.);
#864=ORIENTED_EDGE('',*,*,#1351,.T.);
#865=ORIENTED_EDGE('',*,*,#1497,.T.);
#866=ORIENTED_EDGE('',*,*,#1445,.F.);
#867=ORIENTED_EDGE('',*,*,#1499,.F.);
#868=ORIENTED_EDGE('',*,*,#1354,.T.);
#869=ORIENTED_EDGE('',*,*,#1500,.T.);
#870=ORIENTED_EDGE('',*,*,#1446,.F.);
#871=ORIENTED_EDGE('',*,*,#1501,.F.);
#872=ORIENTED_EDGE('',*,*,#1356,.T.);
#873=ORIENTED_EDGE('',*,*,#1499,.T.);
#874=ORIENTED_EDGE('',*,*,#1449,.F.);
#875=ORIENTED_EDGE('',*,*,#1500,.F.);
#876=ORIENTED_EDGE('',*,*,#1358,.T.);
#877=ORIENTED_EDGE('',*,*,#1502,.T.);
#878=ORIENTED_EDGE('',*,*,#1451,.F.);
#879=ORIENTED_EDGE('',*,*,#1502,.F.);
#880=ORIENTED_EDGE('',*,*,#1359,.T.);
#881=ORIENTED_EDGE('',*,*,#1501,.T.);
#882=ORIENTED_EDGE('',*,*,#1453,.F.);
#883=ORIENTED_EDGE('',*,*,#1503,.F.);
#884=ORIENTED_EDGE('',*,*,#1362,.T.);
#885=ORIENTED_EDGE('',*,*,#1504,.T.);
#886=ORIENTED_EDGE('',*,*,#1454,.F.);
#887=ORIENTED_EDGE('',*,*,#1505,.F.);
#888=ORIENTED_EDGE('',*,*,#1364,.T.);
#889=ORIENTED_EDGE('',*,*,#1503,.T.);
#890=ORIENTED_EDGE('',*,*,#1457,.F.);
#891=ORIENTED_EDGE('',*,*,#1504,.F.);
#892=ORIENTED_EDGE('',*,*,#1366,.T.);
#893=ORIENTED_EDGE('',*,*,#1506,.T.);
#894=ORIENTED_EDGE('',*,*,#1459,.F.);
#895=ORIENTED_EDGE('',*,*,#1506,.F.);
#896=ORIENTED_EDGE('',*,*,#1367,.T.);
#897=ORIENTED_EDGE('',*,*,#1505,.T.);
#898=ORIENTED_EDGE('',*,*,#1461,.F.);
#899=ORIENTED_EDGE('',*,*,#1507,.T.);
#900=ORIENTED_EDGE('',*,*,#1508,.T.);
#901=ORIENTED_EDGE('',*,*,#1509,.F.);
#902=ORIENTED_EDGE('',*,*,#1510,.F.);
#903=ORIENTED_EDGE('',*,*,#1511,.F.);
#904=ORIENTED_EDGE('',*,*,#1512,.F.);
#905=ORIENTED_EDGE('',*,*,#1513,.T.);
#906=ORIENTED_EDGE('',*,*,#1510,.T.);
#907=ORIENTED_EDGE('',*,*,#1514,.F.);
#908=ORIENTED_EDGE('',*,*,#1509,.T.);
#909=ORIENTED_EDGE('',*,*,#1515,.T.);
#910=ORIENTED_EDGE('',*,*,#1516,.F.);
#911=ORIENTED_EDGE('',*,*,#1517,.T.);
#912=ORIENTED_EDGE('',*,*,#1518,.F.);
#913=ORIENTED_EDGE('',*,*,#1507,.F.);
#914=ORIENTED_EDGE('',*,*,#1519,.T.);
#915=ORIENTED_EDGE('',*,*,#1508,.F.);
#916=ORIENTED_EDGE('',*,*,#1520,.T.);
#917=ORIENTED_EDGE('',*,*,#1521,.T.);
#918=ORIENTED_EDGE('',*,*,#1522,.F.);
#919=ORIENTED_EDGE('',*,*,#1523,.F.);
#920=ORIENTED_EDGE('',*,*,#1511,.T.);
#921=ORIENTED_EDGE('',*,*,#1514,.T.);
#922=ORIENTED_EDGE('',*,*,#1524,.F.);
#923=ORIENTED_EDGE('',*,*,#1525,.T.);
#924=ORIENTED_EDGE('',*,*,#1519,.F.);
#925=ORIENTED_EDGE('',*,*,#1513,.F.);
#926=ORIENTED_EDGE('',*,*,#1526,.T.);
#927=ORIENTED_EDGE('',*,*,#1527,.T.);
#928=ORIENTED_EDGE('',*,*,#1512,.T.);
#929=ORIENTED_EDGE('',*,*,#1528,.F.);
#930=ORIENTED_EDGE('',*,*,#1529,.F.);
#931=ORIENTED_EDGE('',*,*,#1516,.T.);
#932=ORIENTED_EDGE('',*,*,#1530,.T.);
#933=ORIENTED_EDGE('',*,*,#1531,.T.);
#934=ORIENTED_EDGE('',*,*,#1532,.T.);
#935=ORIENTED_EDGE('',*,*,#1533,.T.);
#936=ORIENTED_EDGE('',*,*,#1534,.T.);
#937=ORIENTED_EDGE('',*,*,#1535,.T.);
#938=ORIENTED_EDGE('',*,*,#1524,.T.);
#939=ORIENTED_EDGE('',*,*,#1536,.F.);
#940=ORIENTED_EDGE('',*,*,#1537,.T.);
#941=ORIENTED_EDGE('',*,*,#1538,.F.);
#942=ORIENTED_EDGE('',*,*,#1539,.T.);
#943=ORIENTED_EDGE('',*,*,#1540,.F.);
#944=ORIENTED_EDGE('',*,*,#1541,.T.);
#945=ORIENTED_EDGE('',*,*,#1542,.F.);
#946=ORIENTED_EDGE('',*,*,#1543,.T.);
#947=ORIENTED_EDGE('',*,*,#1515,.F.);
#948=ORIENTED_EDGE('',*,*,#1522,.T.);
#949=ORIENTED_EDGE('',*,*,#1544,.T.);
#950=ORIENTED_EDGE('',*,*,#1530,.F.);
#951=ORIENTED_EDGE('',*,*,#1525,.F.);
#952=ORIENTED_EDGE('',*,*,#1545,.F.);
#953=ORIENTED_EDGE('',*,*,#1546,.F.);
#954=ORIENTED_EDGE('',*,*,#1547,.F.);
#955=ORIENTED_EDGE('',*,*,#1548,.F.);
#956=ORIENTED_EDGE('',*,*,#1549,.F.);
#957=ORIENTED_EDGE('',*,*,#1550,.F.);
#958=ORIENTED_EDGE('',*,*,#1517,.F.);
#959=ORIENTED_EDGE('',*,*,#1550,.T.);
#960=ORIENTED_EDGE('',*,*,#1551,.F.);
#961=ORIENTED_EDGE('',*,*,#1520,.F.);
#962=ORIENTED_EDGE('',*,*,#1518,.T.);
#963=ORIENTED_EDGE('',*,*,#1552,.T.);
#964=ORIENTED_EDGE('',*,*,#1553,.T.);
#965=ORIENTED_EDGE('',*,*,#1554,.F.);
#966=ORIENTED_EDGE('',*,*,#1521,.F.);
#967=ORIENTED_EDGE('',*,*,#1555,.F.);
#968=ORIENTED_EDGE('',*,*,#1556,.F.);
#969=ORIENTED_EDGE('',*,*,#1557,.F.);
#970=ORIENTED_EDGE('',*,*,#1558,.F.);
#971=ORIENTED_EDGE('',*,*,#1559,.F.);
#972=ORIENTED_EDGE('',*,*,#1528,.T.);
#973=ORIENTED_EDGE('',*,*,#1523,.T.);
#974=ORIENTED_EDGE('',*,*,#1535,.F.);
#975=ORIENTED_EDGE('',*,*,#1545,.T.);
#976=ORIENTED_EDGE('',*,*,#1526,.F.);
#977=ORIENTED_EDGE('',*,*,#1527,.F.);
#978=ORIENTED_EDGE('',*,*,#1560,.T.);
#979=ORIENTED_EDGE('',*,*,#1561,.F.);
#980=ORIENTED_EDGE('',*,*,#1562,.T.);
#981=ORIENTED_EDGE('',*,*,#1529,.T.);
#982=ORIENTED_EDGE('',*,*,#1563,.F.);
#983=ORIENTED_EDGE('',*,*,#1544,.F.);
#984=ORIENTED_EDGE('',*,*,#1554,.T.);
#985=ORIENTED_EDGE('',*,*,#1564,.T.);
#986=ORIENTED_EDGE('',*,*,#1531,.F.);
#987=ORIENTED_EDGE('',*,*,#1565,.F.);
#988=ORIENTED_EDGE('',*,*,#1563,.T.);
#989=ORIENTED_EDGE('',*,*,#1559,.T.);
#990=ORIENTED_EDGE('',*,*,#1534,.F.);
#991=ORIENTED_EDGE('',*,*,#1564,.F.);
#992=ORIENTED_EDGE('',*,*,#1566,.T.);
#993=ORIENTED_EDGE('',*,*,#1567,.T.);
#994=ORIENTED_EDGE('',*,*,#1532,.F.);
#995=ORIENTED_EDGE('',*,*,#1567,.F.);
#996=ORIENTED_EDGE('',*,*,#1568,.T.);
#997=ORIENTED_EDGE('',*,*,#1565,.T.);
#998=ORIENTED_EDGE('',*,*,#1533,.F.);
#999=ORIENTED_EDGE('',*,*,#1536,.T.);
#1000=ORIENTED_EDGE('',*,*,#1569,.T.);
#1001=ORIENTED_EDGE('',*,*,#1570,.F.);
#1002=ORIENTED_EDGE('',*,*,#1571,.T.);
#1003=ORIENTED_EDGE('',*,*,#1572,.T.);
#1004=ORIENTED_EDGE('',*,*,#1573,.F.);
#1005=ORIENTED_EDGE('',*,*,#1569,.F.);
#1006=ORIENTED_EDGE('',*,*,#1543,.F.);
#1007=ORIENTED_EDGE('',*,*,#1574,.T.);
#1008=ORIENTED_EDGE('',*,*,#1575,.T.);
#1009=ORIENTED_EDGE('',*,*,#1576,.T.);
#1010=ORIENTED_EDGE('',*,*,#1577,.T.);
#1011=ORIENTED_EDGE('',*,*,#1542,.T.);
#1012=ORIENTED_EDGE('',*,*,#1578,.T.);
#1013=ORIENTED_EDGE('',*,*,#1579,.F.);
#1014=ORIENTED_EDGE('',*,*,#1572,.F.);
#1015=ORIENTED_EDGE('',*,*,#1580,.T.);
#1016=ORIENTED_EDGE('',*,*,#1581,.F.);
#1017=ORIENTED_EDGE('',*,*,#1578,.F.);
#1018=ORIENTED_EDGE('',*,*,#1541,.F.);
#1019=ORIENTED_EDGE('',*,*,#1540,.T.);
#1020=ORIENTED_EDGE('',*,*,#1582,.T.);
#1021=ORIENTED_EDGE('',*,*,#1583,.F.);
#1022=ORIENTED_EDGE('',*,*,#1580,.F.);
#1023=ORIENTED_EDGE('',*,*,#1584,.T.);
#1024=ORIENTED_EDGE('',*,*,#1585,.F.);
#1025=ORIENTED_EDGE('',*,*,#1582,.F.);
#1026=ORIENTED_EDGE('',*,*,#1539,.F.);
#1027=ORIENTED_EDGE('',*,*,#1586,.T.);
#1028=ORIENTED_EDGE('',*,*,#1587,.T.);
#1029=ORIENTED_EDGE('',*,*,#1584,.F.);
#1030=ORIENTED_EDGE('',*,*,#1538,.T.);
#1031=ORIENTED_EDGE('',*,*,#1571,.F.);
#1032=ORIENTED_EDGE('',*,*,#1588,.F.);
#1033=ORIENTED_EDGE('',*,*,#1586,.F.);
#1034=ORIENTED_EDGE('',*,*,#1537,.F.);
#1035=ORIENTED_EDGE('',*,*,#1549,.T.);
#1036=ORIENTED_EDGE('',*,*,#1589,.F.);
#1037=ORIENTED_EDGE('',*,*,#1552,.F.);
#1038=ORIENTED_EDGE('',*,*,#1551,.T.);
#1039=ORIENTED_EDGE('',*,*,#1546,.T.);
#1040=ORIENTED_EDGE('',*,*,#1560,.F.);
#1041=ORIENTED_EDGE('',*,*,#1562,.F.);
#1042=ORIENTED_EDGE('',*,*,#1590,.T.);
#1043=ORIENTED_EDGE('',*,*,#1548,.T.);
#1044=ORIENTED_EDGE('',*,*,#1591,.F.);
#1045=ORIENTED_EDGE('',*,*,#1592,.F.);
#1046=ORIENTED_EDGE('',*,*,#1589,.T.);
#1047=ORIENTED_EDGE('',*,*,#1547,.T.);
#1048=ORIENTED_EDGE('',*,*,#1590,.F.);
#1049=ORIENTED_EDGE('',*,*,#1593,.F.);
#1050=ORIENTED_EDGE('',*,*,#1591,.T.);
#1051=ORIENTED_EDGE('',*,*,#1553,.F.);
#1052=ORIENTED_EDGE('',*,*,#1592,.T.);
#1053=ORIENTED_EDGE('',*,*,#1594,.T.);
#1054=ORIENTED_EDGE('',*,*,#1566,.F.);
#1055=ORIENTED_EDGE('',*,*,#1574,.F.);
#1056=ORIENTED_EDGE('',*,*,#1595,.T.);
#1057=ORIENTED_EDGE('',*,*,#1558,.T.);
#1058=ORIENTED_EDGE('',*,*,#1596,.F.);
#1059=ORIENTED_EDGE('',*,*,#1577,.F.);
#1060=ORIENTED_EDGE('',*,*,#1597,.T.);
#1061=ORIENTED_EDGE('',*,*,#1555,.T.);
#1062=ORIENTED_EDGE('',*,*,#1595,.F.);
#1063=ORIENTED_EDGE('',*,*,#1576,.F.);
#1064=ORIENTED_EDGE('',*,*,#1598,.T.);
#1065=ORIENTED_EDGE('',*,*,#1556,.T.);
#1066=ORIENTED_EDGE('',*,*,#1597,.F.);
#1067=ORIENTED_EDGE('',*,*,#1575,.F.);
#1068=ORIENTED_EDGE('',*,*,#1596,.T.);
#1069=ORIENTED_EDGE('',*,*,#1557,.T.);
#1070=ORIENTED_EDGE('',*,*,#1598,.F.);
#1071=ORIENTED_EDGE('',*,*,#1593,.T.);
#1072=ORIENTED_EDGE('',*,*,#1561,.T.);
#1073=ORIENTED_EDGE('',*,*,#1568,.F.);
#1074=ORIENTED_EDGE('',*,*,#1594,.F.);
#1075=ORIENTED_EDGE('',*,*,#1588,.T.);
#1076=ORIENTED_EDGE('',*,*,#1570,.T.);
#1077=ORIENTED_EDGE('',*,*,#1573,.T.);
#1078=ORIENTED_EDGE('',*,*,#1579,.T.);
#1079=ORIENTED_EDGE('',*,*,#1581,.T.);
#1080=ORIENTED_EDGE('',*,*,#1583,.T.);
#1081=ORIENTED_EDGE('',*,*,#1585,.T.);
#1082=ORIENTED_EDGE('',*,*,#1587,.F.);
#1083=ORIENTED_EDGE('',*,*,#1599,.F.);
#1084=ORIENTED_EDGE('',*,*,#1600,.F.);
#1085=ORIENTED_EDGE('',*,*,#1601,.F.);
#1086=ORIENTED_EDGE('',*,*,#1602,.F.);
#1087=ORIENTED_EDGE('',*,*,#1603,.F.);
#1088=ORIENTED_EDGE('',*,*,#1599,.T.);
#1089=ORIENTED_EDGE('',*,*,#1604,.F.);
#1090=ORIENTED_EDGE('',*,*,#1600,.T.);
#1091=ORIENTED_EDGE('',*,*,#1605,.F.);
#1092=ORIENTED_EDGE('',*,*,#1601,.T.);
#1093=ORIENTED_EDGE('',*,*,#1606,.F.);
#1094=ORIENTED_EDGE('',*,*,#1602,.T.);
#1095=ORIENTED_EDGE('',*,*,#1603,.T.);
#1096=ORIENTED_EDGE('',*,*,#1607,.T.);
#1097=ORIENTED_EDGE('',*,*,#1604,.T.);
#1098=ORIENTED_EDGE('',*,*,#1608,.T.);
#1099=ORIENTED_EDGE('',*,*,#1605,.T.);
#1100=ORIENTED_EDGE('',*,*,#1609,.T.);
#1101=ORIENTED_EDGE('',*,*,#1606,.T.);
#1102=ORIENTED_EDGE('',*,*,#1610,.T.);
#1103=ORIENTED_EDGE('',*,*,#1607,.F.);
#1104=ORIENTED_EDGE('',*,*,#1611,.F.);
#1105=ORIENTED_EDGE('',*,*,#1608,.F.);
#1106=ORIENTED_EDGE('',*,*,#1612,.F.);
#1107=ORIENTED_EDGE('',*,*,#1609,.F.);
#1108=ORIENTED_EDGE('',*,*,#1613,.F.);
#1109=ORIENTED_EDGE('',*,*,#1610,.F.);
#1110=ORIENTED_EDGE('',*,*,#1614,.F.);
#1111=ORIENTED_EDGE('',*,*,#1611,.T.);
#1112=ORIENTED_EDGE('',*,*,#1615,.F.);
#1113=ORIENTED_EDGE('',*,*,#1612,.T.);
#1114=ORIENTED_EDGE('',*,*,#1616,.F.);
#1115=ORIENTED_EDGE('',*,*,#1613,.T.);
#1116=ORIENTED_EDGE('',*,*,#1617,.F.);
#1117=ORIENTED_EDGE('',*,*,#1614,.T.);
#1118=ORIENTED_EDGE('',*,*,#1618,.F.);
#1119=ORIENTED_EDGE('',*,*,#1615,.T.);
#1120=ORIENTED_EDGE('',*,*,#1619,.F.);
#1121=ORIENTED_EDGE('',*,*,#1616,.T.);
#1122=ORIENTED_EDGE('',*,*,#1620,.F.);
#1123=ORIENTED_EDGE('',*,*,#1617,.T.);
#1124=ORIENTED_EDGE('',*,*,#1621,.F.);
#1125=ORIENTED_EDGE('',*,*,#1618,.T.);
#1126=ORIENTED_EDGE('',*,*,#1622,.F.);
#1127=ORIENTED_EDGE('',*,*,#1619,.T.);
#1128=ORIENTED_EDGE('',*,*,#1620,.T.);
#1129=ORIENTED_EDGE('',*,*,#1621,.T.);
#1130=ORIENTED_EDGE('',*,*,#1622,.T.);
#1131=EDGE_CURVE('',#1623,#1624,#1923,.T.);
#1132=EDGE_CURVE('',#1624,#1625,#1924,.F.);
#1133=EDGE_CURVE('',#1626,#1625,#1925,.F.);
#1134=EDGE_CURVE('',#1623,#1626,#1926,.T.);
#1135=EDGE_CURVE('',#1627,#1626,#43,.F.);
#1136=EDGE_CURVE('',#1628,#1627,#1927,.F.);
#1137=EDGE_CURVE('',#1628,#1623,#44,.T.);
#1138=EDGE_CURVE('',#1629,#1630,#1928,.F.);
#1139=EDGE_CURVE('',#1624,#1630,#1929,.F.);
#1140=EDGE_CURVE('',#1623,#1629,#1930,.T.);
#1141=EDGE_CURVE('',#1626,#1631,#1931,.F.);
#1142=EDGE_CURVE('',#1625,#1632,#1932,.T.);
#1143=EDGE_CURVE('',#1631,#1632,#1933,.T.);
#1144=EDGE_CURVE('',#1624,#1633,#45,.T.);
#1145=EDGE_CURVE('',#1633,#1634,#1934,.T.);
#1146=EDGE_CURVE('',#1625,#1634,#46,.F.);
#1147=EDGE_CURVE('',#1635,#1629,#47,.T.);
#1148=EDGE_CURVE('',#1628,#1635,#1935,.F.);
#1149=EDGE_CURVE('',#1627,#1636,#1936,.T.);
#1150=EDGE_CURVE('',#1636,#1631,#48,.F.);
#1151=EDGE_CURVE('',#1637,#1628,#1937,.T.);
#1152=EDGE_CURVE('',#1638,#1627,#1938,.F.);
#1153=EDGE_CURVE('',#1637,#1638,#1939,.T.);
#1154=EDGE_CURVE('',#1639,#1635,#1940,.F.);
#1155=EDGE_CURVE('',#1640,#1639,#49,.T.);
#1156=EDGE_CURVE('',#1641,#1640,#1941,.F.);
#1157=EDGE_CURVE('',#1642,#1641,#50,.T.);
#1158=EDGE_CURVE('',#1643,#1642,#1942,.F.);
#1159=EDGE_CURVE('',#1630,#1643,#51,.T.);
#1160=EDGE_CURVE('',#1644,#1644,#52,.T.);
#1161=EDGE_CURVE('',#1645,#1646,#1943,.F.);
#1162=EDGE_CURVE('',#1647,#1645,#1944,.F.);
#1163=EDGE_CURVE('',#1648,#1647,#1945,.F.);
#1164=EDGE_CURVE('',#1646,#1648,#1946,.F.);
#1165=EDGE_CURVE('',#1649,#1650,#1947,.F.);
#1166=EDGE_CURVE('',#1651,#1649,#1948,.F.);
#1167=EDGE_CURVE('',#1652,#1651,#1949,.F.);
#1168=EDGE_CURVE('',#1650,#1652,#1950,.F.);
#1169=EDGE_CURVE('',#1653,#1654,#1951,.F.);
#1170=EDGE_CURVE('',#1655,#1653,#1952,.F.);
#1171=EDGE_CURVE('',#1656,#1655,#1953,.F.);
#1172=EDGE_CURVE('',#1654,#1656,#1954,.F.);
#1173=EDGE_CURVE('',#1657,#1658,#1955,.F.);
#1174=EDGE_CURVE('',#1659,#1657,#1956,.F.);
#1175=EDGE_CURVE('',#1660,#1659,#1957,.F.);
#1176=EDGE_CURVE('',#1658,#1660,#1958,.F.);
#1177=EDGE_CURVE('',#1661,#1662,#1959,.F.);
#1178=EDGE_CURVE('',#1663,#1661,#1960,.F.);
#1179=EDGE_CURVE('',#1664,#1663,#1961,.F.);
#1180=EDGE_CURVE('',#1662,#1664,#1962,.F.);
#1181=EDGE_CURVE('',#1665,#1665,#53,.T.);
#1182=EDGE_CURVE('',#1666,#1667,#1963,.F.);
#1183=EDGE_CURVE('',#1668,#1666,#1964,.F.);
#1184=EDGE_CURVE('',#1669,#1668,#1965,.F.);
#1185=EDGE_CURVE('',#1667,#1669,#1966,.F.);
#1186=EDGE_CURVE('',#1670,#1671,#1967,.F.);
#1187=EDGE_CURVE('',#1672,#1670,#1968,.F.);
#1188=EDGE_CURVE('',#1673,#1672,#1969,.F.);
#1189=EDGE_CURVE('',#1671,#1673,#1970,.F.);
#1190=EDGE_CURVE('',#1674,#1675,#1971,.F.);
#1191=EDGE_CURVE('',#1676,#1674,#1972,.F.);
#1192=EDGE_CURVE('',#1677,#1676,#1973,.F.);
#1193=EDGE_CURVE('',#1675,#1677,#1974,.F.);
#1194=EDGE_CURVE('',#1678,#1678,#54,.T.);
#1195=EDGE_CURVE('',#1679,#1680,#1975,.F.);
#1196=EDGE_CURVE('',#1681,#1679,#1976,.F.);
#1197=EDGE_CURVE('',#1682,#1681,#1977,.F.);
#1198=EDGE_CURVE('',#1680,#1682,#1978,.F.);
#1199=EDGE_CURVE('',#1683,#1684,#1979,.F.);
#1200=EDGE_CURVE('',#1685,#1683,#1980,.F.);
#1201=EDGE_CURVE('',#1686,#1685,#1981,.F.);
#1202=EDGE_CURVE('',#1684,#1686,#1982,.F.);
#1203=EDGE_CURVE('',#1687,#1688,#1983,.F.);
#1204=EDGE_CURVE('',#1689,#1687,#1984,.F.);
#1205=EDGE_CURVE('',#1690,#1689,#1985,.F.);
#1206=EDGE_CURVE('',#1688,#1690,#1986,.F.);
#1207=EDGE_CURVE('',#1691,#1691,#55,.T.);
#1208=EDGE_CURVE('',#1633,#1643,#1987,.T.);
#1209=EDGE_CURVE('',#1632,#1692,#56,.F.);
#1210=EDGE_CURVE('',#1692,#1693,#1988,.T.);
#1211=EDGE_CURVE('',#1693,#1694,#57,.F.);
#1212=EDGE_CURVE('',#1694,#1695,#1989,.F.);
#1213=EDGE_CURVE('',#1695,#1696,#58,.F.);
#1214=EDGE_CURVE('',#1696,#1636,#1990,.F.);
#1215=EDGE_CURVE('',#1697,#1697,#59,.F.);
#1216=EDGE_CURVE('',#1698,#1699,#1991,.F.);
#1217=EDGE_CURVE('',#1699,#1700,#1992,.F.);
#1218=EDGE_CURVE('',#1700,#1701,#1993,.T.);
#1219=EDGE_CURVE('',#1701,#1698,#1994,.T.);
#1220=EDGE_CURVE('',#1702,#1703,#1995,.F.);
#1221=EDGE_CURVE('',#1703,#1704,#1996,.F.);
#1222=EDGE_CURVE('',#1704,#1705,#1997,.T.);
#1223=EDGE_CURVE('',#1705,#1702,#1998,.T.);
#1224=EDGE_CURVE('',#1706,#1707,#1999,.F.);
#1225=EDGE_CURVE('',#1707,#1708,#2000,.F.);
#1226=EDGE_CURVE('',#1708,#1709,#2001,.T.);
#1227=EDGE_CURVE('',#1709,#1706,#2002,.T.);
#1228=EDGE_CURVE('',#1710,#1711,#2003,.F.);
#1229=EDGE_CURVE('',#1711,#1712,#2004,.F.);
#1230=EDGE_CURVE('',#1712,#1713,#2005,.T.);
#1231=EDGE_CURVE('',#1713,#1710,#2006,.T.);
#1232=EDGE_CURVE('',#1714,#1715,#2007,.F.);
#1233=EDGE_CURVE('',#1715,#1716,#2008,.F.);
#1234=EDGE_CURVE('',#1716,#1717,#2009,.T.);
#1235=EDGE_CURVE('',#1717,#1714,#2010,.T.);
#1236=EDGE_CURVE('',#1718,#1718,#60,.F.);
#1237=EDGE_CURVE('',#1719,#1720,#2011,.F.);
#1238=EDGE_CURVE('',#1720,#1721,#2012,.F.);
#1239=EDGE_CURVE('',#1721,#1722,#2013,.T.);
#1240=EDGE_CURVE('',#1722,#1719,#2014,.T.);
#1241=EDGE_CURVE('',#1723,#1724,#2015,.F.);
#1242=EDGE_CURVE('',#1724,#1725,#2016,.F.);
#1243=EDGE_CURVE('',#1725,#1726,#2017,.T.);
#1244=EDGE_CURVE('',#1726,#1723,#2018,.T.);
#1245=EDGE_CURVE('',#1727,#1728,#2019,.F.);
#1246=EDGE_CURVE('',#1728,#1729,#2020,.F.);
#1247=EDGE_CURVE('',#1729,#1730,#2021,.T.);
#1248=EDGE_CURVE('',#1730,#1727,#2022,.T.);
#1249=EDGE_CURVE('',#1731,#1731,#61,.F.);
#1250=EDGE_CURVE('',#1732,#1733,#2023,.F.);
#1251=EDGE_CURVE('',#1733,#1734,#2024,.F.);
#1252=EDGE_CURVE('',#1734,#1735,#2025,.T.);
#1253=EDGE_CURVE('',#1735,#1732,#2026,.T.);
#1254=EDGE_CURVE('',#1736,#1737,#2027,.F.);
#1255=EDGE_CURVE('',#1737,#1738,#2028,.F.);
#1256=EDGE_CURVE('',#1738,#1739,#2029,.T.);
#1257=EDGE_CURVE('',#1739,#1736,#2030,.T.);
#1258=EDGE_CURVE('',#1740,#1741,#2031,.F.);
#1259=EDGE_CURVE('',#1741,#1742,#2032,.F.);
#1260=EDGE_CURVE('',#1742,#1743,#2033,.T.);
#1261=EDGE_CURVE('',#1743,#1740,#2034,.T.);
#1262=EDGE_CURVE('',#1744,#1744,#62,.F.);
#1263=EDGE_CURVE('',#1634,#1692,#2035,.F.);
#1264=EDGE_CURVE('',#1633,#1745,#2036,.T.);
#1265=EDGE_CURVE('',#1745,#1746,#2037,.F.);
#1266=EDGE_CURVE('',#1634,#1746,#2038,.F.);
#1267=EDGE_CURVE('',#1637,#1639,#2039,.T.);
#1268=EDGE_CURVE('',#1638,#1696,#2040,.F.);
#1269=EDGE_CURVE('',#1747,#1748,#2041,.F.);
#1270=EDGE_CURVE('',#1747,#1637,#63,.T.);
#1271=EDGE_CURVE('',#1748,#1638,#64,.F.);
#1272=EDGE_CURVE('',#1745,#1642,#2042,.F.);
#1273=EDGE_CURVE('',#1747,#1640,#2043,.F.);
#1274=EDGE_CURVE('',#1749,#1641,#2044,.T.);
#1275=EDGE_CURVE('',#1745,#1749,#65,.T.);
#1276=EDGE_CURVE('',#1749,#1747,#2045,.T.);
#1277=EDGE_CURVE('',#1750,#1750,#66,.F.);
#1278=EDGE_CURVE('',#1646,#1751,#2046,.T.);
#1279=EDGE_CURVE('',#1648,#1752,#2047,.T.);
#1280=EDGE_CURVE('',#1751,#1752,#2048,.F.);
#1281=EDGE_CURVE('',#1645,#1753,#2049,.T.);
#1282=EDGE_CURVE('',#1753,#1751,#2050,.F.);
#1283=EDGE_CURVE('',#1647,#1754,#2051,.T.);
#1284=EDGE_CURVE('',#1752,#1754,#2052,.F.);
#1285=EDGE_CURVE('',#1754,#1753,#2053,.F.);
#1286=EDGE_CURVE('',#1650,#1755,#2054,.T.);
#1287=EDGE_CURVE('',#1652,#1756,#2055,.T.);
#1288=EDGE_CURVE('',#1755,#1756,#2056,.F.);
#1289=EDGE_CURVE('',#1649,#1757,#2057,.T.);
#1290=EDGE_CURVE('',#1757,#1755,#2058,.F.);
#1291=EDGE_CURVE('',#1651,#1758,#2059,.T.);
#1292=EDGE_CURVE('',#1756,#1758,#2060,.F.);
#1293=EDGE_CURVE('',#1758,#1757,#2061,.F.);
#1294=EDGE_CURVE('',#1654,#1759,#2062,.T.);
#1295=EDGE_CURVE('',#1656,#1760,#2063,.T.);
#1296=EDGE_CURVE('',#1759,#1760,#2064,.F.);
#1297=EDGE_CURVE('',#1653,#1761,#2065,.T.);
#1298=EDGE_CURVE('',#1761,#1759,#2066,.F.);
#1299=EDGE_CURVE('',#1655,#1762,#2067,.T.);
#1300=EDGE_CURVE('',#1760,#1762,#2068,.F.);
#1301=EDGE_CURVE('',#1762,#1761,#2069,.F.);
#1302=EDGE_CURVE('',#1658,#1763,#2070,.T.);
#1303=EDGE_CURVE('',#1660,#1764,#2071,.T.);
#1304=EDGE_CURVE('',#1763,#1764,#2072,.F.);
#1305=EDGE_CURVE('',#1657,#1765,#2073,.T.);
#1306=EDGE_CURVE('',#1765,#1763,#2074,.F.);
#1307=EDGE_CURVE('',#1659,#1766,#2075,.T.);
#1308=EDGE_CURVE('',#1764,#1766,#2076,.F.);
#1309=EDGE_CURVE('',#1766,#1765,#2077,.F.);
#1310=EDGE_CURVE('',#1662,#1767,#2078,.T.);
#1311=EDGE_CURVE('',#1664,#1768,#2079,.T.);
#1312=EDGE_CURVE('',#1767,#1768,#2080,.F.);
#1313=EDGE_CURVE('',#1661,#1769,#2081,.T.);
#1314=EDGE_CURVE('',#1769,#1767,#2082,.F.);
#1315=EDGE_CURVE('',#1663,#1770,#2083,.T.);
#1316=EDGE_CURVE('',#1768,#1770,#2084,.F.);
#1317=EDGE_CURVE('',#1770,#1769,#2085,.F.);
#1318=EDGE_CURVE('',#1771,#1771,#67,.F.);
#1319=EDGE_CURVE('',#1667,#1772,#2086,.T.);
#1320=EDGE_CURVE('',#1669,#1773,#2087,.T.);
#1321=EDGE_CURVE('',#1772,#1773,#2088,.F.);
#1322=EDGE_CURVE('',#1666,#1774,#2089,.T.);
#1323=EDGE_CURVE('',#1774,#1772,#2090,.F.);
#1324=EDGE_CURVE('',#1668,#1775,#2091,.T.);
#1325=EDGE_CURVE('',#1773,#1775,#2092,.F.);
#1326=EDGE_CURVE('',#1775,#1774,#2093,.F.);
#1327=EDGE_CURVE('',#1671,#1776,#2094,.T.);
#1328=EDGE_CURVE('',#1673,#1777,#2095,.T.);
#1329=EDGE_CURVE('',#1776,#1777,#2096,.F.);
#1330=EDGE_CURVE('',#1670,#1778,#2097,.T.);
#1331=EDGE_CURVE('',#1778,#1776,#2098,.F.);
#1332=EDGE_CURVE('',#1672,#1779,#2099,.T.);
#1333=EDGE_CURVE('',#1777,#1779,#2100,.F.);
#1334=EDGE_CURVE('',#1779,#1778,#2101,.F.);
#1335=EDGE_CURVE('',#1675,#1780,#2102,.T.);
#1336=EDGE_CURVE('',#1677,#1781,#2103,.T.);
#1337=EDGE_CURVE('',#1780,#1781,#2104,.F.);
#1338=EDGE_CURVE('',#1674,#1782,#2105,.T.);
#1339=EDGE_CURVE('',#1782,#1780,#2106,.F.);
#1340=EDGE_CURVE('',#1676,#1783,#2107,.T.);
#1341=EDGE_CURVE('',#1781,#1783,#2108,.F.);
#1342=EDGE_CURVE('',#1783,#1782,#2109,.F.);
#1343=EDGE_CURVE('',#1784,#1784,#68,.F.);
#1344=EDGE_CURVE('',#1680,#1785,#2110,.T.);
#1345=EDGE_CURVE('',#1682,#1786,#2111,.T.);
#1346=EDGE_CURVE('',#1785,#1786,#2112,.F.);
#1347=EDGE_CURVE('',#1679,#1787,#2113,.T.);
#1348=EDGE_CURVE('',#1787,#1785,#2114,.F.);
#1349=EDGE_CURVE('',#1681,#1788,#2115,.T.);
#1350=EDGE_CURVE('',#1786,#1788,#2116,.F.);
#1351=EDGE_CURVE('',#1788,#1787,#2117,.F.);
#1352=EDGE_CURVE('',#1684,#1789,#2118,.T.);
#1353=EDGE_CURVE('',#1686,#1790,#2119,.T.);
#1354=EDGE_CURVE('',#1789,#1790,#2120,.F.);
#1355=EDGE_CURVE('',#1683,#1791,#2121,.T.);
#1356=EDGE_CURVE('',#1791,#1789,#2122,.F.);
#1357=EDGE_CURVE('',#1685,#1792,#2123,.T.);
#1358=EDGE_CURVE('',#1790,#1792,#2124,.F.);
#1359=EDGE_CURVE('',#1792,#1791,#2125,.F.);
#1360=EDGE_CURVE('',#1688,#1793,#2126,.T.);
#1361=EDGE_CURVE('',#1690,#1794,#2127,.T.);
#1362=EDGE_CURVE('',#1793,#1794,#2128,.F.);
#1363=EDGE_CURVE('',#1687,#1795,#2129,.T.);
#1364=EDGE_CURVE('',#1795,#1793,#2130,.F.);
#1365=EDGE_CURVE('',#1689,#1796,#2131,.T.);
#1366=EDGE_CURVE('',#1794,#1796,#2132,.F.);
#1367=EDGE_CURVE('',#1796,#1795,#2133,.F.);
#1368=EDGE_CURVE('',#1797,#1797,#69,.F.);
#1369=EDGE_CURVE('',#1746,#1693,#2134,.T.);
#1370=EDGE_CURVE('',#1748,#1695,#2135,.T.);
#1371=EDGE_CURVE('',#1746,#1798,#70,.F.);
#1372=EDGE_CURVE('',#1798,#1694,#2136,.F.);
#1373=EDGE_CURVE('',#1798,#1748,#2137,.F.);
#1374=EDGE_CURVE('',#1799,#1800,#2138,.F.);
#1375=EDGE_CURVE('',#1699,#1800,#2139,.T.);
#1376=EDGE_CURVE('',#1698,#1799,#2140,.T.);
#1377=EDGE_CURVE('',#1801,#1799,#2141,.F.);
#1378=EDGE_CURVE('',#1701,#1801,#2142,.T.);
#1379=EDGE_CURVE('',#1800,#1802,#2143,.F.);
#1380=EDGE_CURVE('',#1700,#1802,#2144,.T.);
#1381=EDGE_CURVE('',#1802,#1801,#2145,.F.);
#1382=EDGE_CURVE('',#1803,#1804,#2146,.F.);
#1383=EDGE_CURVE('',#1703,#1804,#2147,.T.);
#1384=EDGE_CURVE('',#1702,#1803,#2148,.T.);
#1385=EDGE_CURVE('',#1805,#1803,#2149,.F.);
#1386=EDGE_CURVE('',#1705,#1805,#2150,.T.);
#1387=EDGE_CURVE('',#1804,#1806,#2151,.F.);
#1388=EDGE_CURVE('',#1704,#1806,#2152,.T.);
#1389=EDGE_CURVE('',#1806,#1805,#2153,.F.);
#1390=EDGE_CURVE('',#1807,#1808,#2154,.F.);
#1391=EDGE_CURVE('',#1707,#1808,#2155,.T.);
#1392=EDGE_CURVE('',#1706,#1807,#2156,.T.);
#1393=EDGE_CURVE('',#1809,#1807,#2157,.F.);
#1394=EDGE_CURVE('',#1709,#1809,#2158,.T.);
#1395=EDGE_CURVE('',#1808,#1810,#2159,.F.);
#1396=EDGE_CURVE('',#1708,#1810,#2160,.T.);
#1397=EDGE_CURVE('',#1810,#1809,#2161,.F.);
#1398=EDGE_CURVE('',#1811,#1812,#2162,.F.);
#1399=EDGE_CURVE('',#1711,#1812,#2163,.T.);
#1400=EDGE_CURVE('',#1710,#1811,#2164,.T.);
#1401=EDGE_CURVE('',#1813,#1811,#2165,.F.);
#1402=EDGE_CURVE('',#1713,#1813,#2166,.T.);
#1403=EDGE_CURVE('',#1812,#1814,#2167,.F.);
#1404=EDGE_CURVE('',#1712,#1814,#2168,.T.);
#1405=EDGE_CURVE('',#1814,#1813,#2169,.F.);
#1406=EDGE_CURVE('',#1815,#1816,#2170,.F.);
#1407=EDGE_CURVE('',#1715,#1816,#2171,.T.);
#1408=EDGE_CURVE('',#1714,#1815,#2172,.T.);
#1409=EDGE_CURVE('',#1817,#1815,#2173,.F.);
#1410=EDGE_CURVE('',#1717,#1817,#2174,.T.);
#1411=EDGE_CURVE('',#1816,#1818,#2175,.F.);
#1412=EDGE_CURVE('',#1716,#1818,#2176,.T.);
#1413=EDGE_CURVE('',#1818,#1817,#2177,.F.);
#1414=EDGE_CURVE('',#1819,#1820,#2178,.F.);
#1415=EDGE_CURVE('',#1720,#1820,#2179,.T.);
#1416=EDGE_CURVE('',#1719,#1819,#2180,.T.);
#1417=EDGE_CURVE('',#1821,#1819,#2181,.F.);
#1418=EDGE_CURVE('',#1722,#1821,#2182,.T.);
#1419=EDGE_CURVE('',#1820,#1822,#2183,.F.);
#1420=EDGE_CURVE('',#1721,#1822,#2184,.T.);
#1421=EDGE_CURVE('',#1822,#1821,#2185,.F.);
#1422=EDGE_CURVE('',#1823,#1824,#2186,.F.);
#1423=EDGE_CURVE('',#1724,#1824,#2187,.T.);
#1424=EDGE_CURVE('',#1723,#1823,#2188,.T.);
#1425=EDGE_CURVE('',#1825,#1823,#2189,.F.);
#1426=EDGE_CURVE('',#1726,#1825,#2190,.T.);
#1427=EDGE_CURVE('',#1824,#1826,#2191,.F.);
#1428=EDGE_CURVE('',#1725,#1826,#2192,.T.);
#1429=EDGE_CURVE('',#1826,#1825,#2193,.F.);
#1430=EDGE_CURVE('',#1827,#1828,#2194,.F.);
#1431=EDGE_CURVE('',#1728,#1828,#2195,.T.);
#1432=EDGE_CURVE('',#1727,#1827,#2196,.T.);
#1433=EDGE_CURVE('',#1829,#1827,#2197,.F.);
#1434=EDGE_CURVE('',#1730,#1829,#2198,.T.);
#1435=EDGE_CURVE('',#1828,#1830,#2199,.F.);
#1436=EDGE_CURVE('',#1729,#1830,#2200,.T.);
#1437=EDGE_CURVE('',#1830,#1829,#2201,.F.);
#1438=EDGE_CURVE('',#1831,#1832,#2202,.F.);
#1439=EDGE_CURVE('',#1733,#1832,#2203,.T.);
#1440=EDGE_CURVE('',#1732,#1831,#2204,.T.);
#1441=EDGE_CURVE('',#1833,#1831,#2205,.F.);
#1442=EDGE_CURVE('',#1735,#1833,#2206,.T.);
#1443=EDGE_CURVE('',#1832,#1834,#2207,.F.);
#1444=EDGE_CURVE('',#1734,#1834,#2208,.T.);
#1445=EDGE_CURVE('',#1834,#1833,#2209,.F.);
#1446=EDGE_CURVE('',#1835,#1836,#2210,.F.);
#1447=EDGE_CURVE('',#1737,#1836,#2211,.T.);
#1448=EDGE_CURVE('',#1736,#1835,#2212,.T.);
#1449=EDGE_CURVE('',#1837,#1835,#2213,.F.);
#1450=EDGE_CURVE('',#1739,#1837,#2214,.T.);
#1451=EDGE_CURVE('',#1836,#1838,#2215,.F.);
#1452=EDGE_CURVE('',#1738,#1838,#2216,.T.);
#1453=EDGE_CURVE('',#1838,#1837,#2217,.F.);
#1454=EDGE_CURVE('',#1839,#1840,#2218,.F.);
#1455=EDGE_CURVE('',#1741,#1840,#2219,.T.);
#1456=EDGE_CURVE('',#1740,#1839,#2220,.T.);
#1457=EDGE_CURVE('',#1841,#1839,#2221,.F.);
#1458=EDGE_CURVE('',#1743,#1841,#2222,.T.);
#1459=EDGE_CURVE('',#1840,#1842,#2223,.F.);
#1460=EDGE_CURVE('',#1742,#1842,#2224,.T.);
#1461=EDGE_CURVE('',#1842,#1841,#2225,.F.);
#1462=EDGE_CURVE('',#1749,#1798,#2226,.T.);
#1463=EDGE_CURVE('',#1751,#1799,#2227,.F.);
#1464=EDGE_CURVE('',#1752,#1800,#2228,.F.);
#1465=EDGE_CURVE('',#1753,#1801,#2229,.F.);
#1466=EDGE_CURVE('',#1754,#1802,#2230,.F.);
#1467=EDGE_CURVE('',#1755,#1803,#2231,.F.);
#1468=EDGE_CURVE('',#1756,#1804,#2232,.F.);
#1469=EDGE_CURVE('',#1757,#1805,#2233,.F.);
#1470=EDGE_CURVE('',#1758,#1806,#2234,.F.);
#1471=EDGE_CURVE('',#1759,#1807,#2235,.F.);
#1472=EDGE_CURVE('',#1760,#1808,#2236,.F.);
#1473=EDGE_CURVE('',#1761,#1809,#2237,.F.);
#1474=EDGE_CURVE('',#1762,#1810,#2238,.F.);
#1475=EDGE_CURVE('',#1763,#1811,#2239,.F.);
#1476=EDGE_CURVE('',#1764,#1812,#2240,.F.);
#1477=EDGE_CURVE('',#1765,#1813,#2241,.F.);
#1478=EDGE_CURVE('',#1766,#1814,#2242,.F.);
#1479=EDGE_CURVE('',#1767,#1815,#2243,.F.);
#1480=EDGE_CURVE('',#1768,#1816,#2244,.F.);
#1481=EDGE_CURVE('',#1769,#1817,#2245,.F.);
#1482=EDGE_CURVE('',#1770,#1818,#2246,.F.);
#1483=EDGE_CURVE('',#1772,#1819,#2247,.F.);
#1484=EDGE_CURVE('',#1773,#1820,#2248,.F.);
#1485=EDGE_CURVE('',#1774,#1821,#2249,.F.);
#1486=EDGE_CURVE('',#1775,#1822,#2250,.F.);
#1487=EDGE_CURVE('',#1776,#1823,#2251,.F.);
#1488=EDGE_CURVE('',#1777,#1824,#2252,.F.);
#1489=EDGE_CURVE('',#1778,#1825,#2253,.F.);
#1490=EDGE_CURVE('',#1779,#1826,#2254,.F.);
#1491=EDGE_CURVE('',#1780,#1827,#2255,.F.);
#1492=EDGE_CURVE('',#1781,#1828,#2256,.F.);
#1493=EDGE_CURVE('',#1782,#1829,#2257,.F.);
#1494=EDGE_CURVE('',#1783,#1830,#2258,.F.);
#1495=EDGE_CURVE('',#1785,#1831,#2259,.F.);
#1496=EDGE_CURVE('',#1786,#1832,#2260,.F.);
#1497=EDGE_CURVE('',#1787,#1833,#2261,.F.);
#1498=EDGE_CURVE('',#1788,#1834,#2262,.F.);
#1499=EDGE_CURVE('',#1789,#1835,#2263,.F.);
#1500=EDGE_CURVE('',#1790,#1836,#2264,.F.);
#1501=EDGE_CURVE('',#1791,#1837,#2265,.F.);
#1502=EDGE_CURVE('',#1792,#1838,#2266,.F.);
#1503=EDGE_CURVE('',#1793,#1839,#2267,.F.);
#1504=EDGE_CURVE('',#1794,#1840,#2268,.F.);
#1505=EDGE_CURVE('',#1795,#1841,#2269,.F.);
#1506=EDGE_CURVE('',#1796,#1842,#2270,.F.);
#1507=EDGE_CURVE('',#1843,#1844,#2271,.T.);
#1508=EDGE_CURVE('',#1844,#1845,#2272,.F.);
#1509=EDGE_CURVE('',#1846,#1845,#2273,.F.);
#1510=EDGE_CURVE('',#1843,#1846,#2274,.T.);
#1511=EDGE_CURVE('',#1847,#1846,#71,.F.);
#1512=EDGE_CURVE('',#1848,#1847,#2275,.F.);
#1513=EDGE_CURVE('',#1848,#1843,#72,.T.);
#1514=EDGE_CURVE('',#1846,#1849,#2276,.F.);
#1515=EDGE_CURVE('',#1845,#1850,#2277,.T.);
#1516=EDGE_CURVE('',#1849,#1850,#2278,.T.);
#1517=EDGE_CURVE('',#1851,#1852,#2279,.F.);
#1518=EDGE_CURVE('',#1844,#1852,#2280,.F.);
#1519=EDGE_CURVE('',#1843,#1851,#2281,.T.);
#1520=EDGE_CURVE('',#1844,#1853,#73,.T.);
#1521=EDGE_CURVE('',#1853,#1854,#2282,.T.);
#1522=EDGE_CURVE('',#1845,#1854,#74,.F.);
#1523=EDGE_CURVE('',#1847,#1855,#2283,.T.);
#1524=EDGE_CURVE('',#1855,#1849,#75,.F.);
#1525=EDGE_CURVE('',#1856,#1851,#76,.T.);
#1526=EDGE_CURVE('',#1848,#1856,#2284,.F.);
#1527=EDGE_CURVE('',#1857,#1848,#2285,.T.);
#1528=EDGE_CURVE('',#1858,#1847,#2286,.F.);
#1529=EDGE_CURVE('',#1857,#1858,#2287,.T.);
#1530=EDGE_CURVE('',#1850,#1859,#77,.F.);
#1531=EDGE_CURVE('',#1859,#1860,#2288,.T.);
#1532=EDGE_CURVE('',#1860,#1861,#78,.F.);
#1533=EDGE_CURVE('',#1861,#1862,#2289,.F.);
#1534=EDGE_CURVE('',#1862,#1863,#79,.F.);
#1535=EDGE_CURVE('',#1863,#1855,#2290,.F.);
#1536=EDGE_CURVE('',#1864,#1865,#80,.T.);
#1537=EDGE_CURVE('',#1864,#1866,#2291,.F.);
#1538=EDGE_CURVE('',#1867,#1866,#81,.T.);
#1539=EDGE_CURVE('',#1867,#1868,#2292,.T.);
#1540=EDGE_CURVE('',#1869,#1868,#82,.T.);
#1541=EDGE_CURVE('',#1869,#1870,#2293,.T.);
#1542=EDGE_CURVE('',#1871,#1870,#83,.T.);
#1543=EDGE_CURVE('',#1871,#1865,#2294,.F.);
#1544=EDGE_CURVE('',#1854,#1859,#2295,.F.);
#1545=EDGE_CURVE('',#1872,#1856,#2296,.F.);
#1546=EDGE_CURVE('',#1873,#1872,#84,.T.);
#1547=EDGE_CURVE('',#1874,#1873,#2297,.F.);
#1548=EDGE_CURVE('',#1875,#1874,#85,.T.);
#1549=EDGE_CURVE('',#1876,#1875,#2298,.F.);
#1550=EDGE_CURVE('',#1852,#1876,#86,.T.);
#1551=EDGE_CURVE('',#1853,#1876,#2299,.T.);
#1552=EDGE_CURVE('',#1853,#1877,#2300,.T.);
#1553=EDGE_CURVE('',#1877,#1878,#2301,.F.);
#1554=EDGE_CURVE('',#1854,#1878,#2302,.F.);
#1555=EDGE_CURVE('',#1879,#1880,#2303,.T.);
#1556=EDGE_CURVE('',#1881,#1879,#2304,.T.);
#1557=EDGE_CURVE('',#1882,#1881,#2305,.T.);
#1558=EDGE_CURVE('',#1880,#1882,#2306,.T.);
#1559=EDGE_CURVE('',#1858,#1863,#2307,.F.);
#1560=EDGE_CURVE('',#1857,#1872,#2308,.T.);
#1561=EDGE_CURVE('',#1883,#1884,#2309,.F.);
#1562=EDGE_CURVE('',#1883,#1857,#87,.T.);
#1563=EDGE_CURVE('',#1884,#1858,#88,.F.);
#1564=EDGE_CURVE('',#1878,#1860,#2310,.T.);
#1565=EDGE_CURVE('',#1884,#1862,#2311,.T.);
#1566=EDGE_CURVE('',#1878,#1885,#89,.F.);
#1567=EDGE_CURVE('',#1885,#1861,#2312,.F.);
#1568=EDGE_CURVE('',#1885,#1884,#2313,.F.);
#1569=EDGE_CURVE('',#1865,#1886,#2314,.F.);
#1570=EDGE_CURVE('',#1887,#1886,#90,.T.);
#1571=EDGE_CURVE('',#1887,#1864,#2315,.T.);
#1572=EDGE_CURVE('',#1871,#1888,#2316,.T.);
#1573=EDGE_CURVE('',#1886,#1888,#2317,.T.);
#1574=EDGE_CURVE('',#1889,#1890,#2318,.T.);
#1575=EDGE_CURVE('',#1890,#1891,#2319,.T.);
#1576=EDGE_CURVE('',#1891,#1892,#2320,.F.);
#1577=EDGE_CURVE('',#1892,#1889,#2321,.F.);
#1578=EDGE_CURVE('',#1870,#1893,#2322,.F.);
#1579=EDGE_CURVE('',#1888,#1893,#91,.T.);
#1580=EDGE_CURVE('',#1869,#1894,#2323,.T.);
#1581=EDGE_CURVE('',#1893,#1894,#2324,.F.);
#1582=EDGE_CURVE('',#1868,#1895,#2325,.F.);
#1583=EDGE_CURVE('',#1894,#1895,#92,.T.);
#1584=EDGE_CURVE('',#1867,#1896,#2326,.T.);
#1585=EDGE_CURVE('',#1895,#1896,#2327,.F.);
#1586=EDGE_CURVE('',#1866,#1897,#2328,.F.);
#1587=EDGE_CURVE('',#1897,#1896,#93,.F.);
#1588=EDGE_CURVE('',#1897,#1887,#2329,.T.);
#1589=EDGE_CURVE('',#1877,#1875,#2330,.F.);
#1590=EDGE_CURVE('',#1883,#1873,#2331,.F.);
#1591=EDGE_CURVE('',#1898,#1874,#2332,.T.);
#1592=EDGE_CURVE('',#1877,#1898,#94,.T.);
#1593=EDGE_CURVE('',#1898,#1883,#2333,.T.);
#1594=EDGE_CURVE('',#1898,#1885,#2334,.T.);
#1595=EDGE_CURVE('',#1889,#1880,#2335,.F.);
#1596=EDGE_CURVE('',#1890,#1882,#2336,.F.);
#1597=EDGE_CURVE('',#1892,#1879,#2337,.F.);
#1598=EDGE_CURVE('',#1891,#1881,#2338,.F.);
#1599=EDGE_CURVE('',#1899,#1899,#95,.F.);
#1600=EDGE_CURVE('',#1900,#1900,#96,.F.);
#1601=EDGE_CURVE('',#1901,#1901,#97,.F.);
#1602=EDGE_CURVE('',#1902,#1902,#98,.F.);
#1603=EDGE_CURVE('',#1903,#1903,#99,.F.);
#1604=EDGE_CURVE('',#1904,#1904,#100,.F.);
#1605=EDGE_CURVE('',#1905,#1905,#101,.F.);
#1606=EDGE_CURVE('',#1906,#1906,#102,.F.);
#1607=EDGE_CURVE('',#1907,#1907,#103,.T.);
#1608=EDGE_CURVE('',#1908,#1908,#104,.T.);
#1609=EDGE_CURVE('',#1909,#1909,#105,.T.);
#1610=EDGE_CURVE('',#1910,#1910,#106,.T.);
#1611=EDGE_CURVE('',#1911,#1911,#107,.F.);
#1612=EDGE_CURVE('',#1912,#1912,#108,.F.);
#1613=EDGE_CURVE('',#1913,#1913,#109,.F.);
#1614=EDGE_CURVE('',#1914,#1914,#110,.F.);
#1615=EDGE_CURVE('',#1915,#1915,#111,.F.);
#1616=EDGE_CURVE('',#1916,#1916,#112,.F.);
#1617=EDGE_CURVE('',#1917,#1917,#113,.F.);
#1618=EDGE_CURVE('',#1918,#1918,#114,.F.);
#1619=EDGE_CURVE('',#1919,#1919,#115,.F.);
#1620=EDGE_CURVE('',#1920,#1920,#116,.F.);
#1621=EDGE_CURVE('',#1921,#1921,#117,.F.);
#1622=EDGE_CURVE('',#1922,#1922,#118,.F.);
#1623=VERTEX_POINT('',#5121);
#1624=VERTEX_POINT('',#5122);
#1625=VERTEX_POINT('',#5124);
#1626=VERTEX_POINT('',#5126);
#1627=VERTEX_POINT('',#5130);
#1628=VERTEX_POINT('',#5132);
#1629=VERTEX_POINT('',#5136);
#1630=VERTEX_POINT('',#5137);
#1631=VERTEX_POINT('',#5142);
#1632=VERTEX_POINT('',#5144);
#1633=VERTEX_POINT('',#5148);
#1634=VERTEX_POINT('',#5150);
#1635=VERTEX_POINT('',#5154);
#1636=VERTEX_POINT('',#5158);
#1637=VERTEX_POINT('',#5162);
#1638=VERTEX_POINT('',#5164);
#1639=VERTEX_POINT('',#5168);
#1640=VERTEX_POINT('',#5170);
#1641=VERTEX_POINT('',#5172);
#1642=VERTEX_POINT('',#5174);
#1643=VERTEX_POINT('',#5176);
#1644=VERTEX_POINT('',#5179);
#1645=VERTEX_POINT('',#5181);
#1646=VERTEX_POINT('',#5182);
#1647=VERTEX_POINT('',#5184);
#1648=VERTEX_POINT('',#5186);
#1649=VERTEX_POINT('',#5189);
#1650=VERTEX_POINT('',#5190);
#1651=VERTEX_POINT('',#5192);
#1652=VERTEX_POINT('',#5194);
#1653=VERTEX_POINT('',#5197);
#1654=VERTEX_POINT('',#5198);
#1655=VERTEX_POINT('',#5200);
#1656=VERTEX_POINT('',#5202);
#1657=VERTEX_POINT('',#5205);
#1658=VERTEX_POINT('',#5206);
#1659=VERTEX_POINT('',#5208);
#1660=VERTEX_POINT('',#5210);
#1661=VERTEX_POINT('',#5213);
#1662=VERTEX_POINT('',#5214);
#1663=VERTEX_POINT('',#5216);
#1664=VERTEX_POINT('',#5218);
#1665=VERTEX_POINT('',#5221);
#1666=VERTEX_POINT('',#5223);
#1667=VERTEX_POINT('',#5224);
#1668=VERTEX_POINT('',#5226);
#1669=VERTEX_POINT('',#5228);
#1670=VERTEX_POINT('',#5231);
#1671=VERTEX_POINT('',#5232);
#1672=VERTEX_POINT('',#5234);
#1673=VERTEX_POINT('',#5236);
#1674=VERTEX_POINT('',#5239);
#1675=VERTEX_POINT('',#5240);
#1676=VERTEX_POINT('',#5242);
#1677=VERTEX_POINT('',#5244);
#1678=VERTEX_POINT('',#5247);
#1679=VERTEX_POINT('',#5249);
#1680=VERTEX_POINT('',#5250);
#1681=VERTEX_POINT('',#5252);
#1682=VERTEX_POINT('',#5254);
#1683=VERTEX_POINT('',#5257);
#1684=VERTEX_POINT('',#5258);
#1685=VERTEX_POINT('',#5260);
#1686=VERTEX_POINT('',#5262);
#1687=VERTEX_POINT('',#5265);
#1688=VERTEX_POINT('',#5266);
#1689=VERTEX_POINT('',#5268);
#1690=VERTEX_POINT('',#5270);
#1691=VERTEX_POINT('',#5273);
#1692=VERTEX_POINT('',#5278);
#1693=VERTEX_POINT('',#5280);
#1694=VERTEX_POINT('',#5282);
#1695=VERTEX_POINT('',#5284);
#1696=VERTEX_POINT('',#5286);
#1697=VERTEX_POINT('',#5289);
#1698=VERTEX_POINT('',#5291);
#1699=VERTEX_POINT('',#5292);
#1700=VERTEX_POINT('',#5294);
#1701=VERTEX_POINT('',#5296);
#1702=VERTEX_POINT('',#5299);
#1703=VERTEX_POINT('',#5300);
#1704=VERTEX_POINT('',#5302);
#1705=VERTEX_POINT('',#5304);
#1706=VERTEX_POINT('',#5307);
#1707=VERTEX_POINT('',#5308);
#1708=VERTEX_POINT('',#5310);
#1709=VERTEX_POINT('',#5312);
#1710=VERTEX_POINT('',#5315);
#1711=VERTEX_POINT('',#5316);
#1712=VERTEX_POINT('',#5318);
#1713=VERTEX_POINT('',#5320);
#1714=VERTEX_POINT('',#5323);
#1715=VERTEX_POINT('',#5324);
#1716=VERTEX_POINT('',#5326);
#1717=VERTEX_POINT('',#5328);
#1718=VERTEX_POINT('',#5331);
#1719=VERTEX_POINT('',#5333);
#1720=VERTEX_POINT('',#5334);
#1721=VERTEX_POINT('',#5336);
#1722=VERTEX_POINT('',#5338);
#1723=VERTEX_POINT('',#5341);
#1724=VERTEX_POINT('',#5342);
#1725=VERTEX_POINT('',#5344);
#1726=VERTEX_POINT('',#5346);
#1727=VERTEX_POINT('',#5349);
#1728=VERTEX_POINT('',#5350);
#1729=VERTEX_POINT('',#5352);
#1730=VERTEX_POINT('',#5354);
#1731=VERTEX_POINT('',#5357);
#1732=VERTEX_POINT('',#5359);
#1733=VERTEX_POINT('',#5360);
#1734=VERTEX_POINT('',#5362);
#1735=VERTEX_POINT('',#5364);
#1736=VERTEX_POINT('',#5367);
#1737=VERTEX_POINT('',#5368);
#1738=VERTEX_POINT('',#5370);
#1739=VERTEX_POINT('',#5372);
#1740=VERTEX_POINT('',#5375);
#1741=VERTEX_POINT('',#5376);
#1742=VERTEX_POINT('',#5378);
#1743=VERTEX_POINT('',#5380);
#1744=VERTEX_POINT('',#5383);
#1745=VERTEX_POINT('',#5388);
#1746=VERTEX_POINT('',#5390);
#1747=VERTEX_POINT('',#5398);
#1748=VERTEX_POINT('',#5399);
#1749=VERTEX_POINT('',#5408);
#1750=VERTEX_POINT('',#5414);
#1751=VERTEX_POINT('',#5417);
#1752=VERTEX_POINT('',#5419);
#1753=VERTEX_POINT('',#5423);
#1754=VERTEX_POINT('',#5427);
#1755=VERTEX_POINT('',#5433);
#1756=VERTEX_POINT('',#5435);
#1757=VERTEX_POINT('',#5439);
#1758=VERTEX_POINT('',#5443);
#1759=VERTEX_POINT('',#5449);
#1760=VERTEX_POINT('',#5451);
#1761=VERTEX_POINT('',#5455);
#1762=VERTEX_POINT('',#5459);
#1763=VERTEX_POINT('',#5465);
#1764=VERTEX_POINT('',#5467);
#1765=VERTEX_POINT('',#5471);
#1766=VERTEX_POINT('',#5475);
#1767=VERTEX_POINT('',#5481);
#1768=VERTEX_POINT('',#5483);
#1769=VERTEX_POINT('',#5487);
#1770=VERTEX_POINT('',#5491);
#1771=VERTEX_POINT('',#5497);
#1772=VERTEX_POINT('',#5500);
#1773=VERTEX_POINT('',#5502);
#1774=VERTEX_POINT('',#5506);
#1775=VERTEX_POINT('',#5510);
#1776=VERTEX_POINT('',#5516);
#1777=VERTEX_POINT('',#5518);
#1778=VERTEX_POINT('',#5522);
#1779=VERTEX_POINT('',#5526);
#1780=VERTEX_POINT('',#5532);
#1781=VERTEX_POINT('',#5534);
#1782=VERTEX_POINT('',#5538);
#1783=VERTEX_POINT('',#5542);
#1784=VERTEX_POINT('',#5548);
#1785=VERTEX_POINT('',#5551);
#1786=VERTEX_POINT('',#5553);
#1787=VERTEX_POINT('',#5557);
#1788=VERTEX_POINT('',#5561);
#1789=VERTEX_POINT('',#5567);
#1790=VERTEX_POINT('',#5569);
#1791=VERTEX_POINT('',#5573);
#1792=VERTEX_POINT('',#5577);
#1793=VERTEX_POINT('',#5583);
#1794=VERTEX_POINT('',#5585);
#1795=VERTEX_POINT('',#5589);
#1796=VERTEX_POINT('',#5593);
#1797=VERTEX_POINT('',#5599);
#1798=VERTEX_POINT('',#5606);
#1799=VERTEX_POINT('',#5613);
#1800=VERTEX_POINT('',#5614);
#1801=VERTEX_POINT('',#5619);
#1802=VERTEX_POINT('',#5623);
#1803=VERTEX_POINT('',#5629);
#1804=VERTEX_POINT('',#5630);
#1805=VERTEX_POINT('',#5635);
#1806=VERTEX_POINT('',#5639);
#1807=VERTEX_POINT('',#5645);
#1808=VERTEX_POINT('',#5646);
#1809=VERTEX_POINT('',#5651);
#1810=VERTEX_POINT('',#5655);
#1811=VERTEX_POINT('',#5661);
#1812=VERTEX_POINT('',#5662);
#1813=VERTEX_POINT('',#5667);
#1814=VERTEX_POINT('',#5671);
#1815=VERTEX_POINT('',#5677);
#1816=VERTEX_POINT('',#5678);
#1817=VERTEX_POINT('',#5683);
#1818=VERTEX_POINT('',#5687);
#1819=VERTEX_POINT('',#5694);
#1820=VERTEX_POINT('',#5695);
#1821=VERTEX_POINT('',#5700);
#1822=VERTEX_POINT('',#5704);
#1823=VERTEX_POINT('',#5710);
#1824=VERTEX_POINT('',#5711);
#1825=VERTEX_POINT('',#5716);
#1826=VERTEX_POINT('',#5720);
#1827=VERTEX_POINT('',#5726);
#1828=VERTEX_POINT('',#5727);
#1829=VERTEX_POINT('',#5732);
#1830=VERTEX_POINT('',#5736);
#1831=VERTEX_POINT('',#5743);
#1832=VERTEX_POINT('',#5744);
#1833=VERTEX_POINT('',#5749);
#1834=VERTEX_POINT('',#5753);
#1835=VERTEX_POINT('',#5759);
#1836=VERTEX_POINT('',#5760);
#1837=VERTEX_POINT('',#5765);
#1838=VERTEX_POINT('',#5769);
#1839=VERTEX_POINT('',#5775);
#1840=VERTEX_POINT('',#5776);
#1841=VERTEX_POINT('',#5781);
#1842=VERTEX_POINT('',#5785);
#1843=VERTEX_POINT('',#5884);
#1844=VERTEX_POINT('',#5885);
#1845=VERTEX_POINT('',#5887);
#1846=VERTEX_POINT('',#5889);
#1847=VERTEX_POINT('',#5893);
#1848=VERTEX_POINT('',#5895);
#1849=VERTEX_POINT('',#5899);
#1850=VERTEX_POINT('',#5901);
#1851=VERTEX_POINT('',#5905);
#1852=VERTEX_POINT('',#5906);
#1853=VERTEX_POINT('',#5911);
#1854=VERTEX_POINT('',#5913);
#1855=VERTEX_POINT('',#5917);
#1856=VERTEX_POINT('',#5921);
#1857=VERTEX_POINT('',#5925);
#1858=VERTEX_POINT('',#5927);
#1859=VERTEX_POINT('',#5931);
#1860=VERTEX_POINT('',#5933);
#1861=VERTEX_POINT('',#5935);
#1862=VERTEX_POINT('',#5937);
#1863=VERTEX_POINT('',#5939);
#1864=VERTEX_POINT('',#5942);
#1865=VERTEX_POINT('',#5943);
#1866=VERTEX_POINT('',#5945);
#1867=VERTEX_POINT('',#5947);
#1868=VERTEX_POINT('',#5949);
#1869=VERTEX_POINT('',#5951);
#1870=VERTEX_POINT('',#5953);
#1871=VERTEX_POINT('',#5955);
#1872=VERTEX_POINT('',#5961);
#1873=VERTEX_POINT('',#5963);
#1874=VERTEX_POINT('',#5965);
#1875=VERTEX_POINT('',#5967);
#1876=VERTEX_POINT('',#5969);
#1877=VERTEX_POINT('',#5975);
#1878=VERTEX_POINT('',#5977);
#1879=VERTEX_POINT('',#5980);
#1880=VERTEX_POINT('',#5981);
#1881=VERTEX_POINT('',#5983);
#1882=VERTEX_POINT('',#5985);
#1883=VERTEX_POINT('',#5993);
#1884=VERTEX_POINT('',#5994);
#1885=VERTEX_POINT('',#6003);
#1886=VERTEX_POINT('',#6009);
#1887=VERTEX_POINT('',#6011);
#1888=VERTEX_POINT('',#6015);
#1889=VERTEX_POINT('',#6018);
#1890=VERTEX_POINT('',#6019);
#1891=VERTEX_POINT('',#6021);
#1892=VERTEX_POINT('',#6023);
#1893=VERTEX_POINT('',#6027);
#1894=VERTEX_POINT('',#6031);
#1895=VERTEX_POINT('',#6035);
#1896=VERTEX_POINT('',#6039);
#1897=VERTEX_POINT('',#6043);
#1898=VERTEX_POINT('',#6053);
#1899=VERTEX_POINT('',#6070);
#1900=VERTEX_POINT('',#6072);
#1901=VERTEX_POINT('',#6074);
#1902=VERTEX_POINT('',#6076);
#1903=VERTEX_POINT('',#6079);
#1904=VERTEX_POINT('',#6082);
#1905=VERTEX_POINT('',#6085);
#1906=VERTEX_POINT('',#6088);
#1907=VERTEX_POINT('',#6091);
#1908=VERTEX_POINT('',#6094);
#1909=VERTEX_POINT('',#6097);
#1910=VERTEX_POINT('',#6100);
#1911=VERTEX_POINT('',#6103);
#1912=VERTEX_POINT('',#6106);
#1913=VERTEX_POINT('',#6109);
#1914=VERTEX_POINT('',#6112);
#1915=VERTEX_POINT('',#6115);
#1916=VERTEX_POINT('',#6118);
#1917=VERTEX_POINT('',#6121);
#1918=VERTEX_POINT('',#6124);
#1919=VERTEX_POINT('',#6127);
#1920=VERTEX_POINT('',#6130);
#1921=VERTEX_POINT('',#6133);
#1922=VERTEX_POINT('',#6136);
#1923=LINE('',#5120,#2339);
#1924=LINE('',#5123,#2340);
#1925=LINE('',#5125,#2341);
#1926=LINE('',#5127,#2342);
#1927=LINE('',#5131,#2343);
#1928=LINE('',#5135,#2344);
#1929=LINE('',#5138,#2345);
#1930=LINE('',#5139,#2346);
#1931=LINE('',#5141,#2347);
#1932=LINE('',#5143,#2348);
#1933=LINE('',#5145,#2349);
#1934=LINE('',#5149,#2350);
#1935=LINE('',#5155,#2351);
#1936=LINE('',#5157,#2352);
#1937=LINE('',#5161,#2353);
#1938=LINE('',#5163,#2354);
#1939=LINE('',#5165,#2355);
#1940=LINE('',#5167,#2356);
#1941=LINE('',#5171,#2357);
#1942=LINE('',#5175,#2358);
#1943=LINE('',#5180,#2359);
#1944=LINE('',#5183,#2360);
#1945=LINE('',#5185,#2361);
#1946=LINE('',#5187,#2362);
#1947=LINE('',#5188,#2363);
#1948=LINE('',#5191,#2364);
#1949=LINE('',#5193,#2365);
#1950=LINE('',#5195,#2366);
#1951=LINE('',#5196,#2367);
#1952=LINE('',#5199,#2368);
#1953=LINE('',#5201,#2369);
#1954=LINE('',#5203,#2370);
#1955=LINE('',#5204,#2371);
#1956=LINE('',#5207,#2372);
#1957=LINE('',#5209,#2373);
#1958=LINE('',#5211,#2374);
#1959=LINE('',#5212,#2375);
#1960=LINE('',#5215,#2376);
#1961=LINE('',#5217,#2377);
#1962=LINE('',#5219,#2378);
#1963=LINE('',#5222,#2379);
#1964=LINE('',#5225,#2380);
#1965=LINE('',#5227,#2381);
#1966=LINE('',#5229,#2382);
#1967=LINE('',#5230,#2383);
#1968=LINE('',#5233,#2384);
#1969=LINE('',#5235,#2385);
#1970=LINE('',#5237,#2386);
#1971=LINE('',#5238,#2387);
#1972=LINE('',#5241,#2388);
#1973=LINE('',#5243,#2389);
#1974=LINE('',#5245,#2390);
#1975=LINE('',#5248,#2391);
#1976=LINE('',#5251,#2392);
#1977=LINE('',#5253,#2393);
#1978=LINE('',#5255,#2394);
#1979=LINE('',#5256,#2395);
#1980=LINE('',#5259,#2396);
#1981=LINE('',#5261,#2397);
#1982=LINE('',#5263,#2398);
#1983=LINE('',#5264,#2399);
#1984=LINE('',#5267,#2400);
#1985=LINE('',#5269,#2401);
#1986=LINE('',#5271,#2402);
#1987=LINE('',#5275,#2403);
#1988=LINE('',#5279,#2404);
#1989=LINE('',#5283,#2405);
#1990=LINE('',#5287,#2406);
#1991=LINE('',#5290,#2407);
#1992=LINE('',#5293,#2408);
#1993=LINE('',#5295,#2409);
#1994=LINE('',#5297,#2410);
#1995=LINE('',#5298,#2411);
#1996=LINE('',#5301,#2412);
#1997=LINE('',#5303,#2413);
#1998=LINE('',#5305,#2414);
#1999=LINE('',#5306,#2415);
#2000=LINE('',#5309,#2416);
#2001=LINE('',#5311,#2417);
#2002=LINE('',#5313,#2418);
#2003=LINE('',#5314,#2419);
#2004=LINE('',#5317,#2420);
#2005=LINE('',#5319,#2421);
#2006=LINE('',#5321,#2422);
#2007=LINE('',#5322,#2423);
#2008=LINE('',#5325,#2424);
#2009=LINE('',#5327,#2425);
#2010=LINE('',#5329,#2426);
#2011=LINE('',#5332,#2427);
#2012=LINE('',#5335,#2428);
#2013=LINE('',#5337,#2429);
#2014=LINE('',#5339,#2430);
#2015=LINE('',#5340,#2431);
#2016=LINE('',#5343,#2432);
#2017=LINE('',#5345,#2433);
#2018=LINE('',#5347,#2434);
#2019=LINE('',#5348,#2435);
#2020=LINE('',#5351,#2436);
#2021=LINE('',#5353,#2437);
#2022=LINE('',#5355,#2438);
#2023=LINE('',#5358,#2439);
#2024=LINE('',#5361,#2440);
#2025=LINE('',#5363,#2441);
#2026=LINE('',#5365,#2442);
#2027=LINE('',#5366,#2443);
#2028=LINE('',#5369,#2444);
#2029=LINE('',#5371,#2445);
#2030=LINE('',#5373,#2446);
#2031=LINE('',#5374,#2447);
#2032=LINE('',#5377,#2448);
#2033=LINE('',#5379,#2449);
#2034=LINE('',#5381,#2450);
#2035=LINE('',#5385,#2451);
#2036=LINE('',#5387,#2452);
#2037=LINE('',#5389,#2453);
#2038=LINE('',#5391,#2454);
#2039=LINE('',#5393,#2455);
#2040=LINE('',#5395,#2456);
#2041=LINE('',#5397,#2457);
#2042=LINE('',#5403,#2458);
#2043=LINE('',#5405,#2459);
#2044=LINE('',#5407,#2460);
#2045=LINE('',#5411,#2461);
#2046=LINE('',#5416,#2462);
#2047=LINE('',#5418,#2463);
#2048=LINE('',#5420,#2464);
#2049=LINE('',#5422,#2465);
#2050=LINE('',#5424,#2466);
#2051=LINE('',#5426,#2467);
#2052=LINE('',#5428,#2468);
#2053=LINE('',#5430,#2469);
#2054=LINE('',#5432,#2470);
#2055=LINE('',#5434,#2471);
#2056=LINE('',#5436,#2472);
#2057=LINE('',#5438,#2473);
#2058=LINE('',#5440,#2474);
#2059=LINE('',#5442,#2475);
#2060=LINE('',#5444,#2476);
#2061=LINE('',#5446,#2477);
#2062=LINE('',#5448,#2478);
#2063=LINE('',#5450,#2479);
#2064=LINE('',#5452,#2480);
#2065=LINE('',#5454,#2481);
#2066=LINE('',#5456,#2482);
#2067=LINE('',#5458,#2483);
#2068=LINE('',#5460,#2484);
#2069=LINE('',#5462,#2485);
#2070=LINE('',#5464,#2486);
#2071=LINE('',#5466,#2487);
#2072=LINE('',#5468,#2488);
#2073=LINE('',#5470,#2489);
#2074=LINE('',#5472,#2490);
#2075=LINE('',#5474,#2491);
#2076=LINE('',#5476,#2492);
#2077=LINE('',#5478,#2493);
#2078=LINE('',#5480,#2494);
#2079=LINE('',#5482,#2495);
#2080=LINE('',#5484,#2496);
#2081=LINE('',#5486,#2497);
#2082=LINE('',#5488,#2498);
#2083=LINE('',#5490,#2499);
#2084=LINE('',#5492,#2500);
#2085=LINE('',#5494,#2501);
#2086=LINE('',#5499,#2502);
#2087=LINE('',#5501,#2503);
#2088=LINE('',#5503,#2504);
#2089=LINE('',#5505,#2505);
#2090=LINE('',#5507,#2506);
#2091=LINE('',#5509,#2507);
#2092=LINE('',#5511,#2508);
#2093=LINE('',#5513,#2509);
#2094=LINE('',#5515,#2510);
#2095=LINE('',#5517,#2511);
#2096=LINE('',#5519,#2512);
#2097=LINE('',#5521,#2513);
#2098=LINE('',#5523,#2514);
#2099=LINE('',#5525,#2515);
#2100=LINE('',#5527,#2516);
#2101=LINE('',#5529,#2517);
#2102=LINE('',#5531,#2518);
#2103=LINE('',#5533,#2519);
#2104=LINE('',#5535,#2520);
#2105=LINE('',#5537,#2521);
#2106=LINE('',#5539,#2522);
#2107=LINE('',#5541,#2523);
#2108=LINE('',#5543,#2524);
#2109=LINE('',#5545,#2525);
#2110=LINE('',#5550,#2526);
#2111=LINE('',#5552,#2527);
#2112=LINE('',#5554,#2528);
#2113=LINE('',#5556,#2529);
#2114=LINE('',#5558,#2530);
#2115=LINE('',#5560,#2531);
#2116=LINE('',#5562,#2532);
#2117=LINE('',#5564,#2533);
#2118=LINE('',#5566,#2534);
#2119=LINE('',#5568,#2535);
#2120=LINE('',#5570,#2536);
#2121=LINE('',#5572,#2537);
#2122=LINE('',#5574,#2538);
#2123=LINE('',#5576,#2539);
#2124=LINE('',#5578,#2540);
#2125=LINE('',#5580,#2541);
#2126=LINE('',#5582,#2542);
#2127=LINE('',#5584,#2543);
#2128=LINE('',#5586,#2544);
#2129=LINE('',#5588,#2545);
#2130=LINE('',#5590,#2546);
#2131=LINE('',#5592,#2547);
#2132=LINE('',#5594,#2548);
#2133=LINE('',#5596,#2549);
#2134=LINE('',#5601,#2550);
#2135=LINE('',#5603,#2551);
#2136=LINE('',#5607,#2552);
#2137=LINE('',#5609,#2553);
#2138=LINE('',#5612,#2554);
#2139=LINE('',#5615,#2555);
#2140=LINE('',#5616,#2556);
#2141=LINE('',#5618,#2557);
#2142=LINE('',#5620,#2558);
#2143=LINE('',#5622,#2559);
#2144=LINE('',#5624,#2560);
#2145=LINE('',#5626,#2561);
#2146=LINE('',#5628,#2562);
#2147=LINE('',#5631,#2563);
#2148=LINE('',#5632,#2564);
#2149=LINE('',#5634,#2565);
#2150=LINE('',#5636,#2566);
#2151=LINE('',#5638,#2567);
#2152=LINE('',#5640,#2568);
#2153=LINE('',#5642,#2569);
#2154=LINE('',#5644,#2570);
#2155=LINE('',#5647,#2571);
#2156=LINE('',#5648,#2572);
#2157=LINE('',#5650,#2573);
#2158=LINE('',#5652,#2574);
#2159=LINE('',#5654,#2575);
#2160=LINE('',#5656,#2576);
#2161=LINE('',#5658,#2577);
#2162=LINE('',#5660,#2578);
#2163=LINE('',#5663,#2579);
#2164=LINE('',#5664,#2580);
#2165=LINE('',#5666,#2581);
#2166=LINE('',#5668,#2582);
#2167=LINE('',#5670,#2583);
#2168=LINE('',#5672,#2584);
#2169=LINE('',#5674,#2585);
#2170=LINE('',#5676,#2586);
#2171=LINE('',#5679,#2587);
#2172=LINE('',#5680,#2588);
#2173=LINE('',#5682,#2589);
#2174=LINE('',#5684,#2590);
#2175=LINE('',#5686,#2591);
#2176=LINE('',#5688,#2592);
#2177=LINE('',#5690,#2593);
#2178=LINE('',#5693,#2594);
#2179=LINE('',#5696,#2595);
#2180=LINE('',#5697,#2596);
#2181=LINE('',#5699,#2597);
#2182=LINE('',#5701,#2598);
#2183=LINE('',#5703,#2599);
#2184=LINE('',#5705,#2600);
#2185=LINE('',#5707,#2601);
#2186=LINE('',#5709,#2602);
#2187=LINE('',#5712,#2603);
#2188=LINE('',#5713,#2604);
#2189=LINE('',#5715,#2605);
#2190=LINE('',#5717,#2606);
#2191=LINE('',#5719,#2607);
#2192=LINE('',#5721,#2608);
#2193=LINE('',#5723,#2609);
#2194=LINE('',#5725,#2610);
#2195=LINE('',#5728,#2611);
#2196=LINE('',#5729,#2612);
#2197=LINE('',#5731,#2613);
#2198=LINE('',#5733,#2614);
#2199=LINE('',#5735,#2615);
#2200=LINE('',#5737,#2616);
#2201=LINE('',#5739,#2617);
#2202=LINE('',#5742,#2618);
#2203=LINE('',#5745,#2619);
#2204=LINE('',#5746,#2620);
#2205=LINE('',#5748,#2621);
#2206=LINE('',#5750,#2622);
#2207=LINE('',#5752,#2623);
#2208=LINE('',#5754,#2624);
#2209=LINE('',#5756,#2625);
#2210=LINE('',#5758,#2626);
#2211=LINE('',#5761,#2627);
#2212=LINE('',#5762,#2628);
#2213=LINE('',#5764,#2629);
#2214=LINE('',#5766,#2630);
#2215=LINE('',#5768,#2631);
#2216=LINE('',#5770,#2632);
#2217=LINE('',#5772,#2633);
#2218=LINE('',#5774,#2634);
#2219=LINE('',#5777,#2635);
#2220=LINE('',#5778,#2636);
#2221=LINE('',#5780,#2637);
#2222=LINE('',#5782,#2638);
#2223=LINE('',#5784,#2639);
#2224=LINE('',#5786,#2640);
#2225=LINE('',#5788,#2641);
#2226=LINE('',#5791,#2642);
#2227=LINE('',#5794,#2643);
#2228=LINE('',#5795,#2644);
#2229=LINE('',#5797,#2645);
#2230=LINE('',#5799,#2646);
#2231=LINE('',#5802,#2647);
#2232=LINE('',#5803,#2648);
#2233=LINE('',#5805,#2649);
#2234=LINE('',#5807,#2650);
#2235=LINE('',#5810,#2651);
#2236=LINE('',#5811,#2652);
#2237=LINE('',#5813,#2653);
#2238=LINE('',#5815,#2654);
#2239=LINE('',#5818,#2655);
#2240=LINE('',#5819,#2656);
#2241=LINE('',#5821,#2657);
#2242=LINE('',#5823,#2658);
#2243=LINE('',#5826,#2659);
#2244=LINE('',#5827,#2660);
#2245=LINE('',#5829,#2661);
#2246=LINE('',#5831,#2662);
#2247=LINE('',#5834,#2663);
#2248=LINE('',#5835,#2664);
#2249=LINE('',#5837,#2665);
#2250=LINE('',#5839,#2666);
#2251=LINE('',#5842,#2667);
#2252=LINE('',#5843,#2668);
#2253=LINE('',#5845,#2669);
#2254=LINE('',#5847,#2670);
#2255=LINE('',#5850,#2671);
#2256=LINE('',#5851,#2672);
#2257=LINE('',#5853,#2673);
#2258=LINE('',#5855,#2674);
#2259=LINE('',#5858,#2675);
#2260=LINE('',#5859,#2676);
#2261=LINE('',#5861,#2677);
#2262=LINE('',#5863,#2678);
#2263=LINE('',#5866,#2679);
#2264=LINE('',#5867,#2680);
#2265=LINE('',#5869,#2681);
#2266=LINE('',#5871,#2682);
#2267=LINE('',#5874,#2683);
#2268=LINE('',#5875,#2684);
#2269=LINE('',#5877,#2685);
#2270=LINE('',#5879,#2686);
#2271=LINE('',#5883,#2687);
#2272=LINE('',#5886,#2688);
#2273=LINE('',#5888,#2689);
#2274=LINE('',#5890,#2690);
#2275=LINE('',#5894,#2691);
#2276=LINE('',#5898,#2692);
#2277=LINE('',#5900,#2693);
#2278=LINE('',#5902,#2694);
#2279=LINE('',#5904,#2695);
#2280=LINE('',#5907,#2696);
#2281=LINE('',#5908,#2697);
#2282=LINE('',#5912,#2698);
#2283=LINE('',#5916,#2699);
#2284=LINE('',#5922,#2700);
#2285=LINE('',#5924,#2701);
#2286=LINE('',#5926,#2702);
#2287=LINE('',#5928,#2703);
#2288=LINE('',#5932,#2704);
#2289=LINE('',#5936,#2705);
#2290=LINE('',#5940,#2706);
#2291=LINE('',#5944,#2707);
#2292=LINE('',#5948,#2708);
#2293=LINE('',#5952,#2709);
#2294=LINE('',#5956,#2710);
#2295=LINE('',#5958,#2711);
#2296=LINE('',#5960,#2712);
#2297=LINE('',#5964,#2713);
#2298=LINE('',#5968,#2714);
#2299=LINE('',#5972,#2715);
#2300=LINE('',#5974,#2716);
#2301=LINE('',#5976,#2717);
#2302=LINE('',#5978,#2718);
#2303=LINE('',#5979,#2719);
#2304=LINE('',#5982,#2720);
#2305=LINE('',#5984,#2721);
#2306=LINE('',#5986,#2722);
#2307=LINE('',#5988,#2723);
#2308=LINE('',#5990,#2724);
#2309=LINE('',#5992,#2725);
#2310=LINE('',#5998,#2726);
#2311=LINE('',#6000,#2727);
#2312=LINE('',#6004,#2728);
#2313=LINE('',#6006,#2729);
#2314=LINE('',#6008,#2730);
#2315=LINE('',#6012,#2731);
#2316=LINE('',#6014,#2732);
#2317=LINE('',#6016,#2733);
#2318=LINE('',#6017,#2734);
#2319=LINE('',#6020,#2735);
#2320=LINE('',#6022,#2736);
#2321=LINE('',#6024,#2737);
#2322=LINE('',#6026,#2738);
#2323=LINE('',#6030,#2739);
#2324=LINE('',#6032,#2740);
#2325=LINE('',#6034,#2741);
#2326=LINE('',#6038,#2742);
#2327=LINE('',#6040,#2743);
#2328=LINE('',#6042,#2744);
#2329=LINE('',#6046,#2745);
#2330=LINE('',#6048,#2746);
#2331=LINE('',#6050,#2747);
#2332=LINE('',#6052,#2748);
#2333=LINE('',#6056,#2749);
#2334=LINE('',#6058,#2750);
#2335=LINE('',#6060,#2751);
#2336=LINE('',#6061,#2752);
#2337=LINE('',#6063,#2753);
#2338=LINE('',#6065,#2754);
#2339=VECTOR('',#4090,1.);
#2340=VECTOR('',#4091,1.);
#2341=VECTOR('',#4092,1.);
#2342=VECTOR('',#4093,1.);
#2343=VECTOR('',#4098,1.);
#2344=VECTOR('',#4103,1.);
#2345=VECTOR('',#4104,1.);
#2346=VECTOR('',#4105,1.);
#2347=VECTOR('',#4108,1.);
#2348=VECTOR('',#4109,1.);
#2349=VECTOR('',#4110,1.);
#2350=VECTOR('',#4115,1.);
#2351=VECTOR('',#4122,1.);
#2352=VECTOR('',#4125,1.);
#2353=VECTOR('',#4130,1.);
#2354=VECTOR('',#4131,1.);
#2355=VECTOR('',#4132,1.);
#2356=VECTOR('',#4135,1.);
#2357=VECTOR('',#4138,1.);
#2358=VECTOR('',#4141,1.);
#2359=VECTOR('',#4146,1.);
#2360=VECTOR('',#4147,1.);
#2361=VECTOR('',#4148,1.);
#2362=VECTOR('',#4149,1.);
#2363=VECTOR('',#4150,1.);
#2364=VECTOR('',#4151,1.);
#2365=VECTOR('',#4152,1.);
#2366=VECTOR('',#4153,1.);
#2367=VECTOR('',#4154,1.);
#2368=VECTOR('',#4155,1.);
#2369=VECTOR('',#4156,1.);
#2370=VECTOR('',#4157,1.);
#2371=VECTOR('',#4158,1.);
#2372=VECTOR('',#4159,1.);
#2373=VECTOR('',#4160,1.);
#2374=VECTOR('',#4161,1.);
#2375=VECTOR('',#4162,1.);
#2376=VECTOR('',#4163,1.);
#2377=VECTOR('',#4164,1.);
#2378=VECTOR('',#4165,1.);
#2379=VECTOR('',#4168,1.);
#2380=VECTOR('',#4169,1.);
#2381=VECTOR('',#4170,1.);
#2382=VECTOR('',#4171,1.);
#2383=VECTOR('',#4172,1.);
#2384=VECTOR('',#4173,1.);
#2385=VECTOR('',#4174,1.);
#2386=VECTOR('',#4175,1.);
#2387=VECTOR('',#4176,1.);
#2388=VECTOR('',#4177,1.);
#2389=VECTOR('',#4178,1.);
#2390=VECTOR('',#4179,1.);
#2391=VECTOR('',#4182,1.);
#2392=VECTOR('',#4183,1.);
#2393=VECTOR('',#4184,1.);
#2394=VECTOR('',#4185,1.);
#2395=VECTOR('',#4186,1.);
#2396=VECTOR('',#4187,1.);
#2397=VECTOR('',#4188,1.);
#2398=VECTOR('',#4189,1.);
#2399=VECTOR('',#4190,1.);
#2400=VECTOR('',#4191,1.);
#2401=VECTOR('',#4192,1.);
#2402=VECTOR('',#4193,1.);
#2403=VECTOR('',#4198,1.);
#2404=VECTOR('',#4203,1.);
#2405=VECTOR('',#4206,1.);
#2406=VECTOR('',#4209,1.);
#2407=VECTOR('',#4212,1.);
#2408=VECTOR('',#4213,1.);
#2409=VECTOR('',#4214,1.);
#2410=VECTOR('',#4215,1.);
#2411=VECTOR('',#4216,1.);
#2412=VECTOR('',#4217,1.);
#2413=VECTOR('',#4218,1.);
#2414=VECTOR('',#4219,1.);
#2415=VECTOR('',#4220,1.);
#2416=VECTOR('',#4221,1.);
#2417=VECTOR('',#4222,1.);
#2418=VECTOR('',#4223,1.);
#2419=VECTOR('',#4224,1.);
#2420=VECTOR('',#4225,1.);
#2421=VECTOR('',#4226,1.);
#2422=VECTOR('',#4227,1.);
#2423=VECTOR('',#4228,1.);
#2424=VECTOR('',#4229,1.);
#2425=VECTOR('',#4230,1.);
#2426=VECTOR('',#4231,1.);
#2427=VECTOR('',#4234,1.);
#2428=VECTOR('',#4235,1.);
#2429=VECTOR('',#4236,1.);
#2430=VECTOR('',#4237,1.);
#2431=VECTOR('',#4238,1.);
#2432=VECTOR('',#4239,1.);
#2433=VECTOR('',#4240,1.);
#2434=VECTOR('',#4241,1.);
#2435=VECTOR('',#4242,1.);
#2436=VECTOR('',#4243,1.);
#2437=VECTOR('',#4244,1.);
#2438=VECTOR('',#4245,1.);
#2439=VECTOR('',#4248,1.);
#2440=VECTOR('',#4249,1.);
#2441=VECTOR('',#4250,1.);
#2442=VECTOR('',#4251,1.);
#2443=VECTOR('',#4252,1.);
#2444=VECTOR('',#4253,1.);
#2445=VECTOR('',#4254,1.);
#2446=VECTOR('',#4255,1.);
#2447=VECTOR('',#4256,1.);
#2448=VECTOR('',#4257,1.);
#2449=VECTOR('',#4258,1.);
#2450=VECTOR('',#4259,1.);
#2451=VECTOR('',#4264,1.);
#2452=VECTOR('',#4267,1.);
#2453=VECTOR('',#4268,1.);
#2454=VECTOR('',#4269,1.);
#2455=VECTOR('',#4272,1.);
#2456=VECTOR('',#4275,1.);
#2457=VECTOR('',#4278,1.);
#2458=VECTOR('',#4285,1.);
#2459=VECTOR('',#4288,1.);
#2460=VECTOR('',#4291,1.);
#2461=VECTOR('',#4296,1.);
#2462=VECTOR('',#4303,1.);
#2463=VECTOR('',#4304,1.);
#2464=VECTOR('',#4305,1.);
#2465=VECTOR('',#4308,1.);
#2466=VECTOR('',#4309,1.);
#2467=VECTOR('',#4312,1.);
#2468=VECTOR('',#4313,1.);
#2469=VECTOR('',#4316,1.);
#2470=VECTOR('',#4319,1.);
#2471=VECTOR('',#4320,1.);
#2472=VECTOR('',#4321,1.);
#2473=VECTOR('',#4324,1.);
#2474=VECTOR('',#4325,1.);
#2475=VECTOR('',#4328,1.);
#2476=VECTOR('',#4329,1.);
#2477=VECTOR('',#4332,1.);
#2478=VECTOR('',#4335,1.);
#2479=VECTOR('',#4336,1.);
#2480=VECTOR('',#4337,1.);
#2481=VECTOR('',#4340,1.);
#2482=VECTOR('',#4341,1.);
#2483=VECTOR('',#4344,1.);
#2484=VECTOR('',#4345,1.);
#2485=VECTOR('',#4348,1.);
#2486=VECTOR('',#4351,1.);
#2487=VECTOR('',#4352,1.);
#2488=VECTOR('',#4353,1.);
#2489=VECTOR('',#4356,1.);
#2490=VECTOR('',#4357,1.);
#2491=VECTOR('',#4360,1.);
#2492=VECTOR('',#4361,1.);
#2493=VECTOR('',#4364,1.);
#2494=VECTOR('',#4367,1.);
#2495=VECTOR('',#4368,1.);
#2496=VECTOR('',#4369,1.);
#2497=VECTOR('',#4372,1.);
#2498=VECTOR('',#4373,1.);
#2499=VECTOR('',#4376,1.);
#2500=VECTOR('',#4377,1.);
#2501=VECTOR('',#4380,1.);
#2502=VECTOR('',#4387,1.);
#2503=VECTOR('',#4388,1.);
#2504=VECTOR('',#4389,1.);
#2505=VECTOR('',#4392,1.);
#2506=VECTOR('',#4393,1.);
#2507=VECTOR('',#4396,1.);
#2508=VECTOR('',#4397,1.);
#2509=VECTOR('',#4400,1.);
#2510=VECTOR('',#4403,1.);
#2511=VECTOR('',#4404,1.);
#2512=VECTOR('',#4405,1.);
#2513=VECTOR('',#4408,1.);
#2514=VECTOR('',#4409,1.);
#2515=VECTOR('',#4412,1.);
#2516=VECTOR('',#4413,1.);
#2517=VECTOR('',#4416,1.);
#2518=VECTOR('',#4419,1.);
#2519=VECTOR('',#4420,1.);
#2520=VECTOR('',#4421,1.);
#2521=VECTOR('',#4424,1.);
#2522=VECTOR('',#4425,1.);
#2523=VECTOR('',#4428,1.);
#2524=VECTOR('',#4429,1.);
#2525=VECTOR('',#4432,1.);
#2526=VECTOR('',#4439,1.);
#2527=VECTOR('',#4440,1.);
#2528=VECTOR('',#4441,1.);
#2529=VECTOR('',#4444,1.);
#2530=VECTOR('',#4445,1.);
#2531=VECTOR('',#4448,1.);
#2532=VECTOR('',#4449,1.);
#2533=VECTOR('',#4452,1.);
#2534=VECTOR('',#4455,1.);
#2535=VECTOR('',#4456,1.);
#2536=VECTOR('',#4457,1.);
#2537=VECTOR('',#4460,1.);
#2538=VECTOR('',#4461,1.);
#2539=VECTOR('',#4464,1.);
#2540=VECTOR('',#4465,1.);
#2541=VECTOR('',#4468,1.);
#2542=VECTOR('',#4471,1.);
#2543=VECTOR('',#4472,1.);
#2544=VECTOR('',#4473,1.);
#2545=VECTOR('',#4476,1.);
#2546=VECTOR('',#4477,1.);
#2547=VECTOR('',#4480,1.);
#2548=VECTOR('',#4481,1.);
#2549=VECTOR('',#4484,1.);
#2550=VECTOR('',#4491,1.);
#2551=VECTOR('',#4494,1.);
#2552=VECTOR('',#4499,1.);
#2553=VECTOR('',#4502,1.);
#2554=VECTOR('',#4507,1.);
#2555=VECTOR('',#4508,1.);
#2556=VECTOR('',#4509,1.);
#2557=VECTOR('',#4512,1.);
#2558=VECTOR('',#4513,1.);
#2559=VECTOR('',#4516,1.);
#2560=VECTOR('',#4517,1.);
#2561=VECTOR('',#4520,1.);
#2562=VECTOR('',#4523,1.);
#2563=VECTOR('',#4524,1.);
#2564=VECTOR('',#4525,1.);
#2565=VECTOR('',#4528,1.);
#2566=VECTOR('',#4529,1.);
#2567=VECTOR('',#4532,1.);
#2568=VECTOR('',#4533,1.);
#2569=VECTOR('',#4536,1.);
#2570=VECTOR('',#4539,1.);
#2571=VECTOR('',#4540,1.);
#2572=VECTOR('',#4541,1.);
#2573=VECTOR('',#4544,1.);
#2574=VECTOR('',#4545,1.);
#2575=VECTOR('',#4548,1.);
#2576=VECTOR('',#4549,1.);
#2577=VECTOR('',#4552,1.);
#2578=VECTOR('',#4555,1.);
#2579=VECTOR('',#4556,1.);
#2580=VECTOR('',#4557,1.);
#2581=VECTOR('',#4560,1.);
#2582=VECTOR('',#4561,1.);
#2583=VECTOR('',#4564,1.);
#2584=VECTOR('',#4565,1.);
#2585=VECTOR('',#4568,1.);
#2586=VECTOR('',#4571,1.);
#2587=VECTOR('',#4572,1.);
#2588=VECTOR('',#4573,1.);
#2589=VECTOR('',#4576,1.);
#2590=VECTOR('',#4577,1.);
#2591=VECTOR('',#4580,1.);
#2592=VECTOR('',#4581,1.);
#2593=VECTOR('',#4584,1.);
#2594=VECTOR('',#4589,1.);
#2595=VECTOR('',#4590,1.);
#2596=VECTOR('',#4591,1.);
#2597=VECTOR('',#4594,1.);
#2598=VECTOR('',#4595,1.);
#2599=VECTOR('',#4598,1.);
#2600=VECTOR('',#4599,1.);
#2601=VECTOR('',#4602,1.);
#2602=VECTOR('',#4605,1.);
#2603=VECTOR('',#4606,1.);
#2604=VECTOR('',#4607,1.);
#2605=VECTOR('',#4610,1.);
#2606=VECTOR('',#4611,1.);
#2607=VECTOR('',#4614,1.);
#2608=VECTOR('',#4615,1.);
#2609=VECTOR('',#4618,1.);
#2610=VECTOR('',#4621,1.);
#2611=VECTOR('',#4622,1.);
#2612=VECTOR('',#4623,1.);
#2613=VECTOR('',#4626,1.);
#2614=VECTOR('',#4627,1.);
#2615=VECTOR('',#4630,1.);
#2616=VECTOR('',#4631,1.);
#2617=VECTOR('',#4634,1.);
#2618=VECTOR('',#4639,1.);
#2619=VECTOR('',#4640,1.);
#2620=VECTOR('',#4641,1.);
#2621=VECTOR('',#4644,1.);
#2622=VECTOR('',#4645,1.);
#2623=VECTOR('',#4648,1.);
#2624=VECTOR('',#4649,1.);
#2625=VECTOR('',#4652,1.);
#2626=VECTOR('',#4655,1.);
#2627=VECTOR('',#4656,1.);
#2628=VECTOR('',#4657,1.);
#2629=VECTOR('',#4660,1.);
#2630=VECTOR('',#4661,1.);
#2631=VECTOR('',#4664,1.);
#2632=VECTOR('',#4665,1.);
#2633=VECTOR('',#4668,1.);
#2634=VECTOR('',#4671,1.);
#2635=VECTOR('',#4672,1.);
#2636=VECTOR('',#4673,1.);
#2637=VECTOR('',#4676,1.);
#2638=VECTOR('',#4677,1.);
#2639=VECTOR('',#4680,1.);
#2640=VECTOR('',#4681,1.);
#2641=VECTOR('',#4684,1.);
#2642=VECTOR('',#4689,1.);
#2643=VECTOR('',#4694,1.);
#2644=VECTOR('',#4695,1.);
#2645=VECTOR('',#4698,1.);
#2646=VECTOR('',#4701,1.);
#2647=VECTOR('',#4706,1.);
#2648=VECTOR('',#4707,1.);
#2649=VECTOR('',#4710,1.);
#2650=VECTOR('',#4713,1.);
#2651=VECTOR('',#4718,1.);
#2652=VECTOR('',#4719,1.);
#2653=VECTOR('',#4722,1.);
#2654=VECTOR('',#4725,1.);
#2655=VECTOR('',#4730,1.);
#2656=VECTOR('',#4731,1.);
#2657=VECTOR('',#4734,1.);
#2658=VECTOR('',#4737,1.);
#2659=VECTOR('',#4742,1.);
#2660=VECTOR('',#4743,1.);
#2661=VECTOR('',#4746,1.);
#2662=VECTOR('',#4749,1.);
#2663=VECTOR('',#4754,1.);
#2664=VECTOR('',#4755,1.);
#2665=VECTOR('',#4758,1.);
#2666=VECTOR('',#4761,1.);
#2667=VECTOR('',#4766,1.);
#2668=VECTOR('',#4767,1.);
#2669=VECTOR('',#4770,1.);
#2670=VECTOR('',#4773,1.);
#2671=VECTOR('',#4778,1.);
#2672=VECTOR('',#4779,1.);
#2673=VECTOR('',#4782,1.);
#2674=VECTOR('',#4785,1.);
#2675=VECTOR('',#4790,1.);
#2676=VECTOR('',#4791,1.);
#2677=VECTOR('',#4794,1.);
#2678=VECTOR('',#4797,1.);
#2679=VECTOR('',#4802,1.);
#2680=VECTOR('',#4803,1.);
#2681=VECTOR('',#4806,1.);
#2682=VECTOR('',#4809,1.);
#2683=VECTOR('',#4814,1.);
#2684=VECTOR('',#4815,1.);
#2685=VECTOR('',#4818,1.);
#2686=VECTOR('',#4821,1.);
#2687=VECTOR('',#4828,1.);
#2688=VECTOR('',#4829,1.);
#2689=VECTOR('',#4830,1.);
#2690=VECTOR('',#4831,1.);
#2691=VECTOR('',#4836,1.);
#2692=VECTOR('',#4841,1.);
#2693=VECTOR('',#4842,1.);
#2694=VECTOR('',#4843,1.);
#2695=VECTOR('',#4846,1.);
#2696=VECTOR('',#4847,1.);
#2697=VECTOR('',#4848,1.);
#2698=VECTOR('',#4853,1.);
#2699=VECTOR('',#4858,1.);
#2700=VECTOR('',#4865,1.);
#2701=VECTOR('',#4868,1.);
#2702=VECTOR('',#4869,1.);
#2703=VECTOR('',#4870,1.);
#2704=VECTOR('',#4875,1.);
#2705=VECTOR('',#4878,1.);
#2706=VECTOR('',#4881,1.);
#2707=VECTOR('',#4884,1.);
#2708=VECTOR('',#4887,1.);
#2709=VECTOR('',#4890,1.);
#2710=VECTOR('',#4893,1.);
#2711=VECTOR('',#4896,1.);
#2712=VECTOR('',#4899,1.);
#2713=VECTOR('',#4902,1.);
#2714=VECTOR('',#4905,1.);
#2715=VECTOR('',#4910,1.);
#2716=VECTOR('',#4913,1.);
#2717=VECTOR('',#4914,1.);
#2718=VECTOR('',#4915,1.);
#2719=VECTOR('',#4916,1.);
#2720=VECTOR('',#4917,1.);
#2721=VECTOR('',#4918,1.);
#2722=VECTOR('',#4919,1.);
#2723=VECTOR('',#4922,1.);
#2724=VECTOR('',#4925,1.);
#2725=VECTOR('',#4928,1.);
#2726=VECTOR('',#4935,1.);
#2727=VECTOR('',#4938,1.);
#2728=VECTOR('',#4943,1.);
#2729=VECTOR('',#4946,1.);
#2730=VECTOR('',#4949,1.);
#2731=VECTOR('',#4952,1.);
#2732=VECTOR('',#4955,1.);
#2733=VECTOR('',#4956,1.);
#2734=VECTOR('',#4957,1.);
#2735=VECTOR('',#4958,1.);
#2736=VECTOR('',#4959,1.);
#2737=VECTOR('',#4960,1.);
#2738=VECTOR('',#4963,1.);
#2739=VECTOR('',#4968,1.);
#2740=VECTOR('',#4969,1.);
#2741=VECTOR('',#4972,1.);
#2742=VECTOR('',#4977,1.);
#2743=VECTOR('',#4978,1.);
#2744=VECTOR('',#4981,1.);
#2745=VECTOR('',#4986,1.);
#2746=VECTOR('',#4989,1.);
#2747=VECTOR('',#4992,1.);
#2748=VECTOR('',#4995,1.);
#2749=VECTOR('',#5000,1.);
#2750=VECTOR('',#5003,1.);
#2751=VECTOR('',#5006,1.);
#2752=VECTOR('',#5007,1.);
#2753=VECTOR('',#5010,1.);
#2754=VECTOR('',#5013,1.);
#2755=EDGE_LOOP('',(#147,#148,#149,#150));
#2756=EDGE_LOOP('',(#151,#152,#153,#154));
#2757=EDGE_LOOP('',(#155,#156,#157,#158));
#2758=EDGE_LOOP('',(#159,#160,#161,#162));
#2759=EDGE_LOOP('',(#163,#164,#165,#166));
#2760=EDGE_LOOP('',(#167,#168,#169,#170));
#2761=EDGE_LOOP('',(#171,#172,#173,#174));
#2762=EDGE_LOOP('',(#175,#176,#177,#178));
#2763=EDGE_LOOP('',(#179,#180,#181,#182,#183,#184,#185,#186));
#2764=EDGE_LOOP('',(#187));
#2765=EDGE_LOOP('',(#188,#189,#190,#191));
#2766=EDGE_LOOP('',(#192,#193,#194,#195));
#2767=EDGE_LOOP('',(#196,#197,#198,#199));
#2768=EDGE_LOOP('',(#200,#201,#202,#203));
#2769=EDGE_LOOP('',(#204,#205,#206,#207));
#2770=EDGE_LOOP('',(#208));
#2771=EDGE_LOOP('',(#209,#210,#211,#212));
#2772=EDGE_LOOP('',(#213,#214,#215,#216));
#2773=EDGE_LOOP('',(#217,#218,#219,#220));
#2774=EDGE_LOOP('',(#221));
#2775=EDGE_LOOP('',(#222,#223,#224,#225));
#2776=EDGE_LOOP('',(#226,#227,#228,#229));
#2777=EDGE_LOOP('',(#230,#231,#232,#233));
#2778=EDGE_LOOP('',(#234));
#2779=EDGE_LOOP('',(#235,#236,#237,#238));
#2780=EDGE_LOOP('',(#239,#240,#241,#242,#243,#244,#245,#246));
#2781=EDGE_LOOP('',(#247));
#2782=EDGE_LOOP('',(#248,#249,#250,#251));
#2783=EDGE_LOOP('',(#252,#253,#254,#255));
#2784=EDGE_LOOP('',(#256,#257,#258,#259));
#2785=EDGE_LOOP('',(#260,#261,#262,#263));
#2786=EDGE_LOOP('',(#264,#265,#266,#267));
#2787=EDGE_LOOP('',(#268));
#2788=EDGE_LOOP('',(#269,#270,#271,#272));
#2789=EDGE_LOOP('',(#273,#274,#275,#276));
#2790=EDGE_LOOP('',(#277,#278,#279,#280));
#2791=EDGE_LOOP('',(#281));
#2792=EDGE_LOOP('',(#282,#283,#284,#285));
#2793=EDGE_LOOP('',(#286,#287,#288,#289));
#2794=EDGE_LOOP('',(#290,#291,#292,#293));
#2795=EDGE_LOOP('',(#294));
#2796=EDGE_LOOP('',(#295,#296,#297,#298));
#2797=EDGE_LOOP('',(#299,#300,#301,#302));
#2798=EDGE_LOOP('',(#303,#304,#305,#306));
#2799=EDGE_LOOP('',(#307,#308,#309,#310));
#2800=EDGE_LOOP('',(#311,#312,#313,#314));
#2801=EDGE_LOOP('',(#315,#316,#317,#318));
#2802=EDGE_LOOP('',(#319,#320,#321,#322));
#2803=EDGE_LOOP('',(#323,#324,#325,#326));
#2804=EDGE_LOOP('',(#327,#328,#329,#330));
#2805=EDGE_LOOP('',(#331));
#2806=EDGE_LOOP('',(#332));
#2807=EDGE_LOOP('',(#333,#334,#335,#336));
#2808=EDGE_LOOP('',(#337,#338,#339,#340));
#2809=EDGE_LOOP('',(#341,#342,#343,#344));
#2810=EDGE_LOOP('',(#345,#346,#347,#348));
#2811=EDGE_LOOP('',(#349,#350,#351,#352));
#2812=EDGE_LOOP('',(#353,#354,#355,#356));
#2813=EDGE_LOOP('',(#357,#358,#359,#360));
#2814=EDGE_LOOP('',(#361,#362,#363,#364));
#2815=EDGE_LOOP('',(#365,#366,#367,#368));
#2816=EDGE_LOOP('',(#369,#370,#371,#372));
#2817=EDGE_LOOP('',(#373,#374,#375,#376));
#2818=EDGE_LOOP('',(#377,#378,#379,#380));
#2819=EDGE_LOOP('',(#381,#382,#383,#384));
#2820=EDGE_LOOP('',(#385,#386,#387,#388));
#2821=EDGE_LOOP('',(#389,#390,#391,#392));
#2822=EDGE_LOOP('',(#393,#394,#395,#396));
#2823=EDGE_LOOP('',(#397,#398,#399,#400));
#2824=EDGE_LOOP('',(#401,#402,#403,#404));
#2825=EDGE_LOOP('',(#405,#406,#407,#408));
#2826=EDGE_LOOP('',(#409,#410,#411,#412));
#2827=EDGE_LOOP('',(#413));
#2828=EDGE_LOOP('',(#414));
#2829=EDGE_LOOP('',(#415,#416,#417,#418));
#2830=EDGE_LOOP('',(#419,#420,#421,#422));
#2831=EDGE_LOOP('',(#423,#424,#425,#426));
#2832=EDGE_LOOP('',(#427,#428,#429,#430));
#2833=EDGE_LOOP('',(#431,#432,#433,#434));
#2834=EDGE_LOOP('',(#435,#436,#437,#438));
#2835=EDGE_LOOP('',(#439,#440,#441,#442));
#2836=EDGE_LOOP('',(#443,#444,#445,#446));
#2837=EDGE_LOOP('',(#447,#448,#449,#450));
#2838=EDGE_LOOP('',(#451,#452,#453,#454));
#2839=EDGE_LOOP('',(#455,#456,#457,#458));
#2840=EDGE_LOOP('',(#459,#460,#461,#462));
#2841=EDGE_LOOP('',(#463));
#2842=EDGE_LOOP('',(#464));
#2843=EDGE_LOOP('',(#465,#466,#467,#468));
#2844=EDGE_LOOP('',(#469,#470,#471,#472));
#2845=EDGE_LOOP('',(#473,#474,#475,#476));
#2846=EDGE_LOOP('',(#477,#478,#479,#480));
#2847=EDGE_LOOP('',(#481,#482,#483,#484));
#2848=EDGE_LOOP('',(#485,#486,#487,#488));
#2849=EDGE_LOOP('',(#489,#490,#491,#492));
#2850=EDGE_LOOP('',(#493,#494,#495,#496));
#2851=EDGE_LOOP('',(#497,#498,#499,#500));
#2852=EDGE_LOOP('',(#501,#502,#503,#504));
#2853=EDGE_LOOP('',(#505,#506,#507,#508));
#2854=EDGE_LOOP('',(#509,#510,#511,#512));
#2855=EDGE_LOOP('',(#513));
#2856=EDGE_LOOP('',(#514));
#2857=EDGE_LOOP('',(#515,#516,#517,#518));
#2858=EDGE_LOOP('',(#519,#520,#521,#522));
#2859=EDGE_LOOP('',(#523,#524,#525,#526));
#2860=EDGE_LOOP('',(#527,#528,#529,#530));
#2861=EDGE_LOOP('',(#531));
#2862=EDGE_LOOP('',(#532));
#2863=EDGE_LOOP('',(#533,#534,#535,#536));
#2864=EDGE_LOOP('',(#537,#538,#539,#540));
#2865=EDGE_LOOP('',(#541,#542,#543,#544));
#2866=EDGE_LOOP('',(#545,#546,#547,#548));
#2867=EDGE_LOOP('',(#549,#550,#551,#552));
#2868=EDGE_LOOP('',(#553,#554,#555,#556));
#2869=EDGE_LOOP('',(#557,#558,#559,#560));
#2870=EDGE_LOOP('',(#561,#562,#563,#564));
#2871=EDGE_LOOP('',(#565,#566,#567,#568));
#2872=EDGE_LOOP('',(#569,#570,#571,#572));
#2873=EDGE_LOOP('',(#573,#574,#575,#576));
#2874=EDGE_LOOP('',(#577,#578,#579,#580));
#2875=EDGE_LOOP('',(#581,#582,#583,#584));
#2876=EDGE_LOOP('',(#585,#586,#587,#588));
#2877=EDGE_LOOP('',(#589,#590,#591,#592));
#2878=EDGE_LOOP('',(#593,#594,#595,#596));
#2879=EDGE_LOOP('',(#597,#598,#599,#600));
#2880=EDGE_LOOP('',(#601,#602,#603,#604));
#2881=EDGE_LOOP('',(#605,#606,#607,#608));
#2882=EDGE_LOOP('',(#609,#610,#611,#612));
#2883=EDGE_LOOP('',(#613));
#2884=EDGE_LOOP('',(#614));
#2885=EDGE_LOOP('',(#615,#616,#617,#618));
#2886=EDGE_LOOP('',(#619,#620,#621,#622));
#2887=EDGE_LOOP('',(#623,#624,#625,#626));
#2888=EDGE_LOOP('',(#627,#628,#629,#630));
#2889=EDGE_LOOP('',(#631,#632,#633,#634));
#2890=EDGE_LOOP('',(#635,#636,#637,#638));
#2891=EDGE_LOOP('',(#639,#640,#641,#642));
#2892=EDGE_LOOP('',(#643,#644,#645,#646));
#2893=EDGE_LOOP('',(#647,#648,#649,#650));
#2894=EDGE_LOOP('',(#651,#652,#653,#654));
#2895=EDGE_LOOP('',(#655,#656,#657,#658));
#2896=EDGE_LOOP('',(#659,#660,#661,#662));
#2897=EDGE_LOOP('',(#663));
#2898=EDGE_LOOP('',(#664));
#2899=EDGE_LOOP('',(#665,#666,#667,#668));
#2900=EDGE_LOOP('',(#669,#670,#671,#672));
#2901=EDGE_LOOP('',(#673,#674,#675,#676));
#2902=EDGE_LOOP('',(#677,#678,#679,#680));
#2903=EDGE_LOOP('',(#681,#682,#683,#684));
#2904=EDGE_LOOP('',(#685,#686,#687,#688));
#2905=EDGE_LOOP('',(#689,#690,#691,#692));
#2906=EDGE_LOOP('',(#693,#694,#695,#696));
#2907=EDGE_LOOP('',(#697,#698,#699,#700));
#2908=EDGE_LOOP('',(#701,#702,#703,#704));
#2909=EDGE_LOOP('',(#705,#706,#707,#708));
#2910=EDGE_LOOP('',(#709,#710,#711,#712));
#2911=EDGE_LOOP('',(#713));
#2912=EDGE_LOOP('',(#714));
#2913=EDGE_LOOP('',(#715,#716,#717,#718));
#2914=EDGE_LOOP('',(#719,#720,#721,#722));
#2915=EDGE_LOOP('',(#723,#724,#725,#726));
#2916=EDGE_LOOP('',(#727,#728,#729,#730));
#2917=EDGE_LOOP('',(#731,#732,#733,#734));
#2918=EDGE_LOOP('',(#735,#736,#737,#738));
#2919=EDGE_LOOP('',(#739,#740,#741,#742));
#2920=EDGE_LOOP('',(#743,#744,#745,#746));
#2921=EDGE_LOOP('',(#747,#748,#749,#750));
#2922=EDGE_LOOP('',(#751,#752,#753,#754));
#2923=EDGE_LOOP('',(#755,#756,#757,#758));
#2924=EDGE_LOOP('',(#759,#760,#761,#762));
#2925=EDGE_LOOP('',(#763,#764,#765,#766));
#2926=EDGE_LOOP('',(#767,#768,#769,#770));
#2927=EDGE_LOOP('',(#771,#772,#773,#774));
#2928=EDGE_LOOP('',(#775,#776,#777,#778));
#2929=EDGE_LOOP('',(#779,#780,#781,#782));
#2930=EDGE_LOOP('',(#783,#784,#785,#786));
#2931=EDGE_LOOP('',(#787,#788,#789,#790));
#2932=EDGE_LOOP('',(#791,#792,#793,#794));
#2933=EDGE_LOOP('',(#795,#796,#797,#798));
#2934=EDGE_LOOP('',(#799,#800,#801,#802));
#2935=EDGE_LOOP('',(#803,#804,#805,#806));
#2936=EDGE_LOOP('',(#807,#808,#809,#810));
#2937=EDGE_LOOP('',(#811,#812,#813,#814));
#2938=EDGE_LOOP('',(#815,#816,#817,#818));
#2939=EDGE_LOOP('',(#819,#820,#821,#822));
#2940=EDGE_LOOP('',(#823,#824,#825,#826));
#2941=EDGE_LOOP('',(#827,#828,#829,#830));
#2942=EDGE_LOOP('',(#831,#832,#833,#834));
#2943=EDGE_LOOP('',(#835,#836,#837,#838));
#2944=EDGE_LOOP('',(#839,#840,#841,#842));
#2945=EDGE_LOOP('',(#843,#844,#845,#846));
#2946=EDGE_LOOP('',(#847,#848,#849,#850));
#2947=EDGE_LOOP('',(#851,#852,#853,#854));
#2948=EDGE_LOOP('',(#855,#856,#857,#858));
#2949=EDGE_LOOP('',(#859,#860,#861,#862));
#2950=EDGE_LOOP('',(#863,#864,#865,#866));
#2951=EDGE_LOOP('',(#867,#868,#869,#870));
#2952=EDGE_LOOP('',(#871,#872,#873,#874));
#2953=EDGE_LOOP('',(#875,#876,#877,#878));
#2954=EDGE_LOOP('',(#879,#880,#881,#882));
#2955=EDGE_LOOP('',(#883,#884,#885,#886));
#2956=EDGE_LOOP('',(#887,#888,#889,#890));
#2957=EDGE_LOOP('',(#891,#892,#893,#894));
#2958=EDGE_LOOP('',(#895,#896,#897,#898));
#2959=EDGE_LOOP('',(#899,#900,#901,#902));
#2960=EDGE_LOOP('',(#903,#904,#905,#906));
#2961=EDGE_LOOP('',(#907,#908,#909,#910));
#2962=EDGE_LOOP('',(#911,#912,#913,#914));
#2963=EDGE_LOOP('',(#915,#916,#917,#918));
#2964=EDGE_LOOP('',(#919,#920,#921,#922));
#2965=EDGE_LOOP('',(#923,#924,#925,#926));
#2966=EDGE_LOOP('',(#927,#928,#929,#930));
#2967=EDGE_LOOP('',(#931,#932,#933,#934,#935,#936,#937,#938));
#2968=EDGE_LOOP('',(#939,#940,#941,#942,#943,#944,#945,#946));
#2969=EDGE_LOOP('',(#947,#948,#949,#950));
#2970=EDGE_LOOP('',(#951,#952,#953,#954,#955,#956,#957,#958));
#2971=EDGE_LOOP('',(#959,#960,#961,#962));
#2972=EDGE_LOOP('',(#963,#964,#965,#966));
#2973=EDGE_LOOP('',(#967,#968,#969,#970));
#2974=EDGE_LOOP('',(#971,#972,#973,#974));
#2975=EDGE_LOOP('',(#975,#976,#977,#978));
#2976=EDGE_LOOP('',(#979,#980,#981,#982));
#2977=EDGE_LOOP('',(#983,#984,#985,#986));
#2978=EDGE_LOOP('',(#987,#988,#989,#990));
#2979=EDGE_LOOP('',(#991,#992,#993,#994));
#2980=EDGE_LOOP('',(#995,#996,#997,#998));
#2981=EDGE_LOOP('',(#999,#1000,#1001,#1002));
#2982=EDGE_LOOP('',(#1003,#1004,#1005,#1006));
#2983=EDGE_LOOP('',(#1007,#1008,#1009,#1010));
#2984=EDGE_LOOP('',(#1011,#1012,#1013,#1014));
#2985=EDGE_LOOP('',(#1015,#1016,#1017,#1018));
#2986=EDGE_LOOP('',(#1019,#1020,#1021,#1022));
#2987=EDGE_LOOP('',(#1023,#1024,#1025,#1026));
#2988=EDGE_LOOP('',(#1027,#1028,#1029,#1030));
#2989=EDGE_LOOP('',(#1031,#1032,#1033,#1034));
#2990=EDGE_LOOP('',(#1035,#1036,#1037,#1038));
#2991=EDGE_LOOP('',(#1039,#1040,#1041,#1042));
#2992=EDGE_LOOP('',(#1043,#1044,#1045,#1046));
#2993=EDGE_LOOP('',(#1047,#1048,#1049,#1050));
#2994=EDGE_LOOP('',(#1051,#1052,#1053,#1054));
#2995=EDGE_LOOP('',(#1055,#1056,#1057,#1058));
#2996=EDGE_LOOP('',(#1059,#1060,#1061,#1062));
#2997=EDGE_LOOP('',(#1063,#1064,#1065,#1066));
#2998=EDGE_LOOP('',(#1067,#1068,#1069,#1070));
#2999=EDGE_LOOP('',(#1071,#1072,#1073,#1074));
#3000=EDGE_LOOP('',(#1075,#1076,#1077,#1078,#1079,#1080,#1081,#1082));
#3001=EDGE_LOOP('',(#1083));
#3002=EDGE_LOOP('',(#1084));
#3003=EDGE_LOOP('',(#1085));
#3004=EDGE_LOOP('',(#1086));
#3005=EDGE_LOOP('',(#1087));
#3006=EDGE_LOOP('',(#1088));
#3007=EDGE_LOOP('',(#1089));
#3008=EDGE_LOOP('',(#1090));
#3009=EDGE_LOOP('',(#1091));
#3010=EDGE_LOOP('',(#1092));
#3011=EDGE_LOOP('',(#1093));
#3012=EDGE_LOOP('',(#1094));
#3013=EDGE_LOOP('',(#1095));
#3014=EDGE_LOOP('',(#1096));
#3015=EDGE_LOOP('',(#1097));
#3016=EDGE_LOOP('',(#1098));
#3017=EDGE_LOOP('',(#1099));
#3018=EDGE_LOOP('',(#1100));
#3019=EDGE_LOOP('',(#1101));
#3020=EDGE_LOOP('',(#1102));
#3021=EDGE_LOOP('',(#1103));
#3022=EDGE_LOOP('',(#1104));
#3023=EDGE_LOOP('',(#1105));
#3024=EDGE_LOOP('',(#1106));
#3025=EDGE_LOOP('',(#1107));
#3026=EDGE_LOOP('',(#1108));
#3027=EDGE_LOOP('',(#1109));
#3028=EDGE_LOOP('',(#1110));
#3029=EDGE_LOOP('',(#1111));
#3030=EDGE_LOOP('',(#1112));
#3031=EDGE_LOOP('',(#1113));
#3032=EDGE_LOOP('',(#1114));
#3033=EDGE_LOOP('',(#1115));
#3034=EDGE_LOOP('',(#1116));
#3035=EDGE_LOOP('',(#1117));
#3036=EDGE_LOOP('',(#1118));
#3037=EDGE_LOOP('',(#1119));
#3038=EDGE_LOOP('',(#1120));
#3039=EDGE_LOOP('',(#1121));
#3040=EDGE_LOOP('',(#1122));
#3041=EDGE_LOOP('',(#1123));
#3042=EDGE_LOOP('',(#1124));
#3043=EDGE_LOOP('',(#1125));
#3044=EDGE_LOOP('',(#1126));
#3045=EDGE_LOOP('',(#1127));
#3046=EDGE_LOOP('',(#1128));
#3047=EDGE_LOOP('',(#1129));
#3048=EDGE_LOOP('',(#1130));
#3049=FACE_BOUND('',#2755,.T.);
#3050=FACE_BOUND('',#2756,.T.);
#3051=FACE_BOUND('',#2757,.T.);
#3052=FACE_BOUND('',#2758,.T.);
#3053=FACE_BOUND('',#2759,.T.);
#3054=FACE_BOUND('',#2760,.T.);
#3055=FACE_BOUND('',#2761,.T.);
#3056=FACE_BOUND('',#2762,.T.);
#3057=FACE_BOUND('',#2763,.T.);
#3058=FACE_BOUND('',#2764,.T.);
#3059=FACE_BOUND('',#2765,.T.);
#3060=FACE_BOUND('',#2766,.T.);
#3061=FACE_BOUND('',#2767,.T.);
#3062=FACE_BOUND('',#2768,.T.);
#3063=FACE_BOUND('',#2769,.T.);
#3064=FACE_BOUND('',#2770,.T.);
#3065=FACE_BOUND('',#2771,.T.);
#3066=FACE_BOUND('',#2772,.T.);
#3067=FACE_BOUND('',#2773,.T.);
#3068=FACE_BOUND('',#2774,.T.);
#3069=FACE_BOUND('',#2775,.T.);
#3070=FACE_BOUND('',#2776,.T.);
#3071=FACE_BOUND('',#2777,.T.);
#3072=FACE_BOUND('',#2778,.T.);
#3073=FACE_BOUND('',#2779,.T.);
#3074=FACE_BOUND('',#2780,.T.);
#3075=FACE_BOUND('',#2781,.T.);
#3076=FACE_BOUND('',#2782,.T.);
#3077=FACE_BOUND('',#2783,.T.);
#3078=FACE_BOUND('',#2784,.T.);
#3079=FACE_BOUND('',#2785,.T.);
#3080=FACE_BOUND('',#2786,.T.);
#3081=FACE_BOUND('',#2787,.T.);
#3082=FACE_BOUND('',#2788,.T.);
#3083=FACE_BOUND('',#2789,.T.);
#3084=FACE_BOUND('',#2790,.T.);
#3085=FACE_BOUND('',#2791,.T.);
#3086=FACE_BOUND('',#2792,.T.);
#3087=FACE_BOUND('',#2793,.T.);
#3088=FACE_BOUND('',#2794,.T.);
#3089=FACE_BOUND('',#2795,.T.);
#3090=FACE_BOUND('',#2796,.T.);
#3091=FACE_BOUND('',#2797,.T.);
#3092=FACE_BOUND('',#2798,.T.);
#3093=FACE_BOUND('',#2799,.T.);
#3094=FACE_BOUND('',#2800,.T.);
#3095=FACE_BOUND('',#2801,.T.);
#3096=FACE_BOUND('',#2802,.T.);
#3097=FACE_BOUND('',#2803,.T.);
#3098=FACE_BOUND('',#2804,.T.);
#3099=FACE_BOUND('',#2805,.T.);
#3100=FACE_BOUND('',#2806,.T.);
#3101=FACE_BOUND('',#2807,.T.);
#3102=FACE_BOUND('',#2808,.T.);
#3103=FACE_BOUND('',#2809,.T.);
#3104=FACE_BOUND('',#2810,.T.);
#3105=FACE_BOUND('',#2811,.T.);
#3106=FACE_BOUND('',#2812,.T.);
#3107=FACE_BOUND('',#2813,.T.);
#3108=FACE_BOUND('',#2814,.T.);
#3109=FACE_BOUND('',#2815,.T.);
#3110=FACE_BOUND('',#2816,.T.);
#3111=FACE_BOUND('',#2817,.T.);
#3112=FACE_BOUND('',#2818,.T.);
#3113=FACE_BOUND('',#2819,.T.);
#3114=FACE_BOUND('',#2820,.T.);
#3115=FACE_BOUND('',#2821,.T.);
#3116=FACE_BOUND('',#2822,.T.);
#3117=FACE_BOUND('',#2823,.T.);
#3118=FACE_BOUND('',#2824,.T.);
#3119=FACE_BOUND('',#2825,.T.);
#3120=FACE_BOUND('',#2826,.T.);
#3121=FACE_BOUND('',#2827,.T.);
#3122=FACE_BOUND('',#2828,.T.);
#3123=FACE_BOUND('',#2829,.T.);
#3124=FACE_BOUND('',#2830,.T.);
#3125=FACE_BOUND('',#2831,.T.);
#3126=FACE_BOUND('',#2832,.T.);
#3127=FACE_BOUND('',#2833,.T.);
#3128=FACE_BOUND('',#2834,.T.);
#3129=FACE_BOUND('',#2835,.T.);
#3130=FACE_BOUND('',#2836,.T.);
#3131=FACE_BOUND('',#2837,.T.);
#3132=FACE_BOUND('',#2838,.T.);
#3133=FACE_BOUND('',#2839,.T.);
#3134=FACE_BOUND('',#2840,.T.);
#3135=FACE_BOUND('',#2841,.T.);
#3136=FACE_BOUND('',#2842,.T.);
#3137=FACE_BOUND('',#2843,.T.);
#3138=FACE_BOUND('',#2844,.T.);
#3139=FACE_BOUND('',#2845,.T.);
#3140=FACE_BOUND('',#2846,.T.);
#3141=FACE_BOUND('',#2847,.T.);
#3142=FACE_BOUND('',#2848,.T.);
#3143=FACE_BOUND('',#2849,.T.);
#3144=FACE_BOUND('',#2850,.T.);
#3145=FACE_BOUND('',#2851,.T.);
#3146=FACE_BOUND('',#2852,.T.);
#3147=FACE_BOUND('',#2853,.T.);
#3148=FACE_BOUND('',#2854,.T.);
#3149=FACE_BOUND('',#2855,.T.);
#3150=FACE_BOUND('',#2856,.T.);
#3151=FACE_BOUND('',#2857,.T.);
#3152=FACE_BOUND('',#2858,.T.);
#3153=FACE_BOUND('',#2859,.T.);
#3154=FACE_BOUND('',#2860,.T.);
#3155=FACE_BOUND('',#2861,.T.);
#3156=FACE_BOUND('',#2862,.T.);
#3157=FACE_BOUND('',#2863,.T.);
#3158=FACE_BOUND('',#2864,.T.);
#3159=FACE_BOUND('',#2865,.T.);
#3160=FACE_BOUND('',#2866,.T.);
#3161=FACE_BOUND('',#2867,.T.);
#3162=FACE_BOUND('',#2868,.T.);
#3163=FACE_BOUND('',#2869,.T.);
#3164=FACE_BOUND('',#2870,.T.);
#3165=FACE_BOUND('',#2871,.T.);
#3166=FACE_BOUND('',#2872,.T.);
#3167=FACE_BOUND('',#2873,.T.);
#3168=FACE_BOUND('',#2874,.T.);
#3169=FACE_BOUND('',#2875,.T.);
#3170=FACE_BOUND('',#2876,.T.);
#3171=FACE_BOUND('',#2877,.T.);
#3172=FACE_BOUND('',#2878,.T.);
#3173=FACE_BOUND('',#2879,.T.);
#3174=FACE_BOUND('',#2880,.T.);
#3175=FACE_BOUND('',#2881,.T.);
#3176=FACE_BOUND('',#2882,.T.);
#3177=FACE_BOUND('',#2883,.T.);
#3178=FACE_BOUND('',#2884,.T.);
#3179=FACE_BOUND('',#2885,.T.);
#3180=FACE_BOUND('',#2886,.T.);
#3181=FACE_BOUND('',#2887,.T.);
#3182=FACE_BOUND('',#2888,.T.);
#3183=FACE_BOUND('',#2889,.T.);
#3184=FACE_BOUND('',#2890,.T.);
#3185=FACE_BOUND('',#2891,.T.);
#3186=FACE_BOUND('',#2892,.T.);
#3187=FACE_BOUND('',#2893,.T.);
#3188=FACE_BOUND('',#2894,.T.);
#3189=FACE_BOUND('',#2895,.T.);
#3190=FACE_BOUND('',#2896,.T.);
#3191=FACE_BOUND('',#2897,.T.);
#3192=FACE_BOUND('',#2898,.T.);
#3193=FACE_BOUND('',#2899,.T.);
#3194=FACE_BOUND('',#2900,.T.);
#3195=FACE_BOUND('',#2901,.T.);
#3196=FACE_BOUND('',#2902,.T.);
#3197=FACE_BOUND('',#2903,.T.);
#3198=FACE_BOUND('',#2904,.T.);
#3199=FACE_BOUND('',#2905,.T.);
#3200=FACE_BOUND('',#2906,.T.);
#3201=FACE_BOUND('',#2907,.T.);
#3202=FACE_BOUND('',#2908,.T.);
#3203=FACE_BOUND('',#2909,.T.);
#3204=FACE_BOUND('',#2910,.T.);
#3205=FACE_BOUND('',#2911,.T.);
#3206=FACE_BOUND('',#2912,.T.);
#3207=FACE_BOUND('',#2913,.T.);
#3208=FACE_BOUND('',#2914,.T.);
#3209=FACE_BOUND('',#2915,.T.);
#3210=FACE_BOUND('',#2916,.T.);
#3211=FACE_BOUND('',#2917,.T.);
#3212=FACE_BOUND('',#2918,.T.);
#3213=FACE_BOUND('',#2919,.T.);
#3214=FACE_BOUND('',#2920,.T.);
#3215=FACE_BOUND('',#2921,.T.);
#3216=FACE_BOUND('',#2922,.T.);
#3217=FACE_BOUND('',#2923,.T.);
#3218=FACE_BOUND('',#2924,.T.);
#3219=FACE_BOUND('',#2925,.T.);
#3220=FACE_BOUND('',#2926,.T.);
#3221=FACE_BOUND('',#2927,.T.);
#3222=FACE_BOUND('',#2928,.T.);
#3223=FACE_BOUND('',#2929,.T.);
#3224=FACE_BOUND('',#2930,.T.);
#3225=FACE_BOUND('',#2931,.T.);
#3226=FACE_BOUND('',#2932,.T.);
#3227=FACE_BOUND('',#2933,.T.);
#3228=FACE_BOUND('',#2934,.T.);
#3229=FACE_BOUND('',#2935,.T.);
#3230=FACE_BOUND('',#2936,.T.);
#3231=FACE_BOUND('',#2937,.T.);
#3232=FACE_BOUND('',#2938,.T.);
#3233=FACE_BOUND('',#2939,.T.);
#3234=FACE_BOUND('',#2940,.T.);
#3235=FACE_BOUND('',#2941,.T.);
#3236=FACE_BOUND('',#2942,.T.);
#3237=FACE_BOUND('',#2943,.T.);
#3238=FACE_BOUND('',#2944,.T.);
#3239=FACE_BOUND('',#2945,.T.);
#3240=FACE_BOUND('',#2946,.T.);
#3241=FACE_BOUND('',#2947,.T.);
#3242=FACE_BOUND('',#2948,.T.);
#3243=FACE_BOUND('',#2949,.T.);
#3244=FACE_BOUND('',#2950,.T.);
#3245=FACE_BOUND('',#2951,.T.);
#3246=FACE_BOUND('',#2952,.T.);
#3247=FACE_BOUND('',#2953,.T.);
#3248=FACE_BOUND('',#2954,.T.);
#3249=FACE_BOUND('',#2955,.T.);
#3250=FACE_BOUND('',#2956,.T.);
#3251=FACE_BOUND('',#2957,.T.);
#3252=FACE_BOUND('',#2958,.T.);
#3253=FACE_BOUND('',#2959,.T.);
#3254=FACE_BOUND('',#2960,.T.);
#3255=FACE_BOUND('',#2961,.T.);
#3256=FACE_BOUND('',#2962,.T.);
#3257=FACE_BOUND('',#2963,.T.);
#3258=FACE_BOUND('',#2964,.T.);
#3259=FACE_BOUND('',#2965,.T.);
#3260=FACE_BOUND('',#2966,.T.);
#3261=FACE_BOUND('',#2967,.T.);
#3262=FACE_BOUND('',#2968,.T.);
#3263=FACE_BOUND('',#2969,.T.);
#3264=FACE_BOUND('',#2970,.T.);
#3265=FACE_BOUND('',#2971,.T.);
#3266=FACE_BOUND('',#2972,.T.);
#3267=FACE_BOUND('',#2973,.T.);
#3268=FACE_BOUND('',#2974,.T.);
#3269=FACE_BOUND('',#2975,.T.);
#3270=FACE_BOUND('',#2976,.T.);
#3271=FACE_BOUND('',#2977,.T.);
#3272=FACE_BOUND('',#2978,.T.);
#3273=FACE_BOUND('',#2979,.T.);
#3274=FACE_BOUND('',#2980,.T.);
#3275=FACE_BOUND('',#2981,.T.);
#3276=FACE_BOUND('',#2982,.T.);
#3277=FACE_BOUND('',#2983,.T.);
#3278=FACE_BOUND('',#2984,.T.);
#3279=FACE_BOUND('',#2985,.T.);
#3280=FACE_BOUND('',#2986,.T.);
#3281=FACE_BOUND('',#2987,.T.);
#3282=FACE_BOUND('',#2988,.T.);
#3283=FACE_BOUND('',#2989,.T.);
#3284=FACE_BOUND('',#2990,.T.);
#3285=FACE_BOUND('',#2991,.T.);
#3286=FACE_BOUND('',#2992,.T.);
#3287=FACE_BOUND('',#2993,.T.);
#3288=FACE_BOUND('',#2994,.T.);
#3289=FACE_BOUND('',#2995,.T.);
#3290=FACE_BOUND('',#2996,.T.);
#3291=FACE_BOUND('',#2997,.T.);
#3292=FACE_BOUND('',#2998,.T.);
#3293=FACE_BOUND('',#2999,.T.);
#3294=FACE_BOUND('',#3000,.T.);
#3295=FACE_BOUND('',#3001,.T.);
#3296=FACE_BOUND('',#3002,.T.);
#3297=FACE_BOUND('',#3003,.T.);
#3298=FACE_BOUND('',#3004,.T.);
#3299=FACE_BOUND('',#3005,.T.);
#3300=FACE_BOUND('',#3006,.T.);
#3301=FACE_BOUND('',#3007,.T.);
#3302=FACE_BOUND('',#3008,.T.);
#3303=FACE_BOUND('',#3009,.T.);
#3304=FACE_BOUND('',#3010,.T.);
#3305=FACE_BOUND('',#3011,.T.);
#3306=FACE_BOUND('',#3012,.T.);
#3307=FACE_BOUND('',#3013,.T.);
#3308=FACE_BOUND('',#3014,.T.);
#3309=FACE_BOUND('',#3015,.T.);
#3310=FACE_BOUND('',#3016,.T.);
#3311=FACE_BOUND('',#3017,.T.);
#3312=FACE_BOUND('',#3018,.T.);
#3313=FACE_BOUND('',#3019,.T.);
#3314=FACE_BOUND('',#3020,.T.);
#3315=FACE_BOUND('',#3021,.T.);
#3316=FACE_BOUND('',#3022,.T.);
#3317=FACE_BOUND('',#3023,.T.);
#3318=FACE_BOUND('',#3024,.T.);
#3319=FACE_BOUND('',#3025,.T.);
#3320=FACE_BOUND('',#3026,.T.);
#3321=FACE_BOUND('',#3027,.T.);
#3322=FACE_BOUND('',#3028,.T.);
#3323=FACE_BOUND('',#3029,.T.);
#3324=FACE_BOUND('',#3030,.T.);
#3325=FACE_BOUND('',#3031,.T.);
#3326=FACE_BOUND('',#3032,.T.);
#3327=FACE_BOUND('',#3033,.T.);
#3328=FACE_BOUND('',#3034,.T.);
#3329=FACE_BOUND('',#3035,.T.);
#3330=FACE_BOUND('',#3036,.T.);
#3331=FACE_BOUND('',#3037,.T.);
#3332=FACE_BOUND('',#3038,.T.);
#3333=FACE_BOUND('',#3039,.T.);
#3334=FACE_BOUND('',#3040,.T.);
#3335=FACE_BOUND('',#3041,.T.);
#3336=FACE_BOUND('',#3042,.T.);
#3337=FACE_BOUND('',#3043,.T.);
#3338=FACE_BOUND('',#3044,.T.);
#3339=FACE_BOUND('',#3045,.T.);
#3340=FACE_BOUND('',#3046,.T.);
#3341=FACE_BOUND('',#3047,.T.);
#3342=FACE_BOUND('',#3048,.T.);
#3343=PLANE('',#3779);
#3344=PLANE('',#3783);
#3345=PLANE('',#3784);
#3346=PLANE('',#3792);
#3347=PLANE('',#3793);
#3348=PLANE('',#3802);
#3349=PLANE('',#3811);
#3350=PLANE('',#3812);
#3351=PLANE('',#3813);
#3352=PLANE('',#3817);
#3353=PLANE('',#3821);
#3354=PLANE('',#3824);
#3355=PLANE('',#3825);
#3356=PLANE('',#3826);
#3357=PLANE('',#3827);
#3358=PLANE('',#3828);
#3359=PLANE('',#3829);
#3360=PLANE('',#3830);
#3361=PLANE('',#3831);
#3362=PLANE('',#3832);
#3363=PLANE('',#3833);
#3364=PLANE('',#3834);
#3365=PLANE('',#3835);
#3366=PLANE('',#3836);
#3367=PLANE('',#3837);
#3368=PLANE('',#3838);
#3369=PLANE('',#3839);
#3370=PLANE('',#3840);
#3371=PLANE('',#3841);
#3372=PLANE('',#3842);
#3373=PLANE('',#3843);
#3374=PLANE('',#3846);
#3375=PLANE('',#3847);
#3376=PLANE('',#3848);
#3377=PLANE('',#3849);
#3378=PLANE('',#3850);
#3379=PLANE('',#3851);
#3380=PLANE('',#3852);
#3381=PLANE('',#3853);
#3382=PLANE('',#3854);
#3383=PLANE('',#3855);
#3384=PLANE('',#3856);
#3385=PLANE('',#3857);
#3386=PLANE('',#3860);
#3387=PLANE('',#3861);
#3388=PLANE('',#3862);
#3389=PLANE('',#3863);
#3390=PLANE('',#3864);
#3391=PLANE('',#3865);
#3392=PLANE('',#3866);
#3393=PLANE('',#3867);
#3394=PLANE('',#3868);
#3395=PLANE('',#3869);
#3396=PLANE('',#3870);
#3397=PLANE('',#3871);
#3398=PLANE('',#3874);
#3399=PLANE('',#3878);
#3400=PLANE('',#3880);
#3401=PLANE('',#3881);
#3402=PLANE('',#3882);
#3403=PLANE('',#3883);
#3404=PLANE('',#3884);
#3405=PLANE('',#3885);
#3406=PLANE('',#3886);
#3407=PLANE('',#3887);
#3408=PLANE('',#3888);
#3409=PLANE('',#3889);
#3410=PLANE('',#3890);
#3411=PLANE('',#3891);
#3412=PLANE('',#3892);
#3413=PLANE('',#3893);
#3414=PLANE('',#3894);
#3415=PLANE('',#3895);
#3416=PLANE('',#3896);
#3417=PLANE('',#3897);
#3418=PLANE('',#3898);
#3419=PLANE('',#3899);
#3420=PLANE('',#3901);
#3421=PLANE('',#3902);
#3422=PLANE('',#3903);
#3423=PLANE('',#3904);
#3424=PLANE('',#3905);
#3425=PLANE('',#3906);
#3426=PLANE('',#3907);
#3427=PLANE('',#3908);
#3428=PLANE('',#3909);
#3429=PLANE('',#3910);
#3430=PLANE('',#3911);
#3431=PLANE('',#3912);
#3432=PLANE('',#3914);
#3433=PLANE('',#3915);
#3434=PLANE('',#3916);
#3435=PLANE('',#3917);
#3436=PLANE('',#3918);
#3437=PLANE('',#3919);
#3438=PLANE('',#3920);
#3439=PLANE('',#3921);
#3440=PLANE('',#3922);
#3441=PLANE('',#3923);
#3442=PLANE('',#3924);
#3443=PLANE('',#3925);
#3444=PLANE('',#3928);
#3445=PLANE('',#3929);
#3446=PLANE('',#3930);
#3447=PLANE('',#3931);
#3448=PLANE('',#3932);
#3449=PLANE('',#3933);
#3450=PLANE('',#3934);
#3451=PLANE('',#3935);
#3452=PLANE('',#3936);
#3453=PLANE('',#3937);
#3454=PLANE('',#3938);
#3455=PLANE('',#3939);
#3456=PLANE('',#3940);
#3457=PLANE('',#3941);
#3458=PLANE('',#3942);
#3459=PLANE('',#3943);
#3460=PLANE('',#3944);
#3461=PLANE('',#3945);
#3462=PLANE('',#3946);
#3463=PLANE('',#3947);
#3464=PLANE('',#3948);
#3465=PLANE('',#3949);
#3466=PLANE('',#3950);
#3467=PLANE('',#3951);
#3468=PLANE('',#3952);
#3469=PLANE('',#3953);
#3470=PLANE('',#3954);
#3471=PLANE('',#3955);
#3472=PLANE('',#3956);
#3473=PLANE('',#3957);
#3474=PLANE('',#3958);
#3475=PLANE('',#3959);
#3476=PLANE('',#3960);
#3477=PLANE('',#3961);
#3478=PLANE('',#3962);
#3479=PLANE('',#3963);
#3480=PLANE('',#3964);
#3481=PLANE('',#3965);
#3482=PLANE('',#3966);
#3483=PLANE('',#3967);
#3484=PLANE('',#3968);
#3485=PLANE('',#3969);
#3486=PLANE('',#3970);
#3487=PLANE('',#3971);
#3488=PLANE('',#3972);
#3489=PLANE('',#3974);
#3490=PLANE('',#3978);
#3491=PLANE('',#3979);
#3492=PLANE('',#3987);
#3493=PLANE('',#3988);
#3494=PLANE('',#3997);
#3495=PLANE('',#4002);
#3496=PLANE('',#4003);
#3497=PLANE('',#4004);
#3498=PLANE('',#4008);
#3499=PLANE('',#4012);
#3500=PLANE('',#4015);
#3501=PLANE('',#4018);
#3502=PLANE('',#4021);
#3503=PLANE('',#4024);
#3504=PLANE('',#4025);
#3505=PLANE('',#4029);
#3506=PLANE('',#4031);
#3507=PLANE('',#4032);
#3508=PLANE('',#4033);
#3509=PLANE('',#4034);
#3510=PLANE('',#4035);
#3511=PLANE('',#4036);
#3512=PLANE('',#4049);
#3513=PLANE('',#4051);
#3514=PLANE('',#4053);
#3515=PLANE('',#4055);
#3516=PLANE('',#4065);
#3517=PLANE('',#4067);
#3518=PLANE('',#4069);
#3519=PLANE('',#4071);
#3520=PLANE('',#4081);
#3521=PLANE('',#4082);
#3522=PLANE('',#4083);
#3523=PLANE('',#4084);
#3524=ADVANCED_FACE('',(#3049),#3343,.F.);
#3525=ADVANCED_FACE('',(#3050),#119,.T.);
#3526=ADVANCED_FACE('',(#3051),#3344,.T.);
#3527=ADVANCED_FACE('',(#3052),#3345,.F.);
#3528=ADVANCED_FACE('',(#3053),#120,.T.);
#3529=ADVANCED_FACE('',(#3054),#23,.T.);
#3530=ADVANCED_FACE('',(#3055),#24,.T.);
#3531=ADVANCED_FACE('',(#3056),#3346,.F.);
#3532=ADVANCED_FACE('',(#3057,#3058,#3059,#3060,#3061,#3062,#3063,#3064,
#3065,#3066,#3067,#3068,#3069,#3070,#3071,#3072),#3347,.F.);
#3533=ADVANCED_FACE('',(#3073),#25,.T.);
#3534=ADVANCED_FACE('',(#3074,#3075,#3076,#3077,#3078,#3079,#3080,#3081,
#3082,#3083,#3084,#3085,#3086,#3087,#3088,#3089),#3348,.T.);
#3535=ADVANCED_FACE('',(#3090),#26,.T.);
#3536=ADVANCED_FACE('',(#3091),#3349,.F.);
#3537=ADVANCED_FACE('',(#3092),#3350,.T.);
#3538=ADVANCED_FACE('',(#3093),#3351,.F.);
#3539=ADVANCED_FACE('',(#3094),#121,.T.);
#3540=ADVANCED_FACE('',(#3095),#3352,.T.);
#3541=ADVANCED_FACE('',(#3096),#27,.T.);
#3542=ADVANCED_FACE('',(#3097),#28,.T.);
#3543=ADVANCED_FACE('',(#3098),#3353,.T.);
#3544=ADVANCED_FACE('',(#3099,#3100),#122,.F.);
#3545=ADVANCED_FACE('',(#3101),#3354,.F.);
#3546=ADVANCED_FACE('',(#3102),#3355,.F.);
#3547=ADVANCED_FACE('',(#3103),#3356,.F.);
#3548=ADVANCED_FACE('',(#3104),#3357,.F.);
#3549=ADVANCED_FACE('',(#3105),#3358,.F.);
#3550=ADVANCED_FACE('',(#3106),#3359,.F.);
#3551=ADVANCED_FACE('',(#3107),#3360,.F.);
#3552=ADVANCED_FACE('',(#3108),#3361,.F.);
#3553=ADVANCED_FACE('',(#3109),#3362,.F.);
#3554=ADVANCED_FACE('',(#3110),#3363,.F.);
#3555=ADVANCED_FACE('',(#3111),#3364,.F.);
#3556=ADVANCED_FACE('',(#3112),#3365,.F.);
#3557=ADVANCED_FACE('',(#3113),#3366,.F.);
#3558=ADVANCED_FACE('',(#3114),#3367,.F.);
#3559=ADVANCED_FACE('',(#3115),#3368,.F.);
#3560=ADVANCED_FACE('',(#3116),#3369,.F.);
#3561=ADVANCED_FACE('',(#3117),#3370,.F.);
#3562=ADVANCED_FACE('',(#3118),#3371,.F.);
#3563=ADVANCED_FACE('',(#3119),#3372,.F.);
#3564=ADVANCED_FACE('',(#3120),#3373,.F.);
#3565=ADVANCED_FACE('',(#3121,#3122),#123,.F.);
#3566=ADVANCED_FACE('',(#3123),#3374,.F.);
#3567=ADVANCED_FACE('',(#3124),#3375,.F.);
#3568=ADVANCED_FACE('',(#3125),#3376,.F.);
#3569=ADVANCED_FACE('',(#3126),#3377,.F.);
#3570=ADVANCED_FACE('',(#3127),#3378,.F.);
#3571=ADVANCED_FACE('',(#3128),#3379,.F.);
#3572=ADVANCED_FACE('',(#3129),#3380,.F.);
#3573=ADVANCED_FACE('',(#3130),#3381,.F.);
#3574=ADVANCED_FACE('',(#3131),#3382,.F.);
#3575=ADVANCED_FACE('',(#3132),#3383,.F.);
#3576=ADVANCED_FACE('',(#3133),#3384,.F.);
#3577=ADVANCED_FACE('',(#3134),#3385,.F.);
#3578=ADVANCED_FACE('',(#3135,#3136),#124,.F.);
#3579=ADVANCED_FACE('',(#3137),#3386,.F.);
#3580=ADVANCED_FACE('',(#3138),#3387,.F.);
#3581=ADVANCED_FACE('',(#3139),#3388,.F.);
#3582=ADVANCED_FACE('',(#3140),#3389,.F.);
#3583=ADVANCED_FACE('',(#3141),#3390,.F.);
#3584=ADVANCED_FACE('',(#3142),#3391,.F.);
#3585=ADVANCED_FACE('',(#3143),#3392,.F.);
#3586=ADVANCED_FACE('',(#3144),#3393,.F.);
#3587=ADVANCED_FACE('',(#3145),#3394,.F.);
#3588=ADVANCED_FACE('',(#3146),#3395,.F.);
#3589=ADVANCED_FACE('',(#3147),#3396,.F.);
#3590=ADVANCED_FACE('',(#3148),#3397,.F.);
#3591=ADVANCED_FACE('',(#3149,#3150),#125,.F.);
#3592=ADVANCED_FACE('',(#3151),#3398,.F.);
#3593=ADVANCED_FACE('',(#3152),#29,.T.);
#3594=ADVANCED_FACE('',(#3153),#30,.T.);
#3595=ADVANCED_FACE('',(#3154),#3399,.F.);
#3596=ADVANCED_FACE('',(#3155,#3156),#31,.F.);
#3597=ADVANCED_FACE('',(#3157),#3400,.T.);
#3598=ADVANCED_FACE('',(#3158),#3401,.T.);
#3599=ADVANCED_FACE('',(#3159),#3402,.T.);
#3600=ADVANCED_FACE('',(#3160),#3403,.T.);
#3601=ADVANCED_FACE('',(#3161),#3404,.T.);
#3602=ADVANCED_FACE('',(#3162),#3405,.T.);
#3603=ADVANCED_FACE('',(#3163),#3406,.T.);
#3604=ADVANCED_FACE('',(#3164),#3407,.T.);
#3605=ADVANCED_FACE('',(#3165),#3408,.T.);
#3606=ADVANCED_FACE('',(#3166),#3409,.T.);
#3607=ADVANCED_FACE('',(#3167),#3410,.T.);
#3608=ADVANCED_FACE('',(#3168),#3411,.T.);
#3609=ADVANCED_FACE('',(#3169),#3412,.T.);
#3610=ADVANCED_FACE('',(#3170),#3413,.T.);
#3611=ADVANCED_FACE('',(#3171),#3414,.T.);
#3612=ADVANCED_FACE('',(#3172),#3415,.T.);
#3613=ADVANCED_FACE('',(#3173),#3416,.T.);
#3614=ADVANCED_FACE('',(#3174),#3417,.T.);
#3615=ADVANCED_FACE('',(#3175),#3418,.T.);
#3616=ADVANCED_FACE('',(#3176),#3419,.T.);
#3617=ADVANCED_FACE('',(#3177,#3178),#32,.F.);
#3618=ADVANCED_FACE('',(#3179),#3420,.T.);
#3619=ADVANCED_FACE('',(#3180),#3421,.T.);
#3620=ADVANCED_FACE('',(#3181),#3422,.T.);
#3621=ADVANCED_FACE('',(#3182),#3423,.T.);
#3622=ADVANCED_FACE('',(#3183),#3424,.T.);
#3623=ADVANCED_FACE('',(#3184),#3425,.T.);
#3624=ADVANCED_FACE('',(#3185),#3426,.T.);
#3625=ADVANCED_FACE('',(#3186),#3427,.T.);
#3626=ADVANCED_FACE('',(#3187),#3428,.T.);
#3627=ADVANCED_FACE('',(#3188),#3429,.T.);
#3628=ADVANCED_FACE('',(#3189),#3430,.T.);
#3629=ADVANCED_FACE('',(#3190),#3431,.T.);
#3630=ADVANCED_FACE('',(#3191,#3192),#33,.F.);
#3631=ADVANCED_FACE('',(#3193),#3432,.T.);
#3632=ADVANCED_FACE('',(#3194),#3433,.T.);
#3633=ADVANCED_FACE('',(#3195),#3434,.T.);
#3634=ADVANCED_FACE('',(#3196),#3435,.T.);
#3635=ADVANCED_FACE('',(#3197),#3436,.T.);
#3636=ADVANCED_FACE('',(#3198),#3437,.T.);
#3637=ADVANCED_FACE('',(#3199),#3438,.T.);
#3638=ADVANCED_FACE('',(#3200),#3439,.T.);
#3639=ADVANCED_FACE('',(#3201),#3440,.T.);
#3640=ADVANCED_FACE('',(#3202),#3441,.T.);
#3641=ADVANCED_FACE('',(#3203),#3442,.T.);
#3642=ADVANCED_FACE('',(#3204),#3443,.T.);
#3643=ADVANCED_FACE('',(#3205,#3206),#34,.F.);
#3644=ADVANCED_FACE('',(#3207),#126,.T.);
#3645=ADVANCED_FACE('',(#3208),#3444,.F.);
#3646=ADVANCED_FACE('',(#3209),#3445,.T.);
#3647=ADVANCED_FACE('',(#3210),#3446,.T.);
#3648=ADVANCED_FACE('',(#3211),#3447,.T.);
#3649=ADVANCED_FACE('',(#3212),#3448,.T.);
#3650=ADVANCED_FACE('',(#3213),#3449,.T.);
#3651=ADVANCED_FACE('',(#3214),#3450,.T.);
#3652=ADVANCED_FACE('',(#3215),#3451,.T.);
#3653=ADVANCED_FACE('',(#3216),#3452,.T.);
#3654=ADVANCED_FACE('',(#3217),#3453,.T.);
#3655=ADVANCED_FACE('',(#3218),#3454,.T.);
#3656=ADVANCED_FACE('',(#3219),#3455,.T.);
#3657=ADVANCED_FACE('',(#3220),#3456,.T.);
#3658=ADVANCED_FACE('',(#3221),#3457,.T.);
#3659=ADVANCED_FACE('',(#3222),#3458,.T.);
#3660=ADVANCED_FACE('',(#3223),#3459,.T.);
#3661=ADVANCED_FACE('',(#3224),#3460,.T.);
#3662=ADVANCED_FACE('',(#3225),#3461,.T.);
#3663=ADVANCED_FACE('',(#3226),#3462,.T.);
#3664=ADVANCED_FACE('',(#3227),#3463,.T.);
#3665=ADVANCED_FACE('',(#3228),#3464,.T.);
#3666=ADVANCED_FACE('',(#3229),#3465,.T.);
#3667=ADVANCED_FACE('',(#3230),#3466,.T.);
#3668=ADVANCED_FACE('',(#3231),#3467,.T.);
#3669=ADVANCED_FACE('',(#3232),#3468,.T.);
#3670=ADVANCED_FACE('',(#3233),#3469,.T.);
#3671=ADVANCED_FACE('',(#3234),#3470,.T.);
#3672=ADVANCED_FACE('',(#3235),#3471,.T.);
#3673=ADVANCED_FACE('',(#3236),#3472,.T.);
#3674=ADVANCED_FACE('',(#3237),#3473,.T.);
#3675=ADVANCED_FACE('',(#3238),#3474,.T.);
#3676=ADVANCED_FACE('',(#3239),#3475,.T.);
#3677=ADVANCED_FACE('',(#3240),#3476,.T.);
#3678=ADVANCED_FACE('',(#3241),#3477,.T.);
#3679=ADVANCED_FACE('',(#3242),#3478,.T.);
#3680=ADVANCED_FACE('',(#3243),#3479,.T.);
#3681=ADVANCED_FACE('',(#3244),#3480,.T.);
#3682=ADVANCED_FACE('',(#3245),#3481,.T.);
#3683=ADVANCED_FACE('',(#3246),#3482,.T.);
#3684=ADVANCED_FACE('',(#3247),#3483,.T.);
#3685=ADVANCED_FACE('',(#3248),#3484,.T.);
#3686=ADVANCED_FACE('',(#3249),#3485,.T.);
#3687=ADVANCED_FACE('',(#3250),#3486,.T.);
#3688=ADVANCED_FACE('',(#3251),#3487,.T.);
#3689=ADVANCED_FACE('',(#3252),#3488,.T.);
#3690=ADVANCED_FACE('',(#3253),#3489,.F.);
#3691=ADVANCED_FACE('',(#3254),#127,.T.);
#3692=ADVANCED_FACE('',(#3255),#3490,.F.);
#3693=ADVANCED_FACE('',(#3256),#3491,.T.);
#3694=ADVANCED_FACE('',(#3257),#128,.T.);
#3695=ADVANCED_FACE('',(#3258),#35,.T.);
#3696=ADVANCED_FACE('',(#3259),#36,.T.);
#3697=ADVANCED_FACE('',(#3260),#3492,.F.);
#3698=ADVANCED_FACE('',(#3261,#3262),#3493,.T.);
#3699=ADVANCED_FACE('',(#3263),#37,.T.);
#3700=ADVANCED_FACE('',(#3264),#3494,.F.);
#3701=ADVANCED_FACE('',(#3265),#38,.T.);
#3702=ADVANCED_FACE('',(#3266,#3267),#3495,.F.);
#3703=ADVANCED_FACE('',(#3268),#3496,.F.);
#3704=ADVANCED_FACE('',(#3269),#3497,.T.);
#3705=ADVANCED_FACE('',(#3270),#129,.T.);
#3706=ADVANCED_FACE('',(#3271),#3498,.F.);
#3707=ADVANCED_FACE('',(#3272),#39,.T.);
#3708=ADVANCED_FACE('',(#3273),#40,.T.);
#3709=ADVANCED_FACE('',(#3274),#3499,.F.);
#3710=ADVANCED_FACE('',(#3275),#130,.F.);
#3711=ADVANCED_FACE('',(#3276,#3277),#3500,.T.);
#3712=ADVANCED_FACE('',(#3278),#131,.F.);
#3713=ADVANCED_FACE('',(#3279),#3501,.T.);
#3714=ADVANCED_FACE('',(#3280),#132,.F.);
#3715=ADVANCED_FACE('',(#3281),#3502,.T.);
#3716=ADVANCED_FACE('',(#3282),#133,.F.);
#3717=ADVANCED_FACE('',(#3283),#3503,.T.);
#3718=ADVANCED_FACE('',(#3284),#3504,.T.);
#3719=ADVANCED_FACE('',(#3285),#41,.T.);
#3720=ADVANCED_FACE('',(#3286),#42,.T.);
#3721=ADVANCED_FACE('',(#3287),#3505,.T.);
#3722=ADVANCED_FACE('',(#3288),#134,.T.);
#3723=ADVANCED_FACE('',(#3289),#3506,.T.);
#3724=ADVANCED_FACE('',(#3290),#3507,.T.);
#3725=ADVANCED_FACE('',(#3291),#3508,.T.);
#3726=ADVANCED_FACE('',(#3292),#3509,.T.);
#3727=ADVANCED_FACE('',(#3293),#3510,.F.);
#3728=ADVANCED_FACE('',(#3294,#3295,#3296,#3297,#3298),#3511,.T.);
#3729=ADVANCED_FACE('',(#3299,#3300),#135,.T.);
#3730=ADVANCED_FACE('',(#3301,#3302),#136,.T.);
#3731=ADVANCED_FACE('',(#3303,#3304),#137,.T.);
#3732=ADVANCED_FACE('',(#3305,#3306),#138,.T.);
#3733=ADVANCED_FACE('',(#3307,#3308),#3512,.T.);
#3734=ADVANCED_FACE('',(#3309,#3310),#3513,.T.);
#3735=ADVANCED_FACE('',(#3311,#3312),#3514,.T.);
#3736=ADVANCED_FACE('',(#3313,#3314),#3515,.T.);
#3737=ADVANCED_FACE('',(#3315,#3316),#139,.F.);
#3738=ADVANCED_FACE('',(#3317,#3318),#140,.F.);
#3739=ADVANCED_FACE('',(#3319,#3320),#141,.F.);
#3740=ADVANCED_FACE('',(#3321,#3322),#142,.F.);
#3741=ADVANCED_FACE('',(#3323,#3324),#3516,.T.);
#3742=ADVANCED_FACE('',(#3325,#3326),#3517,.T.);
#3743=ADVANCED_FACE('',(#3327,#3328),#3518,.T.);
#3744=ADVANCED_FACE('',(#3329,#3330),#3519,.T.);
#3745=ADVANCED_FACE('',(#3331,#3332),#143,.F.);
#3746=ADVANCED_FACE('',(#3333,#3334),#144,.F.);
#3747=ADVANCED_FACE('',(#3335,#3336),#145,.F.);
#3748=ADVANCED_FACE('',(#3337,#3338),#146,.F.);
#3749=ADVANCED_FACE('',(#3339),#3520,.T.);
#3750=ADVANCED_FACE('',(#3340),#3521,.T.);
#3751=ADVANCED_FACE('',(#3341),#3522,.T.);
#3752=ADVANCED_FACE('',(#3342),#3523,.T.);
#3753=CLOSED_SHELL('',(#3524,#3525,#3526,#3527,#3528,#3529,#3530,#3531,
#3532,#3533,#3534,#3535,#3536,#3537,#3538,#3539,#3540,#3541,#3542,#3543,
#3544,#3545,#3546,#3547,#3548,#3549,#3550,#3551,#3552,#3553,#3554,#3555,
#3556,#3557,#3558,#3559,#3560,#3561,#3562,#3563,#3564,#3565,#3566,#3567,
#3568,#3569,#3570,#3571,#3572,#3573,#3574,#3575,#3576,#3577,#3578,#3579,
#3580,#3581,#3582,#3583,#3584,#3585,#3586,#3587,#3588,#3589,#3590,#3591,
#3592,#3593,#3594,#3595,#3596,#3597,#3598,#3599,#3600,#3601,#3602,#3603,
#3604,#3605,#3606,#3607,#3608,#3609,#3610,#3611,#3612,#3613,#3614,#3615,
#3616,#3617,#3618,#3619,#3620,#3621,#3622,#3623,#3624,#3625,#3626,#3627,
#3628,#3629,#3630,#3631,#3632,#3633,#3634,#3635,#3636,#3637,#3638,#3639,
#3640,#3641,#3642,#3643,#3644,#3645,#3646,#3647,#3648,#3649,#3650,#3651,
#3652,#3653,#3654,#3655,#3656,#3657,#3658,#3659,#3660,#3661,#3662,#3663,
#3664,#3665,#3666,#3667,#3668,#3669,#3670,#3671,#3672,#3673,#3674,#3675,
#3676,#3677,#3678,#3679,#3680,#3681,#3682,#3683,#3684,#3685,#3686,#3687,
#3688,#3689));
#3754=CLOSED_SHELL('',(#3690,#3691,#3692,#3693,#3694,#3695,#3696,#3697,
#3698,#3699,#3700,#3701,#3702,#3703,#3704,#3705,#3706,#3707,#3708,#3709,
#3710,#3711,#3712,#3713,#3714,#3715,#3716,#3717,#3718,#3719,#3720,#3721,
#3722,#3723,#3724,#3725,#3726,#3727,#3728,#3729,#3730,#3731,#3732,#3733,
#3734,#3735,#3736,#3737,#3738,#3739,#3740,#3741,#3742,#3743,#3744,#3745,
#3746,#3747,#3748,#3749,#3750,#3751,#3752));
#3755=STYLED_ITEM('',(#3757),#3770);
#3756=STYLED_ITEM('',(#3758),#3771);
#3757=PRESENTATION_STYLE_ASSIGNMENT((#3759));
#3758=PRESENTATION_STYLE_ASSIGNMENT((#3760));
#3759=SURFACE_STYLE_USAGE(.BOTH.,#3761);
#3760=SURFACE_STYLE_USAGE(.BOTH.,#3762);
#3761=SURFACE_SIDE_STYLE('',(#3763));
#3762=SURFACE_SIDE_STYLE('',(#3764));
#3763=SURFACE_STYLE_FILL_AREA(#3765);
#3764=SURFACE_STYLE_FILL_AREA(#3766);
#3765=FILL_AREA_STYLE('',(#3767));
#3766=FILL_AREA_STYLE('',(#3768));
#3767=FILL_AREA_STYLE_COLOUR('',#3769);
#3768=FILL_AREA_STYLE_COLOUR('',#10);
#3769=COLOUR_RGB('',0.980392156862745,0.713725490196078,0.00392156862745098);
#3770=MANIFOLD_SOLID_BREP('Part 1',#3753);
#3771=MANIFOLD_SOLID_BREP('Part 1',#3754);
#3772=SHAPE_DEFINITION_REPRESENTATION(#6152,#3775);
#3773=SHAPE_DEFINITION_REPRESENTATION(#6153,#3776);
#3774=SHAPE_DEFINITION_REPRESENTATION(#6155,#3777);
#3775=SHAPE_REPRESENTATION('Assembly 1',(#3778,#3973,#4085),#6143);
#3776=SHAPE_REPRESENTATION('Part 1',(#3778),#6144);
#3777=SHAPE_REPRESENTATION('Part 1',(#3778),#6145);
#3778=AXIS2_PLACEMENT_3D('',#5118,#4086,#4087);
#3779=AXIS2_PLACEMENT_3D('',#5119,#4088,#4089);
#3780=AXIS2_PLACEMENT_3D('',#5128,#4094,#4095);
#3781=AXIS2_PLACEMENT_3D('',#5129,#4096,#4097);
#3782=AXIS2_PLACEMENT_3D('',#5133,#4099,#4100);
#3783=AXIS2_PLACEMENT_3D('',#5134,#4101,#4102);
#3784=AXIS2_PLACEMENT_3D('',#5140,#4106,#4107);
#3785=AXIS2_PLACEMENT_3D('',#5146,#4111,#4112);
#3786=AXIS2_PLACEMENT_3D('',#5147,#4113,#4114);
#3787=AXIS2_PLACEMENT_3D('',#5151,#4116,#4117);
#3788=AXIS2_PLACEMENT_3D('',#5152,#4118,#4119);
#3789=AXIS2_PLACEMENT_3D('',#5153,#4120,#4121);
#3790=AXIS2_PLACEMENT_3D('',#5156,#4123,#4124);
#3791=AXIS2_PLACEMENT_3D('',#5159,#4126,#4127);
#3792=AXIS2_PLACEMENT_3D('',#5160,#4128,#4129);
#3793=AXIS2_PLACEMENT_3D('',#5166,#4133,#4134);
#3794=AXIS2_PLACEMENT_3D('',#5169,#4136,#4137);
#3795=AXIS2_PLACEMENT_3D('',#5173,#4139,#4140);
#3796=AXIS2_PLACEMENT_3D('',#5177,#4142,#4143);
#3797=AXIS2_PLACEMENT_3D('',#5178,#4144,#4145);
#3798=AXIS2_PLACEMENT_3D('',#5220,#4166,#4167);
#3799=AXIS2_PLACEMENT_3D('',#5246,#4180,#4181);
#3800=AXIS2_PLACEMENT_3D('',#5272,#4194,#4195);
#3801=AXIS2_PLACEMENT_3D('',#5274,#4196,#4197);
#3802=AXIS2_PLACEMENT_3D('',#5276,#4199,#4200);
#3803=AXIS2_PLACEMENT_3D('',#5277,#4201,#4202);
#3804=AXIS2_PLACEMENT_3D('',#5281,#4204,#4205);
#3805=AXIS2_PLACEMENT_3D('',#5285,#4207,#4208);
#3806=AXIS2_PLACEMENT_3D('',#5288,#4210,#4211);
#3807=AXIS2_PLACEMENT_3D('',#5330,#4232,#4233);
#3808=AXIS2_PLACEMENT_3D('',#5356,#4246,#4247);
#3809=AXIS2_PLACEMENT_3D('',#5382,#4260,#4261);
#3810=AXIS2_PLACEMENT_3D('',#5384,#4262,#4263);
#3811=AXIS2_PLACEMENT_3D('',#5386,#4265,#4266);
#3812=AXIS2_PLACEMENT_3D('',#5392,#4270,#4271);
#3813=AXIS2_PLACEMENT_3D('',#5394,#4273,#4274);
#3814=AXIS2_PLACEMENT_3D('',#5396,#4276,#4277);
#3815=AXIS2_PLACEMENT_3D('',#5400,#4279,#4280);
#3816=AXIS2_PLACEMENT_3D('',#5401,#4281,#4282);
#3817=AXIS2_PLACEMENT_3D('',#5402,#4283,#4284);
#3818=AXIS2_PLACEMENT_3D('',#5404,#4286,#4287);
#3819=AXIS2_PLACEMENT_3D('',#5406,#4289,#4290);
#3820=AXIS2_PLACEMENT_3D('',#5409,#4292,#4293);
#3821=AXIS2_PLACEMENT_3D('',#5410,#4294,#4295);
#3822=AXIS2_PLACEMENT_3D('',#5412,#4297,#4298);
#3823=AXIS2_PLACEMENT_3D('',#5413,#4299,#4300);
#3824=AXIS2_PLACEMENT_3D('',#5415,#4301,#4302);
#3825=AXIS2_PLACEMENT_3D('',#5421,#4306,#4307);
#3826=AXIS2_PLACEMENT_3D('',#5425,#4310,#4311);
#3827=AXIS2_PLACEMENT_3D('',#5429,#4314,#4315);
#3828=AXIS2_PLACEMENT_3D('',#5431,#4317,#4318);
#3829=AXIS2_PLACEMENT_3D('',#5437,#4322,#4323);
#3830=AXIS2_PLACEMENT_3D('',#5441,#4326,#4327);
#3831=AXIS2_PLACEMENT_3D('',#5445,#4330,#4331);
#3832=AXIS2_PLACEMENT_3D('',#5447,#4333,#4334);
#3833=AXIS2_PLACEMENT_3D('',#5453,#4338,#4339);
#3834=AXIS2_PLACEMENT_3D('',#5457,#4342,#4343);
#3835=AXIS2_PLACEMENT_3D('',#5461,#4346,#4347);
#3836=AXIS2_PLACEMENT_3D('',#5463,#4349,#4350);
#3837=AXIS2_PLACEMENT_3D('',#5469,#4354,#4355);
#3838=AXIS2_PLACEMENT_3D('',#5473,#4358,#4359);
#3839=AXIS2_PLACEMENT_3D('',#5477,#4362,#4363);
#3840=AXIS2_PLACEMENT_3D('',#5479,#4365,#4366);
#3841=AXIS2_PLACEMENT_3D('',#5485,#4370,#4371);
#3842=AXIS2_PLACEMENT_3D('',#5489,#4374,#4375);
#3843=AXIS2_PLACEMENT_3D('',#5493,#4378,#4379);
#3844=AXIS2_PLACEMENT_3D('',#5495,#4381,#4382);
#3845=AXIS2_PLACEMENT_3D('',#5496,#4383,#4384);
#3846=AXIS2_PLACEMENT_3D('',#5498,#4385,#4386);
#3847=AXIS2_PLACEMENT_3D('',#5504,#4390,#4391);
#3848=AXIS2_PLACEMENT_3D('',#5508,#4394,#4395);
#3849=AXIS2_PLACEMENT_3D('',#5512,#4398,#4399);
#3850=AXIS2_PLACEMENT_3D('',#5514,#4401,#4402);
#3851=AXIS2_PLACEMENT_3D('',#5520,#4406,#4407);
#3852=AXIS2_PLACEMENT_3D('',#5524,#4410,#4411);
#3853=AXIS2_PLACEMENT_3D('',#5528,#4414,#4415);
#3854=AXIS2_PLACEMENT_3D('',#5530,#4417,#4418);
#3855=AXIS2_PLACEMENT_3D('',#5536,#4422,#4423);
#3856=AXIS2_PLACEMENT_3D('',#5540,#4426,#4427);
#3857=AXIS2_PLACEMENT_3D('',#5544,#4430,#4431);
#3858=AXIS2_PLACEMENT_3D('',#5546,#4433,#4434);
#3859=AXIS2_PLACEMENT_3D('',#5547,#4435,#4436);
#3860=AXIS2_PLACEMENT_3D('',#5549,#4437,#4438);
#3861=AXIS2_PLACEMENT_3D('',#5555,#4442,#4443);
#3862=AXIS2_PLACEMENT_3D('',#5559,#4446,#4447);
#3863=AXIS2_PLACEMENT_3D('',#5563,#4450,#4451);
#3864=AXIS2_PLACEMENT_3D('',#5565,#4453,#4454);
#3865=AXIS2_PLACEMENT_3D('',#5571,#4458,#4459);
#3866=AXIS2_PLACEMENT_3D('',#5575,#4462,#4463);
#3867=AXIS2_PLACEMENT_3D('',#5579,#4466,#4467);
#3868=AXIS2_PLACEMENT_3D('',#5581,#4469,#4470);
#3869=AXIS2_PLACEMENT_3D('',#5587,#4474,#4475);
#3870=AXIS2_PLACEMENT_3D('',#5591,#4478,#4479);
#3871=AXIS2_PLACEMENT_3D('',#5595,#4482,#4483);
#3872=AXIS2_PLACEMENT_3D('',#5597,#4485,#4486);
#3873=AXIS2_PLACEMENT_3D('',#5598,#4487,#4488);
#3874=AXIS2_PLACEMENT_3D('',#5600,#4489,#4490);
#3875=AXIS2_PLACEMENT_3D('',#5602,#4492,#4493);
#3876=AXIS2_PLACEMENT_3D('',#5604,#4495,#4496);
#3877=AXIS2_PLACEMENT_3D('',#5605,#4497,#4498);
#3878=AXIS2_PLACEMENT_3D('',#5608,#4500,#4501);
#3879=AXIS2_PLACEMENT_3D('',#5610,#4503,#4504);
#3880=AXIS2_PLACEMENT_3D('',#5611,#4505,#4506);
#3881=AXIS2_PLACEMENT_3D('',#5617,#4510,#4511);
#3882=AXIS2_PLACEMENT_3D('',#5621,#4514,#4515);
#3883=AXIS2_PLACEMENT_3D('',#5625,#4518,#4519);
#3884=AXIS2_PLACEMENT_3D('',#5627,#4521,#4522);
#3885=AXIS2_PLACEMENT_3D('',#5633,#4526,#4527);
#3886=AXIS2_PLACEMENT_3D('',#5637,#4530,#4531);
#3887=AXIS2_PLACEMENT_3D('',#5641,#4534,#4535);
#3888=AXIS2_PLACEMENT_3D('',#5643,#4537,#4538);
#3889=AXIS2_PLACEMENT_3D('',#5649,#4542,#4543);
#3890=AXIS2_PLACEMENT_3D('',#5653,#4546,#4547);
#3891=AXIS2_PLACEMENT_3D('',#5657,#4550,#4551);
#3892=AXIS2_PLACEMENT_3D('',#5659,#4553,#4554);
#3893=AXIS2_PLACEMENT_3D('',#5665,#4558,#4559);
#3894=AXIS2_PLACEMENT_3D('',#5669,#4562,#4563);
#3895=AXIS2_PLACEMENT_3D('',#5673,#4566,#4567);
#3896=AXIS2_PLACEMENT_3D('',#5675,#4569,#4570);
#3897=AXIS2_PLACEMENT_3D('',#5681,#4574,#4575);
#3898=AXIS2_PLACEMENT_3D('',#5685,#4578,#4579);
#3899=AXIS2_PLACEMENT_3D('',#5689,#4582,#4583);
#3900=AXIS2_PLACEMENT_3D('',#5691,#4585,#4586);
#3901=AXIS2_PLACEMENT_3D('',#5692,#4587,#4588);
#3902=AXIS2_PLACEMENT_3D('',#5698,#4592,#4593);
#3903=AXIS2_PLACEMENT_3D('',#5702,#4596,#4597);
#3904=AXIS2_PLACEMENT_3D('',#5706,#4600,#4601);
#3905=AXIS2_PLACEMENT_3D('',#5708,#4603,#4604);
#3906=AXIS2_PLACEMENT_3D('',#5714,#4608,#4609);
#3907=AXIS2_PLACEMENT_3D('',#5718,#4612,#4613);
#3908=AXIS2_PLACEMENT_3D('',#5722,#4616,#4617);
#3909=AXIS2_PLACEMENT_3D('',#5724,#4619,#4620);
#3910=AXIS2_PLACEMENT_3D('',#5730,#4624,#4625);
#3911=AXIS2_PLACEMENT_3D('',#5734,#4628,#4629);
#3912=AXIS2_PLACEMENT_3D('',#5738,#4632,#4633);
#3913=AXIS2_PLACEMENT_3D('',#5740,#4635,#4636);
#3914=AXIS2_PLACEMENT_3D('',#5741,#4637,#4638);
#3915=AXIS2_PLACEMENT_3D('',#5747,#4642,#4643);
#3916=AXIS2_PLACEMENT_3D('',#5751,#4646,#4647);
#3917=AXIS2_PLACEMENT_3D('',#5755,#4650,#4651);
#3918=AXIS2_PLACEMENT_3D('',#5757,#4653,#4654);
#3919=AXIS2_PLACEMENT_3D('',#5763,#4658,#4659);
#3920=AXIS2_PLACEMENT_3D('',#5767,#4662,#4663);
#3921=AXIS2_PLACEMENT_3D('',#5771,#4666,#4667);
#3922=AXIS2_PLACEMENT_3D('',#5773,#4669,#4670);
#3923=AXIS2_PLACEMENT_3D('',#5779,#4674,#4675);
#3924=AXIS2_PLACEMENT_3D('',#5783,#4678,#4679);
#3925=AXIS2_PLACEMENT_3D('',#5787,#4682,#4683);
#3926=AXIS2_PLACEMENT_3D('',#5789,#4685,#4686);
#3927=AXIS2_PLACEMENT_3D('',#5790,#4687,#4688);
#3928=AXIS2_PLACEMENT_3D('',#5792,#4690,#4691);
#3929=AXIS2_PLACEMENT_3D('',#5793,#4692,#4693);
#3930=AXIS2_PLACEMENT_3D('',#5796,#4696,#4697);
#3931=AXIS2_PLACEMENT_3D('',#5798,#4699,#4700);
#3932=AXIS2_PLACEMENT_3D('',#5800,#4702,#4703);
#3933=AXIS2_PLACEMENT_3D('',#5801,#4704,#4705);
#3934=AXIS2_PLACEMENT_3D('',#5804,#4708,#4709);
#3935=AXIS2_PLACEMENT_3D('',#5806,#4711,#4712);
#3936=AXIS2_PLACEMENT_3D('',#5808,#4714,#4715);
#3937=AXIS2_PLACEMENT_3D('',#5809,#4716,#4717);
#3938=AXIS2_PLACEMENT_3D('',#5812,#4720,#4721);
#3939=AXIS2_PLACEMENT_3D('',#5814,#4723,#4724);
#3940=AXIS2_PLACEMENT_3D('',#5816,#4726,#4727);
#3941=AXIS2_PLACEMENT_3D('',#5817,#4728,#4729);
#3942=AXIS2_PLACEMENT_3D('',#5820,#4732,#4733);
#3943=AXIS2_PLACEMENT_3D('',#5822,#4735,#4736);
#3944=AXIS2_PLACEMENT_3D('',#5824,#4738,#4739);
#3945=AXIS2_PLACEMENT_3D('',#5825,#4740,#4741);
#3946=AXIS2_PLACEMENT_3D('',#5828,#4744,#4745);
#3947=AXIS2_PLACEMENT_3D('',#5830,#4747,#4748);
#3948=AXIS2_PLACEMENT_3D('',#5832,#4750,#4751);
#3949=AXIS2_PLACEMENT_3D('',#5833,#4752,#4753);
#3950=AXIS2_PLACEMENT_3D('',#5836,#4756,#4757);
#3951=AXIS2_PLACEMENT_3D('',#5838,#4759,#4760);
#3952=AXIS2_PLACEMENT_3D('',#5840,#4762,#4763);
#3953=AXIS2_PLACEMENT_3D('',#5841,#4764,#4765);
#3954=AXIS2_PLACEMENT_3D('',#5844,#4768,#4769);
#3955=AXIS2_PLACEMENT_3D('',#5846,#4771,#4772);
#3956=AXIS2_PLACEMENT_3D('',#5848,#4774,#4775);
#3957=AXIS2_PLACEMENT_3D('',#5849,#4776,#4777);
#3958=AXIS2_PLACEMENT_3D('',#5852,#4780,#4781);
#3959=AXIS2_PLACEMENT_3D('',#5854,#4783,#4784);
#3960=AXIS2_PLACEMENT_3D('',#5856,#4786,#4787);
#3961=AXIS2_PLACEMENT_3D('',#5857,#4788,#4789);
#3962=AXIS2_PLACEMENT_3D('',#5860,#4792,#4793);
#3963=AXIS2_PLACEMENT_3D('',#5862,#4795,#4796);
#3964=AXIS2_PLACEMENT_3D('',#5864,#4798,#4799);
#3965=AXIS2_PLACEMENT_3D('',#5865,#4800,#4801);
#3966=AXIS2_PLACEMENT_3D('',#5868,#4804,#4805);
#3967=AXIS2_PLACEMENT_3D('',#5870,#4807,#4808);
#3968=AXIS2_PLACEMENT_3D('',#5872,#4810,#4811);
#3969=AXIS2_PLACEMENT_3D('',#5873,#4812,#4813);
#3970=AXIS2_PLACEMENT_3D('',#5876,#4816,#4817);
#3971=AXIS2_PLACEMENT_3D('',#5878,#4819,#4820);
#3972=AXIS2_PLACEMENT_3D('',#5880,#4822,#4823);
#3973=AXIS2_PLACEMENT_3D('',#5881,#4824,#4825);
#3974=AXIS2_PLACEMENT_3D('',#5882,#4826,#4827);
#3975=AXIS2_PLACEMENT_3D('',#5891,#4832,#4833);
#3976=AXIS2_PLACEMENT_3D('',#5892,#4834,#4835);
#3977=AXIS2_PLACEMENT_3D('',#5896,#4837,#4838);
#3978=AXIS2_PLACEMENT_3D('',#5897,#4839,#4840);
#3979=AXIS2_PLACEMENT_3D('',#5903,#4844,#4845);
#3980=AXIS2_PLACEMENT_3D('',#5909,#4849,#4850);
#3981=AXIS2_PLACEMENT_3D('',#5910,#4851,#4852);
#3982=AXIS2_PLACEMENT_3D('',#5914,#4854,#4855);
#3983=AXIS2_PLACEMENT_3D('',#5915,#4856,#4857);
#3984=AXIS2_PLACEMENT_3D('',#5918,#4859,#4860);
#3985=AXIS2_PLACEMENT_3D('',#5919,#4861,#4862);
#3986=AXIS2_PLACEMENT_3D('',#5920,#4863,#4864);
#3987=AXIS2_PLACEMENT_3D('',#5923,#4866,#4867);
#3988=AXIS2_PLACEMENT_3D('',#5929,#4871,#4872);
#3989=AXIS2_PLACEMENT_3D('',#5930,#4873,#4874);
#3990=AXIS2_PLACEMENT_3D('',#5934,#4876,#4877);
#3991=AXIS2_PLACEMENT_3D('',#5938,#4879,#4880);
#3992=AXIS2_PLACEMENT_3D('',#5941,#4882,#4883);
#3993=AXIS2_PLACEMENT_3D('',#5946,#4885,#4886);
#3994=AXIS2_PLACEMENT_3D('',#5950,#4888,#4889);
#3995=AXIS2_PLACEMENT_3D('',#5954,#4891,#4892);
#3996=AXIS2_PLACEMENT_3D('',#5957,#4894,#4895);
#3997=AXIS2_PLACEMENT_3D('',#5959,#4897,#4898);
#3998=AXIS2_PLACEMENT_3D('',#5962,#4900,#4901);
#3999=AXIS2_PLACEMENT_3D('',#5966,#4903,#4904);
#4000=AXIS2_PLACEMENT_3D('',#5970,#4906,#4907);
#4001=AXIS2_PLACEMENT_3D('',#5971,#4908,#4909);
#4002=AXIS2_PLACEMENT_3D('',#5973,#4911,#4912);
#4003=AXIS2_PLACEMENT_3D('',#5987,#4920,#4921);
#4004=AXIS2_PLACEMENT_3D('',#5989,#4923,#4924);
#4005=AXIS2_PLACEMENT_3D('',#5991,#4926,#4927);
#4006=AXIS2_PLACEMENT_3D('',#5995,#4929,#4930);
#4007=AXIS2_PLACEMENT_3D('',#5996,#4931,#4932);
#4008=AXIS2_PLACEMENT_3D('',#5997,#4933,#4934);
#4009=AXIS2_PLACEMENT_3D('',#5999,#4936,#4937);
#4010=AXIS2_PLACEMENT_3D('',#6001,#4939,#4940);
#4011=AXIS2_PLACEMENT_3D('',#6002,#4941,#4942);
#4012=AXIS2_PLACEMENT_3D('',#6005,#4944,#4945);
#4013=AXIS2_PLACEMENT_3D('',#6007,#4947,#4948);
#4014=AXIS2_PLACEMENT_3D('',#6010,#4950,#4951);
#4015=AXIS2_PLACEMENT_3D('',#6013,#4953,#4954);
#4016=AXIS2_PLACEMENT_3D('',#6025,#4961,#4962);
#4017=AXIS2_PLACEMENT_3D('',#6028,#4964,#4965);
#4018=AXIS2_PLACEMENT_3D('',#6029,#4966,#4967);
#4019=AXIS2_PLACEMENT_3D('',#6033,#4970,#4971);
#4020=AXIS2_PLACEMENT_3D('',#6036,#4973,#4974);
#4021=AXIS2_PLACEMENT_3D('',#6037,#4975,#4976);
#4022=AXIS2_PLACEMENT_3D('',#6041,#4979,#4980);
#4023=AXIS2_PLACEMENT_3D('',#6044,#4982,#4983);
#4024=AXIS2_PLACEMENT_3D('',#6045,#4984,#4985);
#4025=AXIS2_PLACEMENT_3D('',#6047,#4987,#4988);
#4026=AXIS2_PLACEMENT_3D('',#6049,#4990,#4991);
#4027=AXIS2_PLACEMENT_3D('',#6051,#4993,#4994);
#4028=AXIS2_PLACEMENT_3D('',#6054,#4996,#4997);
#4029=AXIS2_PLACEMENT_3D('',#6055,#4998,#4999);
#4030=AXIS2_PLACEMENT_3D('',#6057,#5001,#5002);
#4031=AXIS2_PLACEMENT_3D('',#6059,#5004,#5005);
#4032=AXIS2_PLACEMENT_3D('',#6062,#5008,#5009);
#4033=AXIS2_PLACEMENT_3D('',#6064,#5011,#5012);
#4034=AXIS2_PLACEMENT_3D('',#6066,#5014,#5015);
#4035=AXIS2_PLACEMENT_3D('',#6067,#5016,#5017);
#4036=AXIS2_PLACEMENT_3D('',#6068,#5018,#5019);
#4037=AXIS2_PLACEMENT_3D('',#6069,#5020,#5021);
#4038=AXIS2_PLACEMENT_3D('',#6071,#5022,#5023);
#4039=AXIS2_PLACEMENT_3D('',#6073,#5024,#5025);
#4040=AXIS2_PLACEMENT_3D('',#6075,#5026,#5027);
#4041=AXIS2_PLACEMENT_3D('',#6077,#5028,#5029);
#4042=AXIS2_PLACEMENT_3D('',#6078,#5030,#5031);
#4043=AXIS2_PLACEMENT_3D('',#6080,#5032,#5033);
#4044=AXIS2_PLACEMENT_3D('',#6081,#5034,#5035);
#4045=AXIS2_PLACEMENT_3D('',#6083,#5036,#5037);
#4046=AXIS2_PLACEMENT_3D('',#6084,#5038,#5039);
#4047=AXIS2_PLACEMENT_3D('',#6086,#5040,#5041);
#4048=AXIS2_PLACEMENT_3D('',#6087,#5042,#5043);
#4049=AXIS2_PLACEMENT_3D('',#6089,#5044,#5045);
#4050=AXIS2_PLACEMENT_3D('',#6090,#5046,#5047);
#4051=AXIS2_PLACEMENT_3D('',#6092,#5048,#5049);
#4052=AXIS2_PLACEMENT_3D('',#6093,#5050,#5051);
#4053=AXIS2_PLACEMENT_3D('',#6095,#5052,#5053);
#4054=AXIS2_PLACEMENT_3D('',#6096,#5054,#5055);
#4055=AXIS2_PLACEMENT_3D('',#6098,#5056,#5057);
#4056=AXIS2_PLACEMENT_3D('',#6099,#5058,#5059);
#4057=AXIS2_PLACEMENT_3D('',#6101,#5060,#5061);
#4058=AXIS2_PLACEMENT_3D('',#6102,#5062,#5063);
#4059=AXIS2_PLACEMENT_3D('',#6104,#5064,#5065);
#4060=AXIS2_PLACEMENT_3D('',#6105,#5066,#5067);
#4061=AXIS2_PLACEMENT_3D('',#6107,#5068,#5069);
#4062=AXIS2_PLACEMENT_3D('',#6108,#5070,#5071);
#4063=AXIS2_PLACEMENT_3D('',#6110,#5072,#5073);
#4064=AXIS2_PLACEMENT_3D('',#6111,#5074,#5075);
#4065=AXIS2_PLACEMENT_3D('',#6113,#5076,#5077);
#4066=AXIS2_PLACEMENT_3D('',#6114,#5078,#5079);
#4067=AXIS2_PLACEMENT_3D('',#6116,#5080,#5081);
#4068=AXIS2_PLACEMENT_3D('',#6117,#5082,#5083);
#4069=AXIS2_PLACEMENT_3D('',#6119,#5084,#5085);
#4070=AXIS2_PLACEMENT_3D('',#6120,#5086,#5087);
#4071=AXIS2_PLACEMENT_3D('',#6122,#5088,#5089);
#4072=AXIS2_PLACEMENT_3D('',#6123,#5090,#5091);
#4073=AXIS2_PLACEMENT_3D('',#6125,#5092,#5093);
#4074=AXIS2_PLACEMENT_3D('',#6126,#5094,#5095);
#4075=AXIS2_PLACEMENT_3D('',#6128,#5096,#5097);
#4076=AXIS2_PLACEMENT_3D('',#6129,#5098,#5099);
#4077=AXIS2_PLACEMENT_3D('',#6131,#5100,#5101);
#4078=AXIS2_PLACEMENT_3D('',#6132,#5102,#5103);
#4079=AXIS2_PLACEMENT_3D('',#6134,#5104,#5105);
#4080=AXIS2_PLACEMENT_3D('',#6135,#5106,#5107);
#4081=AXIS2_PLACEMENT_3D('',#6137,#5108,#5109);
#4082=AXIS2_PLACEMENT_3D('',#6138,#5110,#5111);
#4083=AXIS2_PLACEMENT_3D('',#6139,#5112,#5113);
#4084=AXIS2_PLACEMENT_3D('',#6140,#5114,#5115);
#4085=AXIS2_PLACEMENT_3D('',#6141,#5116,#5117);
#4086=DIRECTION('',(0.,0.,1.));
#4087=DIRECTION('',(1.,0.,0.));
#4088=DIRECTION('',(0.,1.,0.));
#4089=DIRECTION('',(1.,0.,0.));
#4090=DIRECTION('',(1.,0.,0.));
#4091=DIRECTION('',(0.,0.,-1.));
#4092=DIRECTION('',(-1.,0.,0.));
#4093=DIRECTION('',(0.,0.,1.));
#4094=DIRECTION('',(0.,0.,1.));
#4095=DIRECTION('',(0.,-1.,0.));
#4096=DIRECTION('',(0.,0.,-1.));
#4097=DIRECTION('',(-1.,0.,0.));
#4098=DIRECTION('',(0.,0.,-1.));
#4099=DIRECTION('',(0.,0.,1.));
#4100=DIRECTION('',(1.,0.,0.));
#4101=DIRECTION('',(6.94998726654755E-18,-0.707106781186548,-0.707106781186548));
#4102=DIRECTION('',(-1.,-4.91438312533593E-18,-4.91438312533593E-18));
#4103=DIRECTION('',(-1.,-4.91438312533593E-18,-4.91438312533593E-18));
#4104=DIRECTION('',(0.,-0.707106781186231,0.707106781186865));
#4105=DIRECTION('',(0.,0.707106781186548,-0.707106781186548));
#4106=DIRECTION('',(0.,0.707106781186548,-0.707106781186548));
#4107=DIRECTION('',(-1.,0.,0.));
#4108=DIRECTION('',(1.29893408435266E-16,-0.707106781186231,-0.707106781186865));
#4109=DIRECTION('',(0.,0.707106781186548,0.707106781186548));
#4110=DIRECTION('',(1.,0.,0.));
#4111=DIRECTION('',(0.,0.,1.));
#4112=DIRECTION('',(0.,-1.,0.));
#4113=DIRECTION('',(0.,0.,1.));
#4114=DIRECTION('',(1.,0.,0.));
#4115=DIRECTION('',(0.,0.,1.));
#4116=DIRECTION('',(0.,0.,-1.));
#4117=DIRECTION('',(-1.,0.,0.));
#4118=DIRECTION('',(0.,0.,1.));
#4119=DIRECTION('',(-1.,0.,0.));
#4120=DIRECTION('',(0.,0.,1.));
#4121=DIRECTION('',(1.,0.,0.));
#4122=DIRECTION('',(-0.707106781186231,0.,0.707106781186865));
#4123=DIRECTION('',(0.,0.,-1.));
#4124=DIRECTION('',(-1.,0.,0.));
#4125=DIRECTION('',(0.707106781186548,0.,0.707106781186548));
#4126=DIRECTION('',(0.,0.,-1.));
#4127=DIRECTION('',(-1.,0.,0.));
#4128=DIRECTION('',(1.,0.,0.));
#4129=DIRECTION('',(0.,-1.,0.));
#4130=DIRECTION('',(0.,-1.,0.));
#4131=DIRECTION('',(0.,1.,0.));
#4132=DIRECTION('',(0.,0.,1.));
#4133=DIRECTION('',(0.,0.,1.));
#4134=DIRECTION('',(1.,0.,0.));
#4135=DIRECTION('',(-4.91438312533593E-18,1.,-4.91438312533593E-18));
#4136=DIRECTION('',(0.,0.,1.));
#4137=DIRECTION('',(1.,0.,0.));
#4138=DIRECTION('',(1.,4.91438312533593E-18,-4.91438312533593E-18));
#4139=DIRECTION('',(0.,0.,1.));
#4140=DIRECTION('',(1.,0.,0.));
#4141=DIRECTION('',(4.91438312533593E-18,-1.,-4.91438312533593E-18));
#4142=DIRECTION('',(0.,0.,1.));
#4143=DIRECTION('',(1.,0.,0.));
#4144=DIRECTION('',(0.,0.,-1.));
#4145=DIRECTION('',(-1.,0.,0.));
#4146=DIRECTION('',(-1.,4.91438312533593E-18,4.91438312533593E-18));
#4147=DIRECTION('',(-4.91438312533593E-18,-1.,4.91438312533593E-18));
#4148=DIRECTION('',(1.,-4.91438312533593E-18,4.91438312533593E-18));
#4149=DIRECTION('',(4.91438312533593E-18,1.,4.91438312533593E-18));
#4150=DIRECTION('',(-1.,4.91438312533593E-18,4.91438312533593E-18));
#4151=DIRECTION('',(-4.91438312533593E-18,-1.,4.91438312533593E-18));
#4152=DIRECTION('',(1.,-4.91438312533593E-18,4.91438312533593E-18));
#4153=DIRECTION('',(-2.45719156266796E-18,1.,-2.45719156266796E-18));
#4154=DIRECTION('',(-1.,2.45719156266796E-18,2.45719156266796E-18));
#4155=DIRECTION('',(-4.91438312533593E-18,-1.,4.91438312533593E-18));
#4156=DIRECTION('',(1.,-4.91438312533593E-18,4.91438312533593E-18));
#4157=DIRECTION('',(4.91438312533593E-18,1.,4.91438312533593E-18));
#4158=DIRECTION('',(-1.,2.45719156266796E-18,2.45719156266796E-18));
#4159=DIRECTION('',(-4.91438312533593E-18,-1.,4.91438312533593E-18));
#4160=DIRECTION('',(1.,-4.91438312533593E-18,4.91438312533593E-18));
#4161=DIRECTION('',(-2.45719156266796E-18,1.,-2.45719156266796E-18));
#4162=DIRECTION('',(-1.,4.91438312533593E-18,4.91438312533593E-18));
#4163=DIRECTION('',(0.,-1.,0.));
#4164=DIRECTION('',(1.,-4.91438312533593E-18,4.91438312533593E-18));
#4165=DIRECTION('',(-2.45719156266796E-18,1.,-2.45719156266796E-18));
#4166=DIRECTION('',(0.,0.,-1.));
#4167=DIRECTION('',(-1.,0.,0.));
#4168=DIRECTION('',(-1.,2.45719156266796E-18,2.45719156266796E-18));
#4169=DIRECTION('',(0.,-1.,0.));
#4170=DIRECTION('',(1.,-4.91438312533593E-18,4.91438312533593E-18));
#4171=DIRECTION('',(-2.45719156266796E-18,1.,-2.45719156266796E-18));
#4172=DIRECTION('',(-1.,4.91438312533593E-18,4.91438312533593E-18));
#4173=DIRECTION('',(-4.91438312533593E-18,-1.,4.91438312533593E-18));
#4174=DIRECTION('',(1.,-2.45719156266796E-18,2.45719156266796E-18));
#4175=DIRECTION('',(4.91438312533593E-18,1.,4.91438312533593E-18));
#4176=DIRECTION('',(-1.,4.91438312533593E-18,4.91438312533593E-18));
#4177=DIRECTION('',(-4.91438312533593E-18,-1.,4.91438312533593E-18));
#4178=DIRECTION('',(1.,-2.45719156266796E-18,2.45719156266796E-18));
#4179=DIRECTION('',(-2.45719156266796E-18,1.,-2.45719156266796E-18));
#4180=DIRECTION('',(0.,0.,-1.));
#4181=DIRECTION('',(-1.,0.,0.));
#4182=DIRECTION('',(-1.,2.45719156266796E-18,2.45719156266796E-18));
#4183=DIRECTION('',(-4.91438312533593E-18,-1.,4.91438312533593E-18));
#4184=DIRECTION('',(1.,-4.91438312533593E-18,4.91438312533593E-18));
#4185=DIRECTION('',(2.45719156266796E-18,1.,2.45719156266796E-18));
#4186=DIRECTION('',(-1.,4.91438312533593E-18,4.91438312533593E-18));
#4187=DIRECTION('',(0.,-1.,0.));
#4188=DIRECTION('',(1.,-2.45719156266796E-18,2.45719156266796E-18));
#4189=DIRECTION('',(-2.45719156266796E-18,1.,-2.45719156266796E-18));
#4190=DIRECTION('',(-1.,2.45719156266796E-18,2.45719156266796E-18));
#4191=DIRECTION('',(2.45719156266796E-18,-1.,-2.45719156266796E-18));
#4192=DIRECTION('',(1.,-2.45719156266796E-18,2.45719156266796E-18));
#4193=DIRECTION('',(4.91438312533593E-18,1.,4.91438312533593E-18));
#4194=DIRECTION('',(0.,0.,-1.));
#4195=DIRECTION('',(-1.,0.,0.));
#4196=DIRECTION('',(0.,0.,1.));
#4197=DIRECTION('',(0.,-1.,0.));
#4198=DIRECTION('',(-0.707106781186548,0.,-0.707106781186548));
#4199=DIRECTION('',(0.,0.,1.));
#4200=DIRECTION('',(1.,0.,0.));
#4201=DIRECTION('',(0.,0.,-1.));
#4202=DIRECTION('',(-1.,0.,0.));
#4203=DIRECTION('',(0.,1.,0.));
#4204=DIRECTION('',(0.,0.,-1.));
#4205=DIRECTION('',(-1.,0.,0.));
#4206=DIRECTION('',(1.,0.,0.));
#4207=DIRECTION('',(0.,0.,-1.));
#4208=DIRECTION('',(-1.,0.,0.));
#4209=DIRECTION('',(0.,1.,0.));
#4210=DIRECTION('',(0.,0.,1.));
#4211=DIRECTION('',(1.,0.,0.));
#4212=DIRECTION('',(0.,1.,0.));
#4213=DIRECTION('',(1.,0.,0.));
#4214=DIRECTION('',(0.,1.,0.));
#4215=DIRECTION('',(1.,0.,0.));
#4216=DIRECTION('',(0.,1.,0.));
#4217=DIRECTION('',(1.,0.,0.));
#4218=DIRECTION('',(0.,1.,0.));
#4219=DIRECTION('',(1.,0.,0.));
#4220=DIRECTION('',(0.,1.,0.));
#4221=DIRECTION('',(1.,0.,0.));
#4222=DIRECTION('',(0.,1.,0.));
#4223=DIRECTION('',(1.,0.,0.));
#4224=DIRECTION('',(0.,1.,0.));
#4225=DIRECTION('',(1.,0.,0.));
#4226=DIRECTION('',(0.,1.,0.));
#4227=DIRECTION('',(1.,0.,0.));
#4228=DIRECTION('',(0.,1.,0.));
#4229=DIRECTION('',(1.,0.,0.));
#4230=DIRECTION('',(0.,1.,0.));
#4231=DIRECTION('',(1.,0.,0.));
#4232=DIRECTION('',(0.,0.,1.));
#4233=DIRECTION('',(1.,0.,0.));
#4234=DIRECTION('',(0.,1.,0.));
#4235=DIRECTION('',(1.,0.,0.));
#4236=DIRECTION('',(0.,1.,0.));
#4237=DIRECTION('',(1.,0.,0.));
#4238=DIRECTION('',(0.,1.,0.));
#4239=DIRECTION('',(1.,0.,0.));
#4240=DIRECTION('',(0.,1.,0.));
#4241=DIRECTION('',(1.,0.,0.));
#4242=DIRECTION('',(0.,1.,0.));
#4243=DIRECTION('',(1.,0.,0.));
#4244=DIRECTION('',(0.,1.,0.));
#4245=DIRECTION('',(1.,0.,0.));
#4246=DIRECTION('',(0.,0.,1.));
#4247=DIRECTION('',(1.,0.,0.));
#4248=DIRECTION('',(0.,1.,0.));
#4249=DIRECTION('',(1.,0.,0.));
#4250=DIRECTION('',(0.,1.,0.));
#4251=DIRECTION('',(1.,0.,0.));
#4252=DIRECTION('',(0.,1.,0.));
#4253=DIRECTION('',(1.,0.,0.));
#4254=DIRECTION('',(0.,1.,0.));
#4255=DIRECTION('',(1.,0.,0.));
#4256=DIRECTION('',(0.,1.,0.));
#4257=DIRECTION('',(1.,0.,0.));
#4258=DIRECTION('',(0.,1.,0.));
#4259=DIRECTION('',(1.,0.,0.));
#4260=DIRECTION('',(0.,0.,1.));
#4261=DIRECTION('',(1.,0.,0.));
#4262=DIRECTION('',(0.,0.,-1.));
#4263=DIRECTION('',(0.,-1.,0.));
#4264=DIRECTION('',(0.707106781186231,1.29893408435266E-16,-0.707106781186865));
#4265=DIRECTION('',(-1.,0.,0.));
#4266=DIRECTION('',(0.,1.,0.));
#4267=DIRECTION('',(0.,1.,0.));
#4268=DIRECTION('',(0.,0.,-1.));
#4269=DIRECTION('',(0.,-1.,0.));
#4270=DIRECTION('',(-0.707106781186548,-6.94998726654755E-18,-0.707106781186548));
#4271=DIRECTION('',(-4.91438312533593E-18,1.,-4.91438312533593E-18));
#4272=DIRECTION('',(0.707106781186548,0.,-0.707106781186548));
#4273=DIRECTION('',(0.707106781186548,0.,-0.707106781186548));
#4274=DIRECTION('',(0.,1.,0.));
#4275=DIRECTION('',(-0.707106781186231,-1.29893408435266E-16,-0.707106781186865));
#4276=DIRECTION('',(0.,0.,1.));
#4277=DIRECTION('',(0.,1.,0.));
#4278=DIRECTION('',(0.,0.,-1.));
#4279=DIRECTION('',(0.,0.,1.));
#4280=DIRECTION('',(1.,0.,0.));
#4281=DIRECTION('',(0.,0.,-1.));
#4282=DIRECTION('',(-1.,0.,0.));
#4283=DIRECTION('',(0.707106781186548,6.94998726654755E-18,-0.707106781186548));
#4284=DIRECTION('',(4.91438312533593E-18,-1.,-4.91438312533593E-18));
#4285=DIRECTION('',(0.707106781186231,0.,0.707106781186865));
#4286=DIRECTION('',(0.,0.,1.));
#4287=DIRECTION('',(0.,1.,0.));
#4288=DIRECTION('',(0.,0.707106781186231,0.707106781186865));
#4289=DIRECTION('',(0.,0.,1.));
#4290=DIRECTION('',(1.,0.,0.));
#4291=DIRECTION('',(0.,-0.707106781186548,-0.707106781186548));
#4292=DIRECTION('',(0.,0.,1.));
#4293=DIRECTION('',(1.,0.,0.));
#4294=DIRECTION('',(-6.94998726654755E-18,0.707106781186548,-0.707106781186548));
#4295=DIRECTION('',(1.,4.91438312533593E-18,-4.91438312533593E-18));
#4296=DIRECTION('',(-1.,0.,0.));
#4297=DIRECTION('',(0.,0.,-1.));
#4298=DIRECTION('',(-1.,0.,0.));
#4299=DIRECTION('',(0.,0.,1.));
#4300=DIRECTION('',(1.,0.,0.));
#4301=DIRECTION('',(0.707106781186548,-6.94998726654755E-18,0.707106781186548));
#4302=DIRECTION('',(4.91438312533593E-18,1.,4.91438312533593E-18));
#4303=DIRECTION('',(-0.577350269189626,-0.577350269189626,0.577350269189626));
#4304=DIRECTION('',(-0.577350269189625,0.577350269189625,0.577350269189628));
#4305=DIRECTION('',(0.,1.,0.));
#4306=DIRECTION('',(6.94998726654755E-18,0.707106781186548,0.707106781186548));
#4307=DIRECTION('',(-1.,4.91438312533593E-18,4.91438312533593E-18));
#4308=DIRECTION('',(0.577350269189624,-0.577350269189629,0.577350269189625));
#4309=DIRECTION('',(-1.,0.,0.));
#4310=DIRECTION('',(-6.94998726654755E-18,-0.707106781186548,0.707106781186548));
#4311=DIRECTION('',(1.,-4.91438312533593E-18,4.91438312533593E-18));
#4312=DIRECTION('',(0.577350269189621,0.577350269189631,0.577350269189626));
#4313=DIRECTION('',(1.,0.,0.));
#4314=DIRECTION('',(-0.707106781186548,6.94998726654755E-18,0.707106781186548));
#4315=DIRECTION('',(-4.91438312533593E-18,-1.,4.91438312533593E-18));
#4316=DIRECTION('',(0.,-1.,0.));
#4317=DIRECTION('',(0.707106781186548,3.47499363327377E-18,0.707106781186548));
#4318=DIRECTION('',(-2.45719156266796E-18,1.,-2.45719156266796E-18));
#4319=DIRECTION('',(-0.577350269189624,-0.577350269189627,0.577350269189627));
#4320=DIRECTION('',(-0.577350269189627,0.577350269189623,0.577350269189627));
#4321=DIRECTION('',(0.,1.,0.));
#4322=DIRECTION('',(6.94998726654755E-18,0.707106781186548,0.707106781186548));
#4323=DIRECTION('',(-1.,4.91438312533593E-18,4.91438312533593E-18));
#4324=DIRECTION('',(0.577350269189626,-0.577350269189626,0.577350269189625));
#4325=DIRECTION('',(-1.,0.,0.));
#4326=DIRECTION('',(-6.94998726654755E-18,-0.707106781186548,0.707106781186548));
#4327=DIRECTION('',(1.,-4.91438312533593E-18,4.91438312533593E-18));
#4328=DIRECTION('',(0.577350269189621,0.577350269189631,0.577350269189626));
#4329=DIRECTION('',(1.,0.,0.));
#4330=DIRECTION('',(-0.707106781186548,6.94998726654755E-18,0.707106781186548));
#4331=DIRECTION('',(-4.91438312533593E-18,-1.,4.91438312533593E-18));
#4332=DIRECTION('',(0.,-1.,0.));
#4333=DIRECTION('',(0.707106781186548,-6.94998726654755E-18,0.707106781186548));
#4334=DIRECTION('',(4.91438312533593E-18,1.,4.91438312533593E-18));
#4335=DIRECTION('',(-0.577350269189627,-0.577350269189625,0.577350269189625));
#4336=DIRECTION('',(-0.577350269189623,0.577350269189628,0.577350269189626));
#4337=DIRECTION('',(0.,1.,0.));
#4338=DIRECTION('',(3.47499363327377E-18,0.707106781186548,0.707106781186548));
#4339=DIRECTION('',(-1.,2.45719156266796E-18,2.45719156266796E-18));
#4340=DIRECTION('',(0.577350269189624,-0.577350269189627,0.577350269189627));
#4341=DIRECTION('',(-1.,0.,0.));
#4342=DIRECTION('',(-6.94998726654755E-18,-0.707106781186548,0.707106781186548));
#4343=DIRECTION('',(1.,-4.91438312533593E-18,4.91438312533593E-18));
#4344=DIRECTION('',(0.577350269189625,0.577350269189625,0.577350269189627));
#4345=DIRECTION('',(1.,0.,0.));
#4346=DIRECTION('',(-0.707106781186548,6.94998726654755E-18,0.707106781186548));
#4347=DIRECTION('',(-4.91438312533593E-18,-1.,4.91438312533593E-18));
#4348=DIRECTION('',(0.,-1.,0.));
#4349=DIRECTION('',(0.707106781186548,3.47499363327377E-18,0.707106781186548));
#4350=DIRECTION('',(-2.45719156266796E-18,1.,-2.45719156266796E-18));
#4351=DIRECTION('',(-0.577350269189625,-0.577350269189626,0.577350269189626));
#4352=DIRECTION('',(-0.577350269189626,0.577350269189627,0.577350269189625));
#4353=DIRECTION('',(0.,1.,0.));
#4354=DIRECTION('',(3.47499363327377E-18,0.707106781186548,0.707106781186548));
#4355=DIRECTION('',(-1.,2.45719156266796E-18,2.45719156266796E-18));
#4356=DIRECTION('',(0.577350269189627,-0.577350269189624,0.577350269189627));
#4357=DIRECTION('',(-1.,0.,0.));
#4358=DIRECTION('',(-6.94998726654755E-18,-0.707106781186548,0.707106781186548));
#4359=DIRECTION('',(1.,-4.91438312533593E-18,4.91438312533593E-18));
#4360=DIRECTION('',(0.577350269189625,0.577350269189625,0.577350269189627));
#4361=DIRECTION('',(1.,0.,0.));
#4362=DIRECTION('',(-0.707106781186548,6.94998726654755E-18,0.707106781186548));
#4363=DIRECTION('',(-4.91438312533593E-18,-1.,4.91438312533593E-18));
#4364=DIRECTION('',(0.,-1.,0.));
#4365=DIRECTION('',(0.707106781186548,3.47499363327377E-18,0.707106781186548));
#4366=DIRECTION('',(-2.45719156266796E-18,1.,-2.45719156266796E-18));
#4367=DIRECTION('',(-0.577350269189624,-0.577350269189626,0.577350269189627));
#4368=DIRECTION('',(-0.577350269189628,0.577350269189623,0.577350269189627));
#4369=DIRECTION('',(0.,1.,0.));
#4370=DIRECTION('',(6.94998726654755E-18,0.707106781186548,0.707106781186548));
#4371=DIRECTION('',(-1.,4.91438312533593E-18,4.91438312533593E-18));
#4372=DIRECTION('',(0.577350269189625,-0.577350269189627,0.577350269189625));
#4373=DIRECTION('',(-1.,0.,0.));
#4374=DIRECTION('',(-6.94998726654755E-18,-0.707106781186548,0.707106781186548));
#4375=DIRECTION('',(1.,-4.91438312533593E-18,4.91438312533593E-18));
#4376=DIRECTION('',(0.577350269189623,0.57735026918963,0.577350269189625));
#4377=DIRECTION('',(1.,0.,0.));
#4378=DIRECTION('',(-0.707106781186548,0.,0.707106781186548));
#4379=DIRECTION('',(0.,-1.,0.));
#4380=DIRECTION('',(0.,-1.,0.));
#4381=DIRECTION('',(0.,0.,-1.));
#4382=DIRECTION('',(-1.,0.,0.));
#4383=DIRECTION('',(0.,0.,1.));
#4384=DIRECTION('',(1.,0.,0.));
#4385=DIRECTION('',(0.707106781186548,3.47499363327377E-18,0.707106781186548));
#4386=DIRECTION('',(-2.45719156266796E-18,1.,-2.45719156266796E-18));
#4387=DIRECTION('',(-0.577350269189625,-0.577350269189627,0.577350269189626));
#4388=DIRECTION('',(-0.577350269189626,0.577350269189626,0.577350269189625));
#4389=DIRECTION('',(0.,1.,0.));
#4390=DIRECTION('',(3.47499363327377E-18,0.707106781186548,0.707106781186548));
#4391=DIRECTION('',(-1.,2.45719156266796E-18,2.45719156266796E-18));
#4392=DIRECTION('',(0.577350269189626,-0.577350269189625,0.577350269189626));
#4393=DIRECTION('',(-1.,0.,0.));
#4394=DIRECTION('',(-6.94998726654755E-18,-0.707106781186548,0.707106781186548));
#4395=DIRECTION('',(1.,-4.91438312533593E-18,4.91438312533593E-18));
#4396=DIRECTION('',(0.577350269189627,0.577350269189624,0.577350269189626));
#4397=DIRECTION('',(1.,0.,0.));
#4398=DIRECTION('',(-0.707106781186548,0.,0.707106781186548));
#4399=DIRECTION('',(0.,-1.,0.));
#4400=DIRECTION('',(0.,-1.,0.));
#4401=DIRECTION('',(0.707106781186548,-6.94998726654755E-18,0.707106781186548));
#4402=DIRECTION('',(4.91438312533593E-18,1.,4.91438312533593E-18));
#4403=DIRECTION('',(-0.577350269189628,-0.577350269189623,0.577350269189626));
#4404=DIRECTION('',(-0.577350269189624,0.577350269189627,0.577350269189627));
#4405=DIRECTION('',(0.,1.,0.));
#4406=DIRECTION('',(6.94998726654755E-18,0.707106781186548,0.707106781186548));
#4407=DIRECTION('',(-1.,4.91438312533593E-18,4.91438312533593E-18));
#4408=DIRECTION('',(0.577350269189624,-0.577350269189629,0.577350269189625));
#4409=DIRECTION('',(-1.,0.,0.));
#4410=DIRECTION('',(-3.47499363327377E-18,-0.707106781186548,0.707106781186548));
#4411=DIRECTION('',(1.,-2.45719156266796E-18,2.45719156266796E-18));
#4412=DIRECTION('',(0.577350269189623,0.577350269189627,0.577350269189627));
#4413=DIRECTION('',(1.,0.,0.));
#4414=DIRECTION('',(-0.707106781186548,6.94998726654755E-18,0.707106781186548));
#4415=DIRECTION('',(-4.91438312533593E-18,-1.,4.91438312533593E-18));
#4416=DIRECTION('',(0.,-1.,0.));
#4417=DIRECTION('',(0.707106781186548,3.47499363327377E-18,0.707106781186548));
#4418=DIRECTION('',(-2.45719156266796E-18,1.,-2.45719156266796E-18));
#4419=DIRECTION('',(-0.577350269189627,-0.577350269189624,0.577350269189627));
#4420=DIRECTION('',(-0.577350269189626,0.577350269189625,0.577350269189626));
#4421=DIRECTION('',(0.,1.,0.));
#4422=DIRECTION('',(6.94998726654755E-18,0.707106781186548,0.707106781186548));
#4423=DIRECTION('',(-1.,4.91438312533593E-18,4.91438312533593E-18));
#4424=DIRECTION('',(0.577350269189626,-0.577350269189626,0.577350269189625));
#4425=DIRECTION('',(-1.,0.,0.));
#4426=DIRECTION('',(-3.47499363327377E-18,-0.707106781186548,0.707106781186548));
#4427=DIRECTION('',(1.,-2.45719156266796E-18,2.45719156266796E-18));
#4428=DIRECTION('',(0.577350269189623,0.577350269189627,0.577350269189627));
#4429=DIRECTION('',(1.,0.,0.));
#4430=DIRECTION('',(-0.707106781186548,6.94998726654755E-18,0.707106781186548));
#4431=DIRECTION('',(-4.91438312533593E-18,-1.,4.91438312533593E-18));
#4432=DIRECTION('',(0.,-1.,0.));
#4433=DIRECTION('',(0.,0.,-1.));
#4434=DIRECTION('',(-1.,0.,0.));
#4435=DIRECTION('',(0.,0.,1.));
#4436=DIRECTION('',(1.,0.,0.));
#4437=DIRECTION('',(0.707106781186548,-3.47499363327377E-18,0.707106781186548));
#4438=DIRECTION('',(2.45719156266796E-18,1.,2.45719156266796E-18));
#4439=DIRECTION('',(-0.577350269189625,-0.577350269189625,0.577350269189628));
#4440=DIRECTION('',(-0.577350269189626,0.577350269189627,0.577350269189625));
#4441=DIRECTION('',(0.,1.,0.));
#4442=DIRECTION('',(3.47499363327377E-18,0.707106781186548,0.707106781186548));
#4443=DIRECTION('',(-1.,2.45719156266796E-18,2.45719156266796E-18));
#4444=DIRECTION('',(0.577350269189622,-0.577350269189632,0.577350269189623));
#4445=DIRECTION('',(-1.,0.,0.));
#4446=DIRECTION('',(-6.94998726654755E-18,-0.707106781186548,0.707106781186548));
#4447=DIRECTION('',(1.,-4.91438312533593E-18,4.91438312533593E-18));
#4448=DIRECTION('',(0.577350269189623,0.577350269189628,0.577350269189627));
#4449=DIRECTION('',(1.,0.,0.));
#4450=DIRECTION('',(-0.707106781186548,6.94998726654755E-18,0.707106781186548));
#4451=DIRECTION('',(-4.91438312533593E-18,-1.,4.91438312533593E-18));
#4452=DIRECTION('',(0.,-1.,0.));
#4453=DIRECTION('',(0.707106781186548,3.47499363327377E-18,0.707106781186548));
#4454=DIRECTION('',(-2.45719156266796E-18,1.,-2.45719156266796E-18));
#4455=DIRECTION('',(-0.577350269189626,-0.577350269189624,0.577350269189627));
#4456=DIRECTION('',(-0.577350269189627,0.577350269189624,0.577350269189626));
#4457=DIRECTION('',(0.,1.,0.));
#4458=DIRECTION('',(6.94998726654755E-18,0.707106781186548,0.707106781186548));
#4459=DIRECTION('',(-1.,4.91438312533593E-18,4.91438312533593E-18));
#4460=DIRECTION('',(0.577350269189625,-0.577350269189627,0.577350269189625));
#4461=DIRECTION('',(-1.,0.,0.));
#4462=DIRECTION('',(-3.47499363327377E-18,-0.707106781186548,0.707106781186548));
#4463=DIRECTION('',(1.,-2.45719156266796E-18,2.45719156266796E-18));
#4464=DIRECTION('',(0.577350269189625,0.577350269189626,0.577350269189626));
#4465=DIRECTION('',(1.,0.,0.));
#4466=DIRECTION('',(-0.707106781186548,0.,0.707106781186548));
#4467=DIRECTION('',(0.,-1.,0.));
#4468=DIRECTION('',(0.,-1.,0.));
#4469=DIRECTION('',(0.707106781186548,-6.94998726654755E-18,0.707106781186548));
#4470=DIRECTION('',(4.91438312533593E-18,1.,4.91438312533593E-18));
#4471=DIRECTION('',(-0.577350269189625,-0.577350269189625,0.577350269189628));
#4472=DIRECTION('',(-0.577350269189626,0.577350269189626,0.577350269189626));
#4473=DIRECTION('',(0.,1.,0.));
#4474=DIRECTION('',(3.47499363327377E-18,0.707106781186548,0.707106781186548));
#4475=DIRECTION('',(-1.,2.45719156266796E-18,2.45719156266796E-18));
#4476=DIRECTION('',(0.577350269189627,-0.577350269189624,0.577350269189626));
#4477=DIRECTION('',(-1.,0.,0.));
#4478=DIRECTION('',(-3.47499363327377E-18,-0.707106781186548,0.707106781186548));
#4479=DIRECTION('',(1.,-2.45719156266796E-18,2.45719156266796E-18));
#4480=DIRECTION('',(0.577350269189626,0.577350269189626,0.577350269189626));
#4481=DIRECTION('',(1.,0.,0.));
#4482=DIRECTION('',(-0.707106781186548,-3.47499363327377E-18,0.707106781186548));
#4483=DIRECTION('',(2.45719156266796E-18,-1.,-2.45719156266796E-18));
#4484=DIRECTION('',(0.,-1.,0.));
#4485=DIRECTION('',(0.,0.,-1.));
#4486=DIRECTION('',(-1.,0.,0.));
#4487=DIRECTION('',(0.,0.,1.));
#4488=DIRECTION('',(1.,0.,0.));
#4489=DIRECTION('',(-0.707106781186548,0.,-0.707106781186548));
#4490=DIRECTION('',(0.,-1.,0.));
#4491=DIRECTION('',(-0.707106781186548,0.,0.707106781186548));
#4492=DIRECTION('',(0.,0.,-1.));
#4493=DIRECTION('',(0.,1.,0.));
#4494=DIRECTION('',(0.,-0.707106781186548,0.707106781186548));
#4495=DIRECTION('',(0.,0.,-1.));
#4496=DIRECTION('',(1.,0.,0.));
#4497=DIRECTION('',(0.,0.,-1.));
#4498=DIRECTION('',(-1.,0.,0.));
#4499=DIRECTION('',(-1.29893408435266E-16,0.707106781186231,-0.707106781186865));
#4500=DIRECTION('',(0.,-0.707106781186548,-0.707106781186548));
#4501=DIRECTION('',(1.,0.,0.));
#4502=DIRECTION('',(1.,0.,0.));
#4503=DIRECTION('',(0.,0.,1.));
#4504=DIRECTION('',(-1.,0.,0.));
#4505=DIRECTION('',(-0.707106781186548,0.,0.707106781186548));
#4506=DIRECTION('',(0.,1.,0.));
#4507=DIRECTION('',(0.,1.,0.));
#4508=DIRECTION('',(-0.577350269189625,0.577350269189625,-0.577350269189627));
#4509=DIRECTION('',(-0.577350269189623,-0.577350269189628,-0.577350269189626));
#4510=DIRECTION('',(0.,-0.707106781186548,0.707106781186548));
#4511=DIRECTION('',(-1.,0.,0.));
#4512=DIRECTION('',(-1.,0.,0.));
#4513=DIRECTION('',(0.577350269189622,-0.577350269189627,-0.577350269189627));
#4514=DIRECTION('',(0.,0.707106781186548,0.707106781186548));
#4515=DIRECTION('',(1.,0.,0.));
#4516=DIRECTION('',(1.,0.,0.));
#4517=DIRECTION('',(0.577350269189625,0.577350269189625,-0.577350269189627));
#4518=DIRECTION('',(0.707106781186548,0.,0.707106781186548));
#4519=DIRECTION('',(0.,-1.,0.));
#4520=DIRECTION('',(0.,-1.,0.));
#4521=DIRECTION('',(-0.707106781186548,0.,0.707106781186548));
#4522=DIRECTION('',(0.,1.,0.));
#4523=DIRECTION('',(0.,1.,0.));
#4524=DIRECTION('',(-0.577350269189627,0.577350269189624,-0.577350269189627));
#4525=DIRECTION('',(-0.577350269189626,-0.577350269189627,-0.577350269189625));
#4526=DIRECTION('',(0.,-0.707106781186548,0.707106781186548));
#4527=DIRECTION('',(-1.,0.,0.));
#4528=DIRECTION('',(-1.,0.,0.));
#4529=DIRECTION('',(0.577350269189626,-0.577350269189626,-0.577350269189626));
#4530=DIRECTION('',(0.,0.707106781186548,0.707106781186548));
#4531=DIRECTION('',(1.,0.,0.));
#4532=DIRECTION('',(1.,0.,0.));
#4533=DIRECTION('',(0.577350269189627,0.577350269189622,-0.577350269189627));
#4534=DIRECTION('',(0.707106781186548,0.,0.707106781186548));
#4535=DIRECTION('',(0.,-1.,0.));
#4536=DIRECTION('',(0.,-1.,0.));
#4537=DIRECTION('',(-0.707106781186548,0.,0.707106781186548));
#4538=DIRECTION('',(0.,1.,0.));
#4539=DIRECTION('',(0.,1.,0.));
#4540=DIRECTION('',(-0.577350269189625,0.577350269189625,-0.577350269189627));
#4541=DIRECTION('',(-0.577350269189624,-0.577350269189627,-0.577350269189626));
#4542=DIRECTION('',(0.,-0.707106781186548,0.707106781186548));
#4543=DIRECTION('',(-1.,0.,0.));
#4544=DIRECTION('',(-1.,0.,0.));
#4545=DIRECTION('',(0.577350269189623,-0.577350269189627,-0.577350269189627));
#4546=DIRECTION('',(0.,0.707106781186548,0.707106781186548));
#4547=DIRECTION('',(1.,0.,0.));
#4548=DIRECTION('',(1.,0.,0.));
#4549=DIRECTION('',(0.577350269189625,0.577350269189625,-0.577350269189627));
#4550=DIRECTION('',(0.707106781186548,0.,0.707106781186548));
#4551=DIRECTION('',(0.,-1.,0.));
#4552=DIRECTION('',(0.,-1.,0.));
#4553=DIRECTION('',(-0.707106781186548,0.,0.707106781186548));
#4554=DIRECTION('',(0.,1.,0.));
#4555=DIRECTION('',(0.,1.,0.));
#4556=DIRECTION('',(-0.577350269189627,0.577350269189624,-0.577350269189627));
#4557=DIRECTION('',(-0.577350269189626,-0.577350269189626,-0.577350269189626));
#4558=DIRECTION('',(0.,-0.707106781186548,0.707106781186548));
#4559=DIRECTION('',(-1.,0.,0.));
#4560=DIRECTION('',(-1.,0.,0.));
#4561=DIRECTION('',(0.577350269189627,-0.577350269189626,-0.577350269189625));
#4562=DIRECTION('',(0.,0.707106781186548,0.707106781186548));
#4563=DIRECTION('',(1.,0.,0.));
#4564=DIRECTION('',(1.,0.,0.));
#4565=DIRECTION('',(0.577350269189627,0.577350269189622,-0.577350269189627));
#4566=DIRECTION('',(0.707106781186548,0.,0.707106781186548));
#4567=DIRECTION('',(0.,-1.,0.));
#4568=DIRECTION('',(0.,-1.,0.));
#4569=DIRECTION('',(-0.707106781186548,0.,0.707106781186548));
#4570=DIRECTION('',(0.,1.,0.));
#4571=DIRECTION('',(0.,1.,0.));
#4572=DIRECTION('',(-0.577350269189628,0.577350269189623,-0.577350269189626));
#4573=DIRECTION('',(-0.577350269189625,-0.577350269189627,-0.577350269189626));
#4574=DIRECTION('',(0.,-0.707106781186548,0.707106781186548));
#4575=DIRECTION('',(-1.,0.,0.));
#4576=DIRECTION('',(-1.,0.,0.));
#4577=DIRECTION('',(0.577350269189625,-0.577350269189626,-0.577350269189626));
#4578=DIRECTION('',(0.,0.707106781186548,0.707106781186548));
#4579=DIRECTION('',(1.,0.,0.));
#4580=DIRECTION('',(1.,0.,0.));
#4581=DIRECTION('',(0.577350269189627,0.577350269189623,-0.577350269189627));
#4582=DIRECTION('',(0.707106781186548,3.47499363327377E-18,0.707106781186548));
#4583=DIRECTION('',(2.45719156266796E-18,-1.,2.45719156266796E-18));
#4584=DIRECTION('',(2.45719156266796E-18,-1.,2.45719156266796E-18));
#4585=DIRECTION('',(0.,0.,1.));
#4586=DIRECTION('',(-1.,0.,0.));
#4587=DIRECTION('',(-0.707106781186548,0.,0.707106781186548));
#4588=DIRECTION('',(0.,1.,0.));
#4589=DIRECTION('',(0.,1.,0.));
#4590=DIRECTION('',(-0.577350269189628,0.577350269189623,-0.577350269189626));
#4591=DIRECTION('',(-0.577350269189625,-0.577350269189626,-0.577350269189626));
#4592=DIRECTION('',(0.,-0.707106781186548,0.707106781186548));
#4593=DIRECTION('',(-1.,0.,0.));
#4594=DIRECTION('',(-1.,0.,0.));
#4595=DIRECTION('',(0.577350269189626,-0.577350269189626,-0.577350269189626));
#4596=DIRECTION('',(0.,0.707106781186548,0.707106781186548));
#4597=DIRECTION('',(1.,0.,0.));
#4598=DIRECTION('',(1.,0.,0.));
#4599=DIRECTION('',(0.577350269189627,0.577350269189623,-0.577350269189627));
#4600=DIRECTION('',(0.707106781186548,3.47499363327377E-18,0.707106781186548));
#4601=DIRECTION('',(2.45719156266796E-18,-1.,2.45719156266796E-18));
#4602=DIRECTION('',(2.45719156266796E-18,-1.,2.45719156266796E-18));
#4603=DIRECTION('',(-0.707106781186548,0.,0.707106781186548));
#4604=DIRECTION('',(0.,1.,0.));
#4605=DIRECTION('',(0.,1.,0.));
#4606=DIRECTION('',(-0.577350269189623,0.577350269189627,-0.577350269189627));
#4607=DIRECTION('',(-0.577350269189625,-0.577350269189625,-0.577350269189627));
#4608=DIRECTION('',(0.,-0.707106781186548,0.707106781186548));
#4609=DIRECTION('',(-1.,0.,0.));
#4610=DIRECTION('',(-1.,0.,0.));
#4611=DIRECTION('',(0.577350269189625,-0.577350269189625,-0.577350269189627));
#4612=DIRECTION('',(0.,0.707106781186548,0.707106781186548));
#4613=DIRECTION('',(1.,0.,0.));
#4614=DIRECTION('',(1.,0.,0.));
#4615=DIRECTION('',(0.577350269189624,0.577350269189627,-0.577350269189626));
#4616=DIRECTION('',(0.707106781186548,0.,0.707106781186548));
#4617=DIRECTION('',(0.,-1.,0.));
#4618=DIRECTION('',(0.,-1.,0.));
#4619=DIRECTION('',(-0.707106781186548,0.,0.707106781186548));
#4620=DIRECTION('',(0.,1.,0.));
#4621=DIRECTION('',(0.,1.,0.));
#4622=DIRECTION('',(-0.577350269189625,0.577350269189626,-0.577350269189626));
#4623=DIRECTION('',(-0.577350269189627,-0.577350269189624,-0.577350269189627));
#4624=DIRECTION('',(0.,-0.707106781186548,0.707106781186548));
#4625=DIRECTION('',(-1.,0.,0.));
#4626=DIRECTION('',(-1.,0.,0.));
#4627=DIRECTION('',(0.577350269189628,-0.577350269189623,-0.577350269189626));
#4628=DIRECTION('',(0.,0.707106781186548,0.707106781186548));
#4629=DIRECTION('',(1.,0.,0.));
#4630=DIRECTION('',(1.,0.,0.));
#4631=DIRECTION('',(0.577350269189626,0.577350269189625,-0.577350269189626));
#4632=DIRECTION('',(0.707106781186548,0.,0.707106781186548));
#4633=DIRECTION('',(0.,-1.,0.));
#4634=DIRECTION('',(0.,-1.,0.));
#4635=DIRECTION('',(0.,0.,1.));
#4636=DIRECTION('',(-1.,0.,0.));
#4637=DIRECTION('',(-0.707106781186548,0.,0.707106781186548));
#4638=DIRECTION('',(0.,1.,0.));
#4639=DIRECTION('',(0.,1.,0.));
#4640=DIRECTION('',(-0.577350269189627,0.577350269189624,-0.577350269189626));
#4641=DIRECTION('',(-0.577350269189627,-0.577350269189623,-0.577350269189627));
#4642=DIRECTION('',(0.,-0.707106781186548,0.707106781186548));
#4643=DIRECTION('',(-1.,0.,0.));
#4644=DIRECTION('',(-1.,0.,0.));
#4645=DIRECTION('',(0.577350269189625,-0.577350269189625,-0.577350269189627));
#4646=DIRECTION('',(0.,0.707106781186548,0.707106781186548));
#4647=DIRECTION('',(1.,0.,0.));
#4648=DIRECTION('',(1.,0.,0.));
#4649=DIRECTION('',(0.577350269189625,0.577350269189625,-0.577350269189627));
#4650=DIRECTION('',(0.707106781186548,0.,0.707106781186548));
#4651=DIRECTION('',(0.,-1.,0.));
#4652=DIRECTION('',(0.,-1.,0.));
#4653=DIRECTION('',(-0.707106781186548,0.,0.707106781186548));
#4654=DIRECTION('',(0.,1.,0.));
#4655=DIRECTION('',(0.,1.,0.));
#4656=DIRECTION('',(-0.577350269189627,0.577350269189625,-0.577350269189626));
#4657=DIRECTION('',(-0.577350269189626,-0.577350269189624,-0.577350269189628));
#4658=DIRECTION('',(0.,-0.707106781186548,0.707106781186548));
#4659=DIRECTION('',(-1.,0.,0.));
#4660=DIRECTION('',(-1.,0.,0.));
#4661=DIRECTION('',(0.577350269189627,-0.577350269189624,-0.577350269189626));
#4662=DIRECTION('',(0.,0.707106781186548,0.707106781186548));
#4663=DIRECTION('',(1.,0.,0.));
#4664=DIRECTION('',(1.,0.,0.));
#4665=DIRECTION('',(0.577350269189626,0.577350269189626,-0.577350269189626));
#4666=DIRECTION('',(0.707106781186548,3.47499363327377E-18,0.707106781186548));
#4667=DIRECTION('',(2.45719156266796E-18,-1.,2.45719156266796E-18));
#4668=DIRECTION('',(2.45719156266796E-18,-1.,2.45719156266796E-18));
#4669=DIRECTION('',(-0.707106781186548,0.,0.707106781186548));
#4670=DIRECTION('',(0.,1.,0.));
#4671=DIRECTION('',(0.,1.,0.));
#4672=DIRECTION('',(-0.577350269189626,0.577350269189626,-0.577350269189626));
#4673=DIRECTION('',(-0.577350269189627,-0.577350269189622,-0.577350269189627));
#4674=DIRECTION('',(0.,-0.707106781186548,0.707106781186548));
#4675=DIRECTION('',(-1.,0.,0.));
#4676=DIRECTION('',(-1.,0.,0.));
#4677=DIRECTION('',(0.577350269189628,-0.577350269189624,-0.577350269189626));
#4678=DIRECTION('',(0.,0.707106781186548,0.707106781186548));
#4679=DIRECTION('',(1.,0.,0.));
#4680=DIRECTION('',(1.,0.,0.));
#4681=DIRECTION('',(0.577350269189626,0.577350269189626,-0.577350269189625));
#4682=DIRECTION('',(0.707106781186548,0.,0.707106781186548));
#4683=DIRECTION('',(0.,-1.,0.));
#4684=DIRECTION('',(0.,-1.,0.));
#4685=DIRECTION('',(0.,0.,1.));
#4686=DIRECTION('',(-1.,0.,0.));
#4687=DIRECTION('',(0.,0.,1.));
#4688=DIRECTION('',(1.,0.,0.));
#4689=DIRECTION('',(0.,0.,1.));
#4690=DIRECTION('',(0.,-1.,0.));
#4691=DIRECTION('',(-1.,0.,0.));
#4692=DIRECTION('',(-1.,0.,0.));
#4693=DIRECTION('',(0.,1.,0.));
#4694=DIRECTION('',(0.,0.,-1.));
#4695=DIRECTION('',(0.,0.,-1.));
#4696=DIRECTION('',(0.,-1.,0.));
#4697=DIRECTION('',(-1.,0.,0.));
#4698=DIRECTION('',(0.,0.,-1.));
#4699=DIRECTION('',(0.,1.,0.));
#4700=DIRECTION('',(1.,0.,0.));
#4701=DIRECTION('',(0.,0.,-1.));
#4702=DIRECTION('',(1.,0.,0.));
#4703=DIRECTION('',(0.,-1.,0.));
#4704=DIRECTION('',(-1.,0.,0.));
#4705=DIRECTION('',(0.,1.,0.));
#4706=DIRECTION('',(0.,0.,-1.));
#4707=DIRECTION('',(0.,0.,-1.));
#4708=DIRECTION('',(0.,-1.,0.));
#4709=DIRECTION('',(-1.,0.,0.));
#4710=DIRECTION('',(0.,0.,-1.));
#4711=DIRECTION('',(0.,1.,0.));
#4712=DIRECTION('',(1.,0.,0.));
#4713=DIRECTION('',(0.,0.,-1.));
#4714=DIRECTION('',(1.,0.,0.));
#4715=DIRECTION('',(0.,-1.,0.));
#4716=DIRECTION('',(-1.,0.,0.));
#4717=DIRECTION('',(0.,1.,0.));
#4718=DIRECTION('',(0.,0.,-1.));
#4719=DIRECTION('',(0.,0.,-1.));
#4720=DIRECTION('',(0.,-1.,0.));
#4721=DIRECTION('',(-1.,0.,0.));
#4722=DIRECTION('',(0.,0.,-1.));
#4723=DIRECTION('',(0.,1.,0.));
#4724=DIRECTION('',(1.,0.,0.));
#4725=DIRECTION('',(0.,0.,-1.));
#4726=DIRECTION('',(1.,0.,0.));
#4727=DIRECTION('',(0.,-1.,0.));
#4728=DIRECTION('',(-1.,0.,0.));
#4729=DIRECTION('',(0.,1.,0.));
#4730=DIRECTION('',(0.,0.,-1.));
#4731=DIRECTION('',(0.,0.,-1.));
#4732=DIRECTION('',(0.,-1.,0.));
#4733=DIRECTION('',(-1.,0.,0.));
#4734=DIRECTION('',(0.,0.,-1.));
#4735=DIRECTION('',(0.,1.,0.));
#4736=DIRECTION('',(1.,0.,0.));
#4737=DIRECTION('',(0.,0.,-1.));
#4738=DIRECTION('',(1.,0.,0.));
#4739=DIRECTION('',(0.,-1.,0.));
#4740=DIRECTION('',(-1.,0.,0.));
#4741=DIRECTION('',(0.,1.,0.));
#4742=DIRECTION('',(0.,0.,-1.));
#4743=DIRECTION('',(0.,0.,-1.));
#4744=DIRECTION('',(0.,-1.,0.));
#4745=DIRECTION('',(-1.,0.,0.));
#4746=DIRECTION('',(0.,0.,-1.));
#4747=DIRECTION('',(0.,1.,0.));
#4748=DIRECTION('',(1.,0.,0.));
#4749=DIRECTION('',(0.,0.,-1.));
#4750=DIRECTION('',(1.,0.,0.));
#4751=DIRECTION('',(0.,-1.,0.));
#4752=DIRECTION('',(-1.,0.,0.));
#4753=DIRECTION('',(0.,1.,0.));
#4754=DIRECTION('',(0.,0.,-1.));
#4755=DIRECTION('',(0.,0.,-1.));
#4756=DIRECTION('',(0.,-1.,0.));
#4757=DIRECTION('',(-1.,0.,0.));
#4758=DIRECTION('',(0.,0.,-1.));
#4759=DIRECTION('',(0.,1.,0.));
#4760=DIRECTION('',(1.,0.,0.));
#4761=DIRECTION('',(0.,0.,-1.));
#4762=DIRECTION('',(1.,0.,0.));
#4763=DIRECTION('',(0.,-1.,0.));
#4764=DIRECTION('',(-1.,0.,0.));
#4765=DIRECTION('',(0.,1.,0.));
#4766=DIRECTION('',(0.,0.,-1.));
#4767=DIRECTION('',(0.,0.,-1.));
#4768=DIRECTION('',(0.,-1.,0.));
#4769=DIRECTION('',(-1.,0.,0.));
#4770=DIRECTION('',(0.,0.,-1.));
#4771=DIRECTION('',(0.,1.,0.));
#4772=DIRECTION('',(1.,0.,0.));
#4773=DIRECTION('',(0.,0.,-1.));
#4774=DIRECTION('',(1.,0.,0.));
#4775=DIRECTION('',(0.,-1.,0.));
#4776=DIRECTION('',(-1.,0.,0.));
#4777=DIRECTION('',(0.,1.,0.));
#4778=DIRECTION('',(0.,0.,-1.));
#4779=DIRECTION('',(0.,0.,-1.));
#4780=DIRECTION('',(0.,-1.,0.));
#4781=DIRECTION('',(-1.,0.,0.));
#4782=DIRECTION('',(0.,0.,-1.));
#4783=DIRECTION('',(0.,1.,0.));
#4784=DIRECTION('',(1.,0.,0.));
#4785=DIRECTION('',(0.,0.,-1.));
#4786=DIRECTION('',(1.,0.,0.));
#4787=DIRECTION('',(0.,-1.,0.));
#4788=DIRECTION('',(-1.,0.,0.));
#4789=DIRECTION('',(0.,1.,0.));
#4790=DIRECTION('',(0.,0.,-1.));
#4791=DIRECTION('',(0.,0.,-1.));
#4792=DIRECTION('',(0.,-1.,0.));
#4793=DIRECTION('',(-1.,0.,0.));
#4794=DIRECTION('',(0.,0.,-1.));
#4795=DIRECTION('',(0.,1.,0.));
#4796=DIRECTION('',(1.,0.,0.));
#4797=DIRECTION('',(0.,0.,-1.));
#4798=DIRECTION('',(1.,0.,0.));
#4799=DIRECTION('',(0.,-1.,0.));
#4800=DIRECTION('',(-1.,0.,0.));
#4801=DIRECTION('',(0.,1.,0.));
#4802=DIRECTION('',(0.,0.,-1.));
#4803=DIRECTION('',(0.,0.,-1.));
#4804=DIRECTION('',(0.,-1.,0.));
#4805=DIRECTION('',(-1.,0.,0.));
#4806=DIRECTION('',(0.,0.,-1.));
#4807=DIRECTION('',(0.,1.,0.));
#4808=DIRECTION('',(1.,0.,0.));
#4809=DIRECTION('',(0.,0.,-1.));
#4810=DIRECTION('',(1.,0.,0.));
#4811=DIRECTION('',(0.,-1.,0.));
#4812=DIRECTION('',(-1.,0.,0.));
#4813=DIRECTION('',(0.,1.,0.));
#4814=DIRECTION('',(0.,0.,-1.));
#4815=DIRECTION('',(0.,0.,-1.));
#4816=DIRECTION('',(0.,-1.,0.));
#4817=DIRECTION('',(-1.,0.,0.));
#4818=DIRECTION('',(0.,0.,-1.));
#4819=DIRECTION('',(0.,1.,0.));
#4820=DIRECTION('',(1.,0.,0.));
#4821=DIRECTION('',(0.,0.,-1.));
#4822=DIRECTION('',(1.,0.,0.));
#4823=DIRECTION('',(0.,-1.,0.));
#4824=DIRECTION('',(0.,0.,1.));
#4825=DIRECTION('',(1.,0.,0.));
#4826=DIRECTION('',(0.,1.,0.));
#4827=DIRECTION('',(1.,0.,0.));
#4828=DIRECTION('',(1.,0.,0.));
#4829=DIRECTION('',(0.,0.,-1.));
#4830=DIRECTION('',(-1.,0.,0.));
#4831=DIRECTION('',(0.,0.,1.));
#4832=DIRECTION('',(0.,0.,1.));
#4833=DIRECTION('',(0.,-1.,0.));
#4834=DIRECTION('',(0.,0.,-1.));
#4835=DIRECTION('',(-1.,0.,0.));
#4836=DIRECTION('',(0.,0.,-1.));
#4837=DIRECTION('',(0.,0.,1.));
#4838=DIRECTION('',(1.,0.,0.));
#4839=DIRECTION('',(0.,0.707106781186548,-0.707106781186548));
#4840=DIRECTION('',(-1.,0.,0.));
#4841=DIRECTION('',(1.29893408435266E-16,-0.707106781186231,-0.707106781186865));
#4842=DIRECTION('',(0.,0.707106781186548,0.707106781186548));
#4843=DIRECTION('',(1.,0.,0.));
#4844=DIRECTION('',(0.,-0.707106781186548,-0.707106781186548));
#4845=DIRECTION('',(-1.,0.,0.));
#4846=DIRECTION('',(-1.,0.,0.));
#4847=DIRECTION('',(0.,-0.707106781186231,0.707106781186865));
#4848=DIRECTION('',(0.,0.707106781186548,-0.707106781186548));
#4849=DIRECTION('',(0.,0.,1.));
#4850=DIRECTION('',(0.,-1.,0.));
#4851=DIRECTION('',(0.,0.,1.));
#4852=DIRECTION('',(1.,0.,0.));
#4853=DIRECTION('',(0.,0.,1.));
#4854=DIRECTION('',(0.,0.,-1.));
#4855=DIRECTION('',(-1.,0.,0.));
#4856=DIRECTION('',(0.,0.,-1.));
#4857=DIRECTION('',(-1.,0.,0.));
#4858=DIRECTION('',(0.707106781186548,0.,0.707106781186548));
#4859=DIRECTION('',(0.,0.,-1.));
#4860=DIRECTION('',(-1.,0.,0.));
#4861=DIRECTION('',(0.,0.,1.));
#4862=DIRECTION('',(-1.,0.,0.));
#4863=DIRECTION('',(0.,0.,1.));
#4864=DIRECTION('',(1.,0.,0.));
#4865=DIRECTION('',(-0.707106781186231,0.,0.707106781186865));
#4866=DIRECTION('',(1.,0.,0.));
#4867=DIRECTION('',(0.,-1.,0.));
#4868=DIRECTION('',(0.,-1.,0.));
#4869=DIRECTION('',(0.,1.,0.));
#4870=DIRECTION('',(0.,0.,1.));
#4871=DIRECTION('',(0.,0.,1.));
#4872=DIRECTION('',(1.,0.,0.));
#4873=DIRECTION('',(0.,0.,-1.));
#4874=DIRECTION('',(-1.,0.,0.));
#4875=DIRECTION('',(0.,1.,0.));
#4876=DIRECTION('',(0.,0.,-1.));
#4877=DIRECTION('',(-1.,0.,0.));
#4878=DIRECTION('',(1.,0.,0.));
#4879=DIRECTION('',(0.,0.,-1.));
#4880=DIRECTION('',(-1.,0.,0.));
#4881=DIRECTION('',(0.,1.,0.));
#4882=DIRECTION('',(0.,0.,1.));
#4883=DIRECTION('',(1.,0.,0.));
#4884=DIRECTION('',(1.,0.,0.));
#4885=DIRECTION('',(0.,0.,1.));
#4886=DIRECTION('',(1.,0.,0.));
#4887=DIRECTION('',(0.,1.,0.));
#4888=DIRECTION('',(0.,0.,1.));
#4889=DIRECTION('',(1.,0.,0.));
#4890=DIRECTION('',(1.,0.,0.));
#4891=DIRECTION('',(0.,0.,1.));
#4892=DIRECTION('',(1.,0.,0.));
#4893=DIRECTION('',(0.,1.,0.));
#4894=DIRECTION('',(0.,0.,-1.));
#4895=DIRECTION('',(0.,-1.,0.));
#4896=DIRECTION('',(0.707106781186231,1.29893408435266E-16,-0.707106781186865));
#4897=DIRECTION('',(0.,0.,1.));
#4898=DIRECTION('',(1.,0.,0.));
#4899=DIRECTION('',(0.,1.,0.));
#4900=DIRECTION('',(0.,0.,1.));
#4901=DIRECTION('',(1.,0.,0.));
#4902=DIRECTION('',(1.,0.,0.));
#4903=DIRECTION('',(0.,0.,1.));
#4904=DIRECTION('',(1.,0.,0.));
#4905=DIRECTION('',(0.,-1.,0.));
#4906=DIRECTION('',(0.,0.,1.));
#4907=DIRECTION('',(1.,0.,0.));
#4908=DIRECTION('',(0.,0.,1.));
#4909=DIRECTION('',(0.,-1.,0.));
#4910=DIRECTION('',(-0.707106781186548,0.,-0.707106781186548));
#4911=DIRECTION('',(-1.,0.,0.));
#4912=DIRECTION('',(0.,1.,0.));
#4913=DIRECTION('',(0.,1.,0.));
#4914=DIRECTION('',(0.,0.,-1.));
#4915=DIRECTION('',(0.,-1.,0.));
#4916=DIRECTION('',(0.,-1.,0.));
#4917=DIRECTION('',(0.,0.,1.));
#4918=DIRECTION('',(0.,1.,0.));
#4919=DIRECTION('',(0.,0.,-1.));
#4920=DIRECTION('',(0.707106781186548,0.,-0.707106781186548));
#4921=DIRECTION('',(0.,1.,0.));
#4922=DIRECTION('',(-0.707106781186231,-1.29893408435266E-16,-0.707106781186865));
#4923=DIRECTION('',(-0.707106781186548,0.,-0.707106781186548));
#4924=DIRECTION('',(0.,1.,0.));
#4925=DIRECTION('',(0.707106781186548,0.,-0.707106781186548));
#4926=DIRECTION('',(0.,0.,1.));
#4927=DIRECTION('',(0.,1.,0.));
#4928=DIRECTION('',(0.,0.,-1.));
#4929=DIRECTION('',(0.,0.,1.));
#4930=DIRECTION('',(1.,0.,0.));
#4931=DIRECTION('',(0.,0.,-1.));
#4932=DIRECTION('',(-1.,0.,0.));
#4933=DIRECTION('',(-0.707106781186548,0.,-0.707106781186548));
#4934=DIRECTION('',(0.,-1.,0.));
#4935=DIRECTION('',(-0.707106781186548,0.,0.707106781186548));
#4936=DIRECTION('',(0.,0.,-1.));
#4937=DIRECTION('',(0.,1.,0.));
#4938=DIRECTION('',(0.,-0.707106781186548,0.707106781186548));
#4939=DIRECTION('',(0.,0.,-1.));
#4940=DIRECTION('',(1.,0.,0.));
#4941=DIRECTION('',(0.,0.,-1.));
#4942=DIRECTION('',(-1.,0.,0.));
#4943=DIRECTION('',(-1.29893408435266E-16,0.707106781186231,-0.707106781186865));
#4944=DIRECTION('',(0.,-0.707106781186548,-0.707106781186548));
#4945=DIRECTION('',(1.,0.,0.));
#4946=DIRECTION('',(1.,0.,0.));
#4947=DIRECTION('',(0.,0.,1.));
#4948=DIRECTION('',(0.,-1.,0.));
#4949=DIRECTION('',(0.,0.,1.));
#4950=DIRECTION('',(0.,0.,1.));
#4951=DIRECTION('',(1.,0.,0.));
#4952=DIRECTION('',(0.,0.,1.));
#4953=DIRECTION('',(-1.,0.,0.));
#4954=DIRECTION('',(0.,1.,0.));
#4955=DIRECTION('',(0.,0.,-1.));
#4956=DIRECTION('',(0.,1.,0.));
#4957=DIRECTION('',(0.,0.,-1.));
#4958=DIRECTION('',(0.,1.,0.));
#4959=DIRECTION('',(0.,0.,-1.));
#4960=DIRECTION('',(0.,1.,0.));
#4961=DIRECTION('',(0.,0.,1.));
#4962=DIRECTION('',(1.,0.,0.));
#4963=DIRECTION('',(0.,0.,1.));
#4964=DIRECTION('',(0.,0.,1.));
#4965=DIRECTION('',(1.,0.,0.));
#4966=DIRECTION('',(0.,-1.,0.));
#4967=DIRECTION('',(-1.,0.,0.));
#4968=DIRECTION('',(0.,0.,-1.));
#4969=DIRECTION('',(1.,0.,0.));
#4970=DIRECTION('',(0.,0.,1.));
#4971=DIRECTION('',(0.,1.,0.));
#4972=DIRECTION('',(0.,0.,1.));
#4973=DIRECTION('',(0.,0.,1.));
#4974=DIRECTION('',(1.,0.,0.));
#4975=DIRECTION('',(1.,0.,0.));
#4976=DIRECTION('',(0.,-1.,0.));
#4977=DIRECTION('',(0.,0.,-1.));
#4978=DIRECTION('',(0.,1.,0.));
#4979=DIRECTION('',(0.,0.,1.));
#4980=DIRECTION('',(0.,-1.,0.));
#4981=DIRECTION('',(0.,0.,1.));
#4982=DIRECTION('',(0.,0.,1.));
#4983=DIRECTION('',(1.,0.,0.));
#4984=DIRECTION('',(0.,1.,0.));
#4985=DIRECTION('',(1.,0.,0.));
#4986=DIRECTION('',(1.,0.,0.));
#4987=DIRECTION('',(0.707106781186548,0.,-0.707106781186548));
#4988=DIRECTION('',(0.,-1.,0.));
#4989=DIRECTION('',(0.707106781186231,0.,0.707106781186865));
#4990=DIRECTION('',(0.,0.,1.));
#4991=DIRECTION('',(0.,1.,0.));
#4992=DIRECTION('',(0.,0.707106781186231,0.707106781186865));
#4993=DIRECTION('',(0.,0.,1.));
#4994=DIRECTION('',(1.,0.,0.));
#4995=DIRECTION('',(0.,-0.707106781186548,-0.707106781186548));
#4996=DIRECTION('',(0.,0.,1.));
#4997=DIRECTION('',(1.,0.,0.));
#4998=DIRECTION('',(0.,0.707106781186548,-0.707106781186548));
#4999=DIRECTION('',(1.,0.,0.));
#5000=DIRECTION('',(-1.,0.,0.));
#5001=DIRECTION('',(0.,0.,1.));
#5002=DIRECTION('',(1.,0.,0.));
#5003=DIRECTION('',(0.,0.,1.));
#5004=DIRECTION('',(0.,1.,0.));
#5005=DIRECTION('',(0.,0.,-1.));
#5006=DIRECTION('',(-1.,0.,0.));
#5007=DIRECTION('',(-1.,0.,0.));
#5008=DIRECTION('',(0.,0.,-1.));
#5009=DIRECTION('',(0.,-1.,0.));
#5010=DIRECTION('',(-1.,0.,0.));
#5011=DIRECTION('',(0.,-1.,0.));
#5012=DIRECTION('',(0.,0.,1.));
#5013=DIRECTION('',(-1.,0.,0.));
#5014=DIRECTION('',(0.,0.,1.));
#5015=DIRECTION('',(0.,1.,0.));
#5016=DIRECTION('',(0.,-1.,0.));
#5017=DIRECTION('',(-1.,0.,0.));
#5018=DIRECTION('',(0.,0.,1.));
#5019=DIRECTION('',(1.,0.,0.));
#5020=DIRECTION('',(0.,0.,-1.));
#5021=DIRECTION('',(-1.,0.,0.));
#5022=DIRECTION('',(0.,0.,-1.));
#5023=DIRECTION('',(-1.,0.,0.));
#5024=DIRECTION('',(0.,0.,-1.));
#5025=DIRECTION('',(-1.,0.,0.));
#5026=DIRECTION('',(0.,0.,-1.));
#5027=DIRECTION('',(-1.,0.,0.));
#5028=DIRECTION('',(0.,0.,-1.));
#5029=DIRECTION('',(1.,0.,0.));
#5030=DIRECTION('',(0.,0.,-1.));
#5031=DIRECTION('',(-1.,0.,0.));
#5032=DIRECTION('',(0.,0.,-1.));
#5033=DIRECTION('',(1.,0.,0.));
#5034=DIRECTION('',(0.,0.,-1.));
#5035=DIRECTION('',(-1.,0.,0.));
#5036=DIRECTION('',(0.,0.,-1.));
#5037=DIRECTION('',(1.,0.,0.));
#5038=DIRECTION('',(0.,0.,-1.));
#5039=DIRECTION('',(-1.,0.,0.));
#5040=DIRECTION('',(0.,0.,-1.));
#5041=DIRECTION('',(1.,0.,0.));
#5042=DIRECTION('',(0.,0.,-1.));
#5043=DIRECTION('',(-1.,0.,0.));
#5044=DIRECTION('',(0.,0.,1.));
#5045=DIRECTION('',(1.,0.,0.));
#5046=DIRECTION('',(0.,0.,-1.));
#5047=DIRECTION('',(-1.,0.,0.));
#5048=DIRECTION('',(0.,0.,1.));
#5049=DIRECTION('',(1.,0.,0.));
#5050=DIRECTION('',(0.,0.,-1.));
#5051=DIRECTION('',(-1.,0.,0.));
#5052=DIRECTION('',(0.,0.,1.));
#5053=DIRECTION('',(1.,0.,0.));
#5054=DIRECTION('',(0.,0.,-1.));
#5055=DIRECTION('',(-1.,0.,0.));
#5056=DIRECTION('',(0.,0.,1.));
#5057=DIRECTION('',(1.,0.,0.));
#5058=DIRECTION('',(0.,0.,-1.));
#5059=DIRECTION('',(-1.,0.,0.));
#5060=DIRECTION('',(0.,0.,-1.));
#5061=DIRECTION('',(1.,0.,0.));
#5062=DIRECTION('',(0.,0.,-1.));
#5063=DIRECTION('',(-1.,0.,0.));
#5064=DIRECTION('',(0.,0.,-1.));
#5065=DIRECTION('',(1.,0.,0.));
#5066=DIRECTION('',(0.,0.,-1.));
#5067=DIRECTION('',(-1.,0.,0.));
#5068=DIRECTION('',(0.,0.,-1.));
#5069=DIRECTION('',(1.,0.,0.));
#5070=DIRECTION('',(0.,0.,-1.));
#5071=DIRECTION('',(-1.,0.,0.));
#5072=DIRECTION('',(0.,0.,-1.));
#5073=DIRECTION('',(1.,0.,0.));
#5074=DIRECTION('',(0.,0.,-1.));
#5075=DIRECTION('',(-1.,0.,0.));
#5076=DIRECTION('',(0.,0.,1.));
#5077=DIRECTION('',(1.,0.,0.));
#5078=DIRECTION('',(0.,0.,-1.));
#5079=DIRECTION('',(-1.,0.,0.));
#5080=DIRECTION('',(0.,0.,1.));
#5081=DIRECTION('',(1.,0.,0.));
#5082=DIRECTION('',(0.,0.,-1.));
#5083=DIRECTION('',(-1.,0.,0.));
#5084=DIRECTION('',(0.,0.,1.));
#5085=DIRECTION('',(1.,0.,0.));
#5086=DIRECTION('',(0.,0.,-1.));
#5087=DIRECTION('',(-1.,0.,0.));
#5088=DIRECTION('',(0.,0.,1.));
#5089=DIRECTION('',(1.,0.,0.));
#5090=DIRECTION('',(0.,0.,-1.));
#5091=DIRECTION('',(-1.,0.,0.));
#5092=DIRECTION('',(0.,0.,-1.));
#5093=DIRECTION('',(1.,0.,0.));
#5094=DIRECTION('',(0.,0.,-1.));
#5095=DIRECTION('',(-1.,0.,0.));
#5096=DIRECTION('',(0.,0.,-1.));
#5097=DIRECTION('',(1.,0.,0.));
#5098=DIRECTION('',(0.,0.,-1.));
#5099=DIRECTION('',(-1.,0.,0.));
#5100=DIRECTION('',(0.,0.,-1.));
#5101=DIRECTION('',(1.,0.,0.));
#5102=DIRECTION('',(0.,0.,-1.));
#5103=DIRECTION('',(-1.,0.,0.));
#5104=DIRECTION('',(0.,0.,-1.));
#5105=DIRECTION('',(1.,0.,0.));
#5106=DIRECTION('',(0.,0.,-1.));
#5107=DIRECTION('',(-1.,0.,0.));
#5108=DIRECTION('',(0.,0.,1.));
#5109=DIRECTION('',(1.,0.,0.));
#5110=DIRECTION('',(0.,0.,1.));
#5111=DIRECTION('',(1.,0.,0.));
#5112=DIRECTION('',(0.,0.,1.));
#5113=DIRECTION('',(1.,0.,0.));
#5114=DIRECTION('',(0.,0.,1.));
#5115=DIRECTION('',(1.,0.,0.));
#5116=DIRECTION('',(0.,0.,1.));
#5117=DIRECTION('',(1.,0.,0.));
#5118=CARTESIAN_POINT('',(0.,0.,0.));
#5119=CARTESIAN_POINT('',(-0.05119,-0.04845,0.));
#5120=CARTESIAN_POINT('',(-0.05119,-0.04845,0.0004));
#5121=CARTESIAN_POINT('',(-0.04819,-0.04845,0.0004));
#5122=CARTESIAN_POINT('',(0.04819,-0.04845,0.0004));
#5123=CARTESIAN_POINT('',(0.04819,-0.04845,0.));
#5124=CARTESIAN_POINT('',(0.04819,-0.04845,0.0011));
#5125=CARTESIAN_POINT('',(-0.04819,-0.04845,0.0011));
#5126=CARTESIAN_POINT('',(-0.04819,-0.04845,0.0011));
#5127=CARTESIAN_POINT('',(-0.04819,-0.04845,0.));
#5128=CARTESIAN_POINT('',(-0.04819,-0.04545,0.));
#5129=CARTESIAN_POINT('',(-0.04819,-0.04545,0.0011));
#5130=CARTESIAN_POINT('',(-0.05119,-0.04545,0.0011));
#5131=CARTESIAN_POINT('',(-0.05119,-0.04545,0.));
#5132=CARTESIAN_POINT('',(-0.05119,-0.04545,0.0004));
#5133=CARTESIAN_POINT('',(-0.04819,-0.04545,0.0004));
#5134=CARTESIAN_POINT('',(-0.04819,-0.04825,0.0002));
#5135=CARTESIAN_POINT('',(-0.04819,-0.04805,-1.46367293285543E-18));
#5136=CARTESIAN_POINT('',(-0.04819,-0.04805,-8.92027337412449E-17));
#5137=CARTESIAN_POINT('',(0.04819,-0.04805,-1.80573871827461E-16));
#5138=CARTESIAN_POINT('',(0.04819,-0.04845,0.0004));
#5139=CARTESIAN_POINT('',(-0.04819,-0.04825,0.0002));
#5140=CARTESIAN_POINT('',(-0.04819,-0.04825,0.0013));
#5141=CARTESIAN_POINT('',(-0.04819,-0.04845,0.0011));
#5142=CARTESIAN_POINT('',(-0.04819,-0.04805,0.00150000000000018));
#5143=CARTESIAN_POINT('',(0.04819,-0.04825,0.0013));
#5144=CARTESIAN_POINT('',(0.04819,-0.04805,0.00150000000000009));
#5145=CARTESIAN_POINT('',(0.,-0.04805,0.0015));
#5146=CARTESIAN_POINT('',(0.04819,-0.04545,0.));
#5147=CARTESIAN_POINT('',(0.04819,-0.04545,0.0004));
#5148=CARTESIAN_POINT('',(0.05119,-0.04545,0.0004));
#5149=CARTESIAN_POINT('',(0.05119,-0.04545,0.));
#5150=CARTESIAN_POINT('',(0.05119,-0.04545,0.0011));
#5151=CARTESIAN_POINT('',(0.04819,-0.04545,0.0011));
#5152=CARTESIAN_POINT('',(-0.04819,-0.04545,0.0004));
#5153=CARTESIAN_POINT('',(-0.04819,-0.04545,-1.77592315853125E-16));
#5154=CARTESIAN_POINT('',(-0.05079,-0.04545,-1.77565210798813E-16));
#5155=CARTESIAN_POINT('',(-0.05119,-0.04545,0.0004));
#5156=CARTESIAN_POINT('',(-0.04819,-0.04545,0.0011));
#5157=CARTESIAN_POINT('',(-0.05099,-0.04545,0.0013));
#5158=CARTESIAN_POINT('',(-0.05079,-0.04545,0.00150000000000009));
#5159=CARTESIAN_POINT('',(-0.04819,-0.04545,0.00150000000000018));
#5160=CARTESIAN_POINT('',(-0.05119,0.04845,0.));
#5161=CARTESIAN_POINT('',(-0.05119,0.04845,0.0004));
#5162=CARTESIAN_POINT('',(-0.05119,0.04545,0.0004));
#5163=CARTESIAN_POINT('',(-0.05119,0.04545,0.0011));
#5164=CARTESIAN_POINT('',(-0.05119,0.04545,0.0011));
#5165=CARTESIAN_POINT('',(-0.05119,0.04545,0.));
#5166=CARTESIAN_POINT('',(0.,0.,0.));
#5167=CARTESIAN_POINT('',(-0.05079,0.04545,-1.81603863891322E-18));
#5168=CARTESIAN_POINT('',(-0.05079,0.04545,-9.08358132635512E-17));
#5169=CARTESIAN_POINT('',(-0.04819,0.04545,-1.80573871827461E-16));
#5170=CARTESIAN_POINT('',(-0.04819,0.04805,-1.80573871827461E-16));
#5171=CARTESIAN_POINT('',(0.04819,0.04805,-1.81603863891322E-18));
#5172=CARTESIAN_POINT('',(0.04819,0.04805,-8.93314827492275E-17));
#5173=CARTESIAN_POINT('',(0.04819,0.04545,-1.77592315853125E-16));
#5174=CARTESIAN_POINT('',(0.05079,0.04545,-1.77565210798813E-16));
#5175=CARTESIAN_POINT('',(0.05079,-0.04545,-1.81603863891322E-18));
#5176=CARTESIAN_POINT('',(0.05079,-0.04545,-9.08358132635512E-17));
#5177=CARTESIAN_POINT('',(0.04819,-0.04545,-1.80573871827461E-16));
#5178=CARTESIAN_POINT('',(-0.04411,-0.04137,0.));
#5179=CARTESIAN_POINT('',(-0.04581,-0.04137,0.));
#5180=CARTESIAN_POINT('',(-0.03852,-0.02195,1.02999206386123E-18));
#5181=CARTESIAN_POINT('',(-0.03892,-0.02195,-1.99381320920031E-18));
#5182=CARTESIAN_POINT('',(-0.02412,-0.02195,6.96211343458403E-19));
#5183=CARTESIAN_POINT('',(-0.03892,-0.03635,-2.81892564846231E-18));
#5184=CARTESIAN_POINT('',(-0.03892,-0.03675,-3.37393895751313E-18));
#5185=CARTESIAN_POINT('',(-0.02452,-0.03675,-1.46367293285543E-18));
#5186=CARTESIAN_POINT('',(-0.02412,-0.03675,-3.91093657258915E-19));
#5187=CARTESIAN_POINT('',(-0.02412,-0.02235,3.79470760369927E-19));
#5188=CARTESIAN_POINT('',(-0.01947,-0.02195,1.02999206386123E-18));
#5189=CARTESIAN_POINT('',(-0.01987,-0.02195,-2.62082520273717E-19));
#5190=CARTESIAN_POINT('',(-0.00507,-0.02195,2.70181587180495E-19));
#5191=CARTESIAN_POINT('',(-0.01987,-0.03635,-9.75781955236954E-19));
#5192=CARTESIAN_POINT('',(-0.01987,-0.03675,-1.12377747011763E-18));
#5193=CARTESIAN_POINT('',(-0.00547,-0.03675,-1.38235776991902E-18));
#5194=CARTESIAN_POINT('',(-0.00507,-0.03675,-2.61096340358151E-19));
#5195=CARTESIAN_POINT('',(-0.00507,-0.02235,3.79470760369927E-19));
#5196=CARTESIAN_POINT('',(-0.03852,-0.0029,-1.35525271560688E-19));
#5197=CARTESIAN_POINT('',(-0.03892,-0.0029,-1.11219336237226E-18));
#5198=CARTESIAN_POINT('',(-0.02412,-0.0029,-3.92051044871504E-19));
#5199=CARTESIAN_POINT('',(-0.03892,-0.0173,-8.94466792300541E-19));
#5200=CARTESIAN_POINT('',(-0.03892,-0.0177,4.44029060887218E-20));
#5201=CARTESIAN_POINT('',(-0.02452,-0.0177,2.98155597433513E-19));
#5202=CARTESIAN_POINT('',(-0.02412,-0.0177,2.83592267977732E-19));
#5203=CARTESIAN_POINT('',(-0.02412,-0.0033,3.79470760369927E-19));
#5204=CARTESIAN_POINT('',(-0.01947,-0.0029,-1.35525271560688E-19));
#5205=CARTESIAN_POINT('',(-0.01987,-0.0029,9.44901724641338E-20));
#5206=CARTESIAN_POINT('',(-0.00507,-0.0029,-1.631876634214E-19));
#5207=CARTESIAN_POINT('',(-0.01987,-0.0173,9.48676900924816E-19));
#5208=CARTESIAN_POINT('',(-0.01987,-0.0177,7.60254276181846E-19));
#5209=CARTESIAN_POINT('',(-0.00547,-0.0177,3.79470760369927E-19));
#5210=CARTESIAN_POINT('',(-0.00507,-0.0177,3.96492199062817E-19));
#5211=CARTESIAN_POINT('',(-0.00507,-0.0033,3.79470760369927E-19));
#5212=CARTESIAN_POINT('',(-0.00042,-0.02195,1.02999206386123E-18));
#5213=CARTESIAN_POINT('',(-0.00082,-0.02195,-3.09444445586741E-19));
#5214=CARTESIAN_POINT('',(0.01398,-0.02195,-5.92801903565566E-19));
#5215=CARTESIAN_POINT('',(-0.00082,-0.03635,-1.3010426069826E-18));
#5216=CARTESIAN_POINT('',(-0.00082,-0.03675,-1.24256643318579E-18));
#5217=CARTESIAN_POINT('',(0.01358,-0.03675,-1.81603863891322E-18));
#5218=CARTESIAN_POINT('',(0.01398,-0.03675,-1.26858776628552E-18));
#5219=CARTESIAN_POINT('',(0.01398,-0.02235,-9.75781955236954E-19));
#5220=CARTESIAN_POINT('',(0.04411,-0.04137,0.));
#5221=CARTESIAN_POINT('',(0.04241,-0.04137,0.));
#5222=CARTESIAN_POINT('',(-0.00042,-0.0029,-1.35525271560688E-19));
#5223=CARTESIAN_POINT('',(-0.00082,-0.0029,4.93118992830907E-19));
#5224=CARTESIAN_POINT('',(0.01398,-0.0029,-3.10443354779089E-19));
#5225=CARTESIAN_POINT('',(-0.00082,-0.0173,5.96311194867027E-19));
#5226=CARTESIAN_POINT('',(-0.00082,-0.0177,4.60278059918068E-19));
#5227=CARTESIAN_POINT('',(0.01358,-0.0177,-5.42101086242752E-20));
#5228=CARTESIAN_POINT('',(0.01398,-0.0177,-6.10999226864554E-19));
#5229=CARTESIAN_POINT('',(0.01398,-0.0033,-9.75781955236954E-19));
#5230=CARTESIAN_POINT('',(-0.03852,0.01615,1.02999206386123E-18));
#5231=CARTESIAN_POINT('',(-0.03892,0.01615,-2.40437752312154E-19));
#5232=CARTESIAN_POINT('',(-0.02412,0.01615,9.85331922787869E-19));
#5233=CARTESIAN_POINT('',(-0.03892,0.00175,-1.46367293285543E-18));
#5234=CARTESIAN_POINT('',(-0.03892,0.00135,-5.69746120123826E-19));
#5235=CARTESIAN_POINT('',(-0.02452,0.00135,-5.42101086242752E-20));
#5236=CARTESIAN_POINT('',(-0.02412,0.00135,5.49209920636803E-20));
#5237=CARTESIAN_POINT('',(-0.02412,0.01575,3.79470760369927E-19));
#5238=CARTESIAN_POINT('',(-0.01947,0.01615,1.02999206386123E-18));
#5239=CARTESIAN_POINT('',(-0.01987,0.01615,9.13051777955504E-19));
#5240=CARTESIAN_POINT('',(-0.00507,0.01615,4.14741876845227E-19));
#5241=CARTESIAN_POINT('',(-0.01987,0.00175,3.79470760369927E-19));
#5242=CARTESIAN_POINT('',(-0.01987,0.00135,1.40236833567981E-19));
#5243=CARTESIAN_POINT('',(-0.00547,0.00135,2.71050543121376E-20));
#5244=CARTESIAN_POINT('',(-0.00507,0.00135,2.1426039097103E-19));
#5245=CARTESIAN_POINT('',(-0.00507,0.01575,3.79470760369927E-19));
#5246=CARTESIAN_POINT('',(-0.04411,0.04137,0.));
#5247=CARTESIAN_POINT('',(-0.04581,0.04137,0.));
#5248=CARTESIAN_POINT('',(-0.04079,0.03717,-1.89735380184964E-19));
#5249=CARTESIAN_POINT('',(-0.04119,0.03717,9.22410266911868E-19));
#5250=CARTESIAN_POINT('',(-0.00239,0.03717,2.02702644117814E-19));
#5251=CARTESIAN_POINT('',(-0.04119,0.02477,7.86046575051991E-19));
#5252=CARTESIAN_POINT('',(-0.04119,0.02437,6.59564814677723E-19));
#5253=CARTESIAN_POINT('',(-0.00279,0.02437,3.79470760369927E-19));
#5254=CARTESIAN_POINT('',(-0.00239,0.02437,1.07956938687801E-18));
#5255=CARTESIAN_POINT('',(-0.00239,0.03677,1.35525271560688E-19));
#5256=CARTESIAN_POINT('',(-0.00042,0.01615,1.02999206386123E-18));
#5257=CARTESIAN_POINT('',(-0.00082,0.01615,1.16659564291454E-18));
#5258=CARTESIAN_POINT('',(0.01398,0.01615,-1.45607449066285E-20));
#5259=CARTESIAN_POINT('',(-0.00082,0.00175,2.71050543121376E-20));
#5260=CARTESIAN_POINT('',(-0.00082,0.00135,-1.43884647350588E-19));
#5261=CARTESIAN_POINT('',(0.01358,0.00135,-3.79470760369927E-19));
#5262=CARTESIAN_POINT('',(0.01398,0.00135,-8.01990394534687E-19));
#5263=CARTESIAN_POINT('',(0.01398,0.01575,-9.75781955236954E-19));
#5264=CARTESIAN_POINT('',(0.008,0.03668,-1.89735380184964E-19));
#5265=CARTESIAN_POINT('',(0.0076,0.03668,5.54982391435692E-22));
#5266=CARTESIAN_POINT('',(0.0208,0.03668,2.1345030440111E-19));
#5267=CARTESIAN_POINT('',(0.0076,0.02428,-1.35525271560688E-19));
#5268=CARTESIAN_POINT('',(0.0076,0.02388,-1.01873033588493E-19));
#5269=CARTESIAN_POINT('',(0.0204,0.02388,2.98155597433513E-19));
#5270=CARTESIAN_POINT('',(0.0208,0.02388,7.16521695421982E-19));
#5271=CARTESIAN_POINT('',(0.0208,0.03628,3.79470760369927E-19));
#5272=CARTESIAN_POINT('',(0.04411,0.04137,0.));
#5273=CARTESIAN_POINT('',(0.04241,0.04137,0.));
#5274=CARTESIAN_POINT('',(0.04819,-0.04545,0.0004));
#5275=CARTESIAN_POINT('',(0.05099,-0.04545,0.0002));
#5276=CARTESIAN_POINT('',(0.,0.,0.0015));
#5277=CARTESIAN_POINT('',(0.04819,-0.04545,0.00150000000000018));
#5278=CARTESIAN_POINT('',(0.05079,-0.04545,0.00150000000000018));
#5279=CARTESIAN_POINT('',(0.05079,0.,0.0015));
#5280=CARTESIAN_POINT('',(0.05079,0.04545,0.00150000000000009));
#5281=CARTESIAN_POINT('',(0.04819,0.04545,0.00150000000000018));
#5282=CARTESIAN_POINT('',(0.04819,0.04805,0.00150000000000018));
#5283=CARTESIAN_POINT('',(0.,0.04805,0.0015));
#5284=CARTESIAN_POINT('',(-0.04819,0.04805,0.00150000000000009));
#5285=CARTESIAN_POINT('',(-0.04819,0.04545,0.00150000000000018));
#5286=CARTESIAN_POINT('',(-0.05079,0.04545,0.00150000000000018));
#5287=CARTESIAN_POINT('',(-0.05079,0.,0.0015));
#5288=CARTESIAN_POINT('',(-0.04411,-0.04137,0.0015));
#5289=CARTESIAN_POINT('',(-0.04101,-0.04137,0.0015));
#5290=CARTESIAN_POINT('',(-0.02412,0.,0.0015));
#5291=CARTESIAN_POINT('',(-0.02412,-0.02195,0.0015));
#5292=CARTESIAN_POINT('',(-0.02412,-0.03675,0.0015));
#5293=CARTESIAN_POINT('',(0.,-0.03675,0.0015));
#5294=CARTESIAN_POINT('',(-0.03892,-0.03675,0.0015));
#5295=CARTESIAN_POINT('',(-0.03892,0.,0.0015));
#5296=CARTESIAN_POINT('',(-0.03892,-0.02195,0.0015));
#5297=CARTESIAN_POINT('',(0.,-0.02195,0.0015));
#5298=CARTESIAN_POINT('',(-0.00507,0.,0.0015));
#5299=CARTESIAN_POINT('',(-0.00507,-0.02195,0.0015));
#5300=CARTESIAN_POINT('',(-0.00507,-0.03675,0.0015));
#5301=CARTESIAN_POINT('',(0.,-0.03675,0.0015));
#5302=CARTESIAN_POINT('',(-0.01987,-0.03675,0.0015));
#5303=CARTESIAN_POINT('',(-0.01987,0.,0.0015));
#5304=CARTESIAN_POINT('',(-0.01987,-0.02195,0.0015));
#5305=CARTESIAN_POINT('',(0.,-0.02195,0.0015));
#5306=CARTESIAN_POINT('',(-0.02412,0.,0.0015));
#5307=CARTESIAN_POINT('',(-0.02412,-0.0029,0.0015));
#5308=CARTESIAN_POINT('',(-0.02412,-0.0177,0.0015));
#5309=CARTESIAN_POINT('',(0.,-0.0177,0.0015));
#5310=CARTESIAN_POINT('',(-0.03892,-0.0177,0.0015));
#5311=CARTESIAN_POINT('',(-0.03892,0.,0.0015));
#5312=CARTESIAN_POINT('',(-0.03892,-0.0029,0.0015));
#5313=CARTESIAN_POINT('',(0.,-0.0029,0.0015));
#5314=CARTESIAN_POINT('',(-0.00507,0.,0.0015));
#5315=CARTESIAN_POINT('',(-0.00507,-0.0029,0.0015));
#5316=CARTESIAN_POINT('',(-0.00507,-0.0177,0.0015));
#5317=CARTESIAN_POINT('',(0.,-0.0177,0.0015));
#5318=CARTESIAN_POINT('',(-0.01987,-0.0177,0.0015));
#5319=CARTESIAN_POINT('',(-0.01987,0.,0.0015));
#5320=CARTESIAN_POINT('',(-0.01987,-0.0029,0.0015));
#5321=CARTESIAN_POINT('',(0.,-0.0029,0.0015));
#5322=CARTESIAN_POINT('',(0.01398,0.,0.0015));
#5323=CARTESIAN_POINT('',(0.01398,-0.02195,0.0015));
#5324=CARTESIAN_POINT('',(0.01398,-0.03675,0.0015));
#5325=CARTESIAN_POINT('',(0.,-0.03675,0.0015));
#5326=CARTESIAN_POINT('',(-0.00082,-0.03675,0.0015));
#5327=CARTESIAN_POINT('',(-0.00082,0.,0.0015));
#5328=CARTESIAN_POINT('',(-0.00082,-0.02195,0.0015));
#5329=CARTESIAN_POINT('',(0.,-0.02195,0.0015));
#5330=CARTESIAN_POINT('',(0.04411,-0.04137,0.0015));
#5331=CARTESIAN_POINT('',(0.04721,-0.04137,0.0015));
#5332=CARTESIAN_POINT('',(0.01398,0.,0.0015));
#5333=CARTESIAN_POINT('',(0.01398,-0.0029,0.0015));
#5334=CARTESIAN_POINT('',(0.01398,-0.0177,0.0015));
#5335=CARTESIAN_POINT('',(0.,-0.0177,0.0015));
#5336=CARTESIAN_POINT('',(-0.00082,-0.0177,0.0015));
#5337=CARTESIAN_POINT('',(-0.00082,0.,0.0015));
#5338=CARTESIAN_POINT('',(-0.00082,-0.0029,0.0015));
#5339=CARTESIAN_POINT('',(0.,-0.0029,0.0015));
#5340=CARTESIAN_POINT('',(-0.02412,0.,0.0015));
#5341=CARTESIAN_POINT('',(-0.02412,0.01615,0.0015));
#5342=CARTESIAN_POINT('',(-0.02412,0.00135,0.0015));
#5343=CARTESIAN_POINT('',(0.,0.00135,0.0015));
#5344=CARTESIAN_POINT('',(-0.03892,0.00135,0.0015));
#5345=CARTESIAN_POINT('',(-0.03892,0.,0.0015));
#5346=CARTESIAN_POINT('',(-0.03892,0.01615,0.0015));
#5347=CARTESIAN_POINT('',(0.,0.01615,0.0015));
#5348=CARTESIAN_POINT('',(-0.00507,0.,0.0015));
#5349=CARTESIAN_POINT('',(-0.00507,0.01615,0.0015));
#5350=CARTESIAN_POINT('',(-0.00507,0.00135,0.0015));
#5351=CARTESIAN_POINT('',(0.,0.00135,0.0015));
#5352=CARTESIAN_POINT('',(-0.01987,0.00135,0.0015));
#5353=CARTESIAN_POINT('',(-0.01987,0.,0.0015));
#5354=CARTESIAN_POINT('',(-0.01987,0.01615,0.0015));
#5355=CARTESIAN_POINT('',(0.,0.01615,0.0015));
#5356=CARTESIAN_POINT('',(-0.04411,0.04137,0.0015));
#5357=CARTESIAN_POINT('',(-0.04101,0.04137,0.0015));
#5358=CARTESIAN_POINT('',(-0.00239,0.,0.0015));
#5359=CARTESIAN_POINT('',(-0.00239,0.03717,0.0015));
#5360=CARTESIAN_POINT('',(-0.00239,0.02437,0.0015));
#5361=CARTESIAN_POINT('',(0.,0.02437,0.0015));
#5362=CARTESIAN_POINT('',(-0.04119,0.02437,0.0015));
#5363=CARTESIAN_POINT('',(-0.04119,0.,0.0015));
#5364=CARTESIAN_POINT('',(-0.04119,0.03717,0.0015));
#5365=CARTESIAN_POINT('',(0.,0.03717,0.0015));
#5366=CARTESIAN_POINT('',(0.01398,0.,0.0015));
#5367=CARTESIAN_POINT('',(0.01398,0.01615,0.0015));
#5368=CARTESIAN_POINT('',(0.01398,0.00135,0.0015));
#5369=CARTESIAN_POINT('',(0.,0.00135,0.0015));
#5370=CARTESIAN_POINT('',(-0.00082,0.00135,0.0015));
#5371=CARTESIAN_POINT('',(-0.00082,0.,0.0015));
#5372=CARTESIAN_POINT('',(-0.00082,0.01615,0.0015));
#5373=CARTESIAN_POINT('',(0.,0.01615,0.0015));
#5374=CARTESIAN_POINT('',(0.0208,0.,0.0015));
#5375=CARTESIAN_POINT('',(0.0208,0.03668,0.0015));
#5376=CARTESIAN_POINT('',(0.0208,0.02388,0.0015));
#5377=CARTESIAN_POINT('',(0.,0.02388,0.0015));
#5378=CARTESIAN_POINT('',(0.0076,0.02388,0.0015));
#5379=CARTESIAN_POINT('',(0.0076,0.,0.0015));
#5380=CARTESIAN_POINT('',(0.0076,0.03668,0.0015));
#5381=CARTESIAN_POINT('',(0.,0.03668,0.0015));
#5382=CARTESIAN_POINT('',(0.04411,0.04137,0.0015));
#5383=CARTESIAN_POINT('',(0.04721,0.04137,0.0015));
#5384=CARTESIAN_POINT('',(0.04819,-0.04545,0.0011));
#5385=CARTESIAN_POINT('',(0.05119,-0.04545,0.0011));
#5386=CARTESIAN_POINT('',(0.05119,-0.04845,0.));
#5387=CARTESIAN_POINT('',(0.05119,-0.04845,0.0004));
#5388=CARTESIAN_POINT('',(0.05119,0.04545,0.0004));
#5389=CARTESIAN_POINT('',(0.05119,0.04545,0.));
#5390=CARTESIAN_POINT('',(0.05119,0.04545,0.0011));
#5391=CARTESIAN_POINT('',(0.05119,-0.04545,0.0011));
#5392=CARTESIAN_POINT('',(-0.05099,0.04545,0.0002));
#5393=CARTESIAN_POINT('',(-0.05099,0.04545,0.0002));
#5394=CARTESIAN_POINT('',(-0.05099,0.04545,0.0013));
#5395=CARTESIAN_POINT('',(-0.05119,0.04545,0.0011));
#5396=CARTESIAN_POINT('',(-0.04819,0.04545,0.));
#5397=CARTESIAN_POINT('',(-0.04819,0.04845,0.));
#5398=CARTESIAN_POINT('',(-0.04819,0.04845,0.0004));
#5399=CARTESIAN_POINT('',(-0.04819,0.04845,0.0011));
#5400=CARTESIAN_POINT('',(-0.04819,0.04545,0.0004));
#5401=CARTESIAN_POINT('',(-0.04819,0.04545,0.0011));
#5402=CARTESIAN_POINT('',(0.05099,-0.04545,0.0002));
#5403=CARTESIAN_POINT('',(0.05119,0.04545,0.0004));
#5404=CARTESIAN_POINT('',(-0.04819,0.04545,0.0004));
#5405=CARTESIAN_POINT('',(-0.04819,0.04845,0.0004));
#5406=CARTESIAN_POINT('',(0.04819,0.04545,0.0004));
#5407=CARTESIAN_POINT('',(0.04819,0.04825,0.0002));
#5408=CARTESIAN_POINT('',(0.04819,0.04845,0.0004));
#5409=CARTESIAN_POINT('',(0.04819,0.04545,0.0004));
#5410=CARTESIAN_POINT('',(0.04819,0.04825,0.0002));
#5411=CARTESIAN_POINT('',(0.05119,0.04845,0.0004));
#5412=CARTESIAN_POINT('',(-0.04411,-0.04137,0.0015));
#5413=CARTESIAN_POINT('',(-0.04411,-0.04137,9.99999999993729E-5));
#5414=CARTESIAN_POINT('',(-0.0424099999999994,-0.04137,9.99999999993729E-5));
#5415=CARTESIAN_POINT('',(-0.02432,-0.02235,0.0002));
#5416=CARTESIAN_POINT('',(-0.02412,-0.02195,2.98155597433513E-19));
#5417=CARTESIAN_POINT('',(-0.02452,-0.02235,0.0004));
#5418=CARTESIAN_POINT('',(-0.02412,-0.03675,2.16840434497101E-19));
#5419=CARTESIAN_POINT('',(-0.02452,-0.03635,0.0004));
#5420=CARTESIAN_POINT('',(-0.02452,-0.03635,0.0004));
#5421=CARTESIAN_POINT('',(-0.03852,-0.02215,0.0002));
#5422=CARTESIAN_POINT('',(-0.03892,-0.02195,-8.94466792300541E-19));
#5423=CARTESIAN_POINT('',(-0.03852,-0.02235,0.0004));
#5424=CARTESIAN_POINT('',(-0.02452,-0.02235,0.0004));
#5425=CARTESIAN_POINT('',(-0.02452,-0.03655,0.0002));
#5426=CARTESIAN_POINT('',(-0.03892,-0.03675,-2.90024081139873E-18));
#5427=CARTESIAN_POINT('',(-0.03852,-0.03635,0.0004));
#5428=CARTESIAN_POINT('',(-0.03852,-0.03635,0.0004));
#5429=CARTESIAN_POINT('',(-0.03872,-0.03635,0.0002));
#5430=CARTESIAN_POINT('',(-0.03852,-0.02235,0.0004));
#5431=CARTESIAN_POINT('',(-0.00527,-0.02235,0.0002));
#5432=CARTESIAN_POINT('',(-0.00507,-0.02195,2.98155597433513E-19));
#5433=CARTESIAN_POINT('',(-0.00547,-0.02235,0.0004));
#5434=CARTESIAN_POINT('',(-0.00507,-0.03675,4.06575814682064E-19));
#5435=CARTESIAN_POINT('',(-0.00547,-0.03635,0.0004));
#5436=CARTESIAN_POINT('',(-0.00547,-0.03635,0.0004));
#5437=CARTESIAN_POINT('',(-0.01947,-0.02215,0.0002));
#5438=CARTESIAN_POINT('',(-0.01987,-0.02195,9.48676900924816E-19));
#5439=CARTESIAN_POINT('',(-0.01947,-0.02235,0.0004));
#5440=CARTESIAN_POINT('',(-0.00547,-0.02235,0.0004));
#5441=CARTESIAN_POINT('',(-0.00547,-0.03655,0.0002));
#5442=CARTESIAN_POINT('',(-0.01987,-0.03675,-2.90024081139873E-18));
#5443=CARTESIAN_POINT('',(-0.01947,-0.03635,0.0004));
#5444=CARTESIAN_POINT('',(-0.01947,-0.03635,0.0004));
#5445=CARTESIAN_POINT('',(-0.01967,-0.03635,0.0002));
#5446=CARTESIAN_POINT('',(-0.01947,-0.02235,0.0004));
#5447=CARTESIAN_POINT('',(-0.02432,-0.0033,0.0002));
#5448=CARTESIAN_POINT('',(-0.02412,-0.0029,-1.62630325872826E-19));
#5449=CARTESIAN_POINT('',(-0.02452,-0.0033,0.0004));
#5450=CARTESIAN_POINT('',(-0.02412,-0.0177,2.16840434497101E-19));
#5451=CARTESIAN_POINT('',(-0.02452,-0.0173,0.0004));
#5452=CARTESIAN_POINT('',(-0.02452,-0.0173,0.0004));
#5453=CARTESIAN_POINT('',(-0.03852,-0.0031,0.0002));
#5454=CARTESIAN_POINT('',(-0.03892,-0.0029,-1.54498809579184E-18));
#5455=CARTESIAN_POINT('',(-0.03852,-0.0033,0.0004));
#5456=CARTESIAN_POINT('',(-0.02452,-0.0033,0.0004));
#5457=CARTESIAN_POINT('',(-0.02452,-0.0175,0.0002));
#5458=CARTESIAN_POINT('',(-0.03892,-0.0177,8.67361737988404E-19));
#5459=CARTESIAN_POINT('',(-0.03852,-0.0173,0.0004));
#5460=CARTESIAN_POINT('',(-0.03852,-0.0173,0.0004));
#5461=CARTESIAN_POINT('',(-0.03872,-0.0173,0.0002));
#5462=CARTESIAN_POINT('',(-0.03852,-0.0033,0.0004));
#5463=CARTESIAN_POINT('',(-0.00527,-0.0033,0.0002));
#5464=CARTESIAN_POINT('',(-0.00507,-0.0029,-8.13151629364128E-20));
#5465=CARTESIAN_POINT('',(-0.00547,-0.0033,0.0004));
#5466=CARTESIAN_POINT('',(-0.00507,-0.0177,4.06575814682064E-19));
#5467=CARTESIAN_POINT('',(-0.00547,-0.0173,0.0004));
#5468=CARTESIAN_POINT('',(-0.00547,-0.0173,0.0004));
#5469=CARTESIAN_POINT('',(-0.01947,-0.0031,0.0002));
#5470=CARTESIAN_POINT('',(-0.01987,-0.0029,2.98155597433513E-19));
#5471=CARTESIAN_POINT('',(-0.01947,-0.0033,0.0004));
#5472=CARTESIAN_POINT('',(-0.00547,-0.0033,0.0004));
#5473=CARTESIAN_POINT('',(-0.00547,-0.0175,0.0002));
#5474=CARTESIAN_POINT('',(-0.01987,-0.0177,8.67361737988404E-19));
#5475=CARTESIAN_POINT('',(-0.01947,-0.0173,0.0004));
#5476=CARTESIAN_POINT('',(-0.01947,-0.0173,0.0004));
#5477=CARTESIAN_POINT('',(-0.01967,-0.0173,0.0002));
#5478=CARTESIAN_POINT('',(-0.01947,-0.0033,0.0004));
#5479=CARTESIAN_POINT('',(0.01378,-0.02235,0.0002));
#5480=CARTESIAN_POINT('',(0.01398,-0.02195,-1.35525271560688E-19));
#5481=CARTESIAN_POINT('',(0.01358,-0.02235,0.0004));
#5482=CARTESIAN_POINT('',(0.01398,-0.03675,-9.48676900924816E-19));
#5483=CARTESIAN_POINT('',(0.01358,-0.03635,0.0004));
#5484=CARTESIAN_POINT('',(0.01358,-0.03635,0.0004));
#5485=CARTESIAN_POINT('',(-0.00042,-0.02215,0.0002));
#5486=CARTESIAN_POINT('',(-0.00082,-0.02195,6.50521303491303E-19));
#5487=CARTESIAN_POINT('',(-0.00042,-0.02235,0.0004));
#5488=CARTESIAN_POINT('',(0.01358,-0.02235,0.0004));
#5489=CARTESIAN_POINT('',(0.01358,-0.03655,0.0002));
#5490=CARTESIAN_POINT('',(-0.00082,-0.03675,-2.90024081139873E-18));
#5491=CARTESIAN_POINT('',(-0.00042,-0.03635,0.0004));
#5492=CARTESIAN_POINT('',(-0.00042,-0.03635,0.0004));
#5493=CARTESIAN_POINT('',(-0.00062,-0.03635,0.0002));
#5494=CARTESIAN_POINT('',(-0.00042,-0.02235,0.0004));
#5495=CARTESIAN_POINT('',(0.04411,-0.04137,0.0015));
#5496=CARTESIAN_POINT('',(0.04411,-0.04137,9.99999999993729E-5));
#5497=CARTESIAN_POINT('',(0.0458100000000006,-0.04137,9.99999999993729E-5));
#5498=CARTESIAN_POINT('',(0.01378,-0.0033,0.0002));
#5499=CARTESIAN_POINT('',(0.01398,-0.0029,-4.87890977618477E-19));
#5500=CARTESIAN_POINT('',(0.01358,-0.0033,0.0004));
#5501=CARTESIAN_POINT('',(0.01398,-0.0177,-9.48676900924816E-19));
#5502=CARTESIAN_POINT('',(0.01358,-0.0173,0.0004));
#5503=CARTESIAN_POINT('',(0.01358,-0.0173,0.0004));
#5504=CARTESIAN_POINT('',(-0.00042,-0.0031,0.0002));
#5505=CARTESIAN_POINT('',(-0.00082,-0.0029,2.71050543121376E-20));
#5506=CARTESIAN_POINT('',(-0.00042,-0.0033,0.0004));
#5507=CARTESIAN_POINT('',(0.01358,-0.0033,0.0004));
#5508=CARTESIAN_POINT('',(0.01358,-0.0175,0.0002));
#5509=CARTESIAN_POINT('',(-0.00082,-0.0177,8.67361737988404E-19));
#5510=CARTESIAN_POINT('',(-0.00042,-0.0173,0.0004));
#5511=CARTESIAN_POINT('',(-0.00042,-0.0173,0.0004));
#5512=CARTESIAN_POINT('',(-0.00062,-0.0173,0.0002));
#5513=CARTESIAN_POINT('',(-0.00042,-0.0033,0.0004));
#5514=CARTESIAN_POINT('',(-0.02432,0.01575,0.0002));
#5515=CARTESIAN_POINT('',(-0.02412,0.01615,2.98155597433513E-19));
#5516=CARTESIAN_POINT('',(-0.02452,0.01575,0.0004));
#5517=CARTESIAN_POINT('',(-0.02412,0.00135,2.16840434497101E-19));
#5518=CARTESIAN_POINT('',(-0.02452,0.00175,0.0004));
#5519=CARTESIAN_POINT('',(-0.02452,0.00175,0.0004));
#5520=CARTESIAN_POINT('',(-0.03852,0.01595,0.0002));
#5521=CARTESIAN_POINT('',(-0.03892,0.01615,-8.94466792300541E-19));
#5522=CARTESIAN_POINT('',(-0.03852,0.01575,0.0004));
#5523=CARTESIAN_POINT('',(-0.02452,0.01575,0.0004));
#5524=CARTESIAN_POINT('',(-0.02452,0.00155,0.0002));
#5525=CARTESIAN_POINT('',(-0.03892,0.00135,0.));
#5526=CARTESIAN_POINT('',(-0.03852,0.00175,0.0004));
#5527=CARTESIAN_POINT('',(-0.03852,0.00175,0.0004));
#5528=CARTESIAN_POINT('',(-0.03872,0.00175,0.0002));
#5529=CARTESIAN_POINT('',(-0.03852,0.01575,0.0004));
#5530=CARTESIAN_POINT('',(-0.00527,0.01575,0.0002));
#5531=CARTESIAN_POINT('',(-0.00507,0.01615,2.98155597433513E-19));
#5532=CARTESIAN_POINT('',(-0.00547,0.01575,0.0004));
#5533=CARTESIAN_POINT('',(-0.00507,0.00135,4.06575814682064E-19));
#5534=CARTESIAN_POINT('',(-0.00547,0.00175,0.0004));
#5535=CARTESIAN_POINT('',(-0.00547,0.00175,0.0004));
#5536=CARTESIAN_POINT('',(-0.01947,0.01595,0.0002));
#5537=CARTESIAN_POINT('',(-0.01987,0.01615,9.48676900924816E-19));
#5538=CARTESIAN_POINT('',(-0.01947,0.01575,0.0004));
#5539=CARTESIAN_POINT('',(-0.00547,0.01575,0.0004));
#5540=CARTESIAN_POINT('',(-0.00547,0.00155,0.0002));
#5541=CARTESIAN_POINT('',(-0.01987,0.00135,0.));
#5542=CARTESIAN_POINT('',(-0.01947,0.00175,0.0004));
#5543=CARTESIAN_POINT('',(-0.01947,0.00175,0.0004));
#5544=CARTESIAN_POINT('',(-0.01967,0.00175,0.0002));
#5545=CARTESIAN_POINT('',(-0.01947,0.01575,0.0004));
#5546=CARTESIAN_POINT('',(-0.04411,0.04137,0.0015));
#5547=CARTESIAN_POINT('',(-0.04411,0.04137,9.99999999993729E-5));
#5548=CARTESIAN_POINT('',(-0.0424099999999994,0.04137,9.99999999993729E-5));
#5549=CARTESIAN_POINT('',(-0.00259,0.03677,0.0002));
#5550=CARTESIAN_POINT('',(-0.00239,0.03717,-1.46367293285543E-18));
#5551=CARTESIAN_POINT('',(-0.00279,0.03677,0.0004));
#5552=CARTESIAN_POINT('',(-0.00239,0.02437,1.0842021724855E-19));
#5553=CARTESIAN_POINT('',(-0.00279,0.02477,0.0004));
#5554=CARTESIAN_POINT('',(-0.00279,0.02477,0.0004));
#5555=CARTESIAN_POINT('',(-0.04079,0.03697,0.0002));
#5556=CARTESIAN_POINT('',(-0.04119,0.03717,3.27971157176865E-18));
#5557=CARTESIAN_POINT('',(-0.04079,0.03677,0.0004));
#5558=CARTESIAN_POINT('',(-0.00279,0.03677,0.0004));
#5559=CARTESIAN_POINT('',(-0.00279,0.02457,0.0002));
#5560=CARTESIAN_POINT('',(-0.04119,0.02437,-1.16551733542192E-18));
#5561=CARTESIAN_POINT('',(-0.04079,0.02477,0.0004));
#5562=CARTESIAN_POINT('',(-0.04079,0.02477,0.0004));
#5563=CARTESIAN_POINT('',(-0.04099,0.02477,0.0002));
#5564=CARTESIAN_POINT('',(-0.04079,0.03677,0.0004));
#5565=CARTESIAN_POINT('',(0.01378,0.01575,0.0002));
#5566=CARTESIAN_POINT('',(0.01398,0.01615,-1.35525271560688E-19));
#5567=CARTESIAN_POINT('',(0.01358,0.01575,0.0004));
#5568=CARTESIAN_POINT('',(0.01398,0.00135,-9.48676900924816E-19));
#5569=CARTESIAN_POINT('',(0.01358,0.00175,0.0004));
#5570=CARTESIAN_POINT('',(0.01358,0.00175,0.0004));
#5571=CARTESIAN_POINT('',(-0.00042,0.01595,0.0002));
#5572=CARTESIAN_POINT('',(-0.00082,0.01615,6.50521303491303E-19));
#5573=CARTESIAN_POINT('',(-0.00042,0.01575,0.0004));
#5574=CARTESIAN_POINT('',(0.01358,0.01575,0.0004));
#5575=CARTESIAN_POINT('',(0.01358,0.00155,0.0002));
#5576=CARTESIAN_POINT('',(-0.00082,0.00135,0.));
#5577=CARTESIAN_POINT('',(-0.00042,0.00175,0.0004));
#5578=CARTESIAN_POINT('',(-0.00042,0.00175,0.0004));
#5579=CARTESIAN_POINT('',(-0.00062,0.00175,0.0002));
#5580=CARTESIAN_POINT('',(-0.00042,0.01575,0.0004));
#5581=CARTESIAN_POINT('',(0.0206,0.03628,0.0002));
#5582=CARTESIAN_POINT('',(0.0208,0.03668,-1.49077798716757E-18));
#5583=CARTESIAN_POINT('',(0.0204,0.03628,0.0004));
#5584=CARTESIAN_POINT('',(0.0208,0.02388,2.43945488809238E-19));
#5585=CARTESIAN_POINT('',(0.0204,0.02428,0.0004));
#5586=CARTESIAN_POINT('',(0.0204,0.02428,0.0004));
#5587=CARTESIAN_POINT('',(0.008,0.03648,0.0002));
#5588=CARTESIAN_POINT('',(0.0076,0.03668,1.16551733542192E-18));
#5589=CARTESIAN_POINT('',(0.008,0.03628,0.0004));
#5590=CARTESIAN_POINT('',(0.0204,0.03628,0.0004));
#5591=CARTESIAN_POINT('',(0.0204,0.02408,0.0002));
#5592=CARTESIAN_POINT('',(0.0076,0.02388,2.71050543121376E-19));
#5593=CARTESIAN_POINT('',(0.008,0.02428,0.0004));
#5594=CARTESIAN_POINT('',(0.008,0.02428,0.0004));
#5595=CARTESIAN_POINT('',(0.0078,0.02428,0.0002));
#5596=CARTESIAN_POINT('',(0.008,0.03628,0.0004));
#5597=CARTESIAN_POINT('',(0.04411,0.04137,0.0015));
#5598=CARTESIAN_POINT('',(0.04411,0.04137,9.99999999993729E-5));
#5599=CARTESIAN_POINT('',(0.0458100000000006,0.04137,9.99999999993729E-5));
#5600=CARTESIAN_POINT('',(0.05099,-0.04545,0.0013));
#5601=CARTESIAN_POINT('',(0.05099,0.04545,0.0013));
#5602=CARTESIAN_POINT('',(-0.04819,0.04545,0.0011));
#5603=CARTESIAN_POINT('',(-0.04819,0.04825,0.0013));
#5604=CARTESIAN_POINT('',(0.04819,0.04545,0.0011));
#5605=CARTESIAN_POINT('',(0.04819,0.04545,0.0011));
#5606=CARTESIAN_POINT('',(0.04819,0.04845,0.0011));
#5607=CARTESIAN_POINT('',(0.04819,0.04845,0.0011));
#5608=CARTESIAN_POINT('',(0.04819,0.04825,0.0013));
#5609=CARTESIAN_POINT('',(0.04819,0.04845,0.0011));
#5610=CARTESIAN_POINT('',(-0.04411,-0.04137,0.0015));
#5611=CARTESIAN_POINT('',(-0.02432,-0.02235,0.0013));
#5612=CARTESIAN_POINT('',(-0.02452,-0.02235,0.0011));
#5613=CARTESIAN_POINT('',(-0.02452,-0.02235,0.0011));
#5614=CARTESIAN_POINT('',(-0.02452,-0.03635,0.0011));
#5615=CARTESIAN_POINT('',(-0.02412,-0.03675,0.0015));
#5616=CARTESIAN_POINT('',(-0.02412,-0.02195,0.0015));
#5617=CARTESIAN_POINT('',(-0.03852,-0.02215,0.0013));
#5618=CARTESIAN_POINT('',(-0.03852,-0.02235,0.0011));
#5619=CARTESIAN_POINT('',(-0.03852,-0.02235,0.0011));
#5620=CARTESIAN_POINT('',(-0.03892,-0.02195,0.0015));
#5621=CARTESIAN_POINT('',(-0.02452,-0.03655,0.0013));
#5622=CARTESIAN_POINT('',(-0.02452,-0.03635,0.0011));
#5623=CARTESIAN_POINT('',(-0.03852,-0.03635,0.0011));
#5624=CARTESIAN_POINT('',(-0.03892,-0.03675,0.0015));
#5625=CARTESIAN_POINT('',(-0.03872,-0.03635,0.0013));
#5626=CARTESIAN_POINT('',(-0.03852,-0.03635,0.0011));
#5627=CARTESIAN_POINT('',(-0.00527,-0.02235,0.0013));
#5628=CARTESIAN_POINT('',(-0.00547,-0.02235,0.0011));
#5629=CARTESIAN_POINT('',(-0.00547,-0.02235,0.0011));
#5630=CARTESIAN_POINT('',(-0.00547,-0.03635,0.0011));
#5631=CARTESIAN_POINT('',(-0.00507,-0.03675,0.0015));
#5632=CARTESIAN_POINT('',(-0.00507,-0.02195,0.0015));
#5633=CARTESIAN_POINT('',(-0.01947,-0.02215,0.0013));
#5634=CARTESIAN_POINT('',(-0.01947,-0.02235,0.0011));
#5635=CARTESIAN_POINT('',(-0.01947,-0.02235,0.0011));
#5636=CARTESIAN_POINT('',(-0.01987,-0.02195,0.0015));
#5637=CARTESIAN_POINT('',(-0.00547,-0.03655,0.0013));
#5638=CARTESIAN_POINT('',(-0.00547,-0.03635,0.0011));
#5639=CARTESIAN_POINT('',(-0.01947,-0.03635,0.0011));
#5640=CARTESIAN_POINT('',(-0.01987,-0.03675,0.0015));
#5641=CARTESIAN_POINT('',(-0.01967,-0.03635,0.0013));
#5642=CARTESIAN_POINT('',(-0.01947,-0.03635,0.0011));
#5643=CARTESIAN_POINT('',(-0.02432,-0.0033,0.0013));
#5644=CARTESIAN_POINT('',(-0.02452,-0.0033,0.0011));
#5645=CARTESIAN_POINT('',(-0.02452,-0.0033,0.0011));
#5646=CARTESIAN_POINT('',(-0.02452,-0.0173,0.0011));
#5647=CARTESIAN_POINT('',(-0.02412,-0.0177,0.0015));
#5648=CARTESIAN_POINT('',(-0.02412,-0.0029,0.0015));
#5649=CARTESIAN_POINT('',(-0.03852,-0.0031,0.0013));
#5650=CARTESIAN_POINT('',(-0.03852,-0.0033,0.0011));
#5651=CARTESIAN_POINT('',(-0.03852,-0.0033,0.0011));
#5652=CARTESIAN_POINT('',(-0.03892,-0.0029,0.0015));
#5653=CARTESIAN_POINT('',(-0.02452,-0.0175,0.0013));
#5654=CARTESIAN_POINT('',(-0.02452,-0.0173,0.0011));
#5655=CARTESIAN_POINT('',(-0.03852,-0.0173,0.0011));
#5656=CARTESIAN_POINT('',(-0.03892,-0.0177,0.0015));
#5657=CARTESIAN_POINT('',(-0.03872,-0.0173,0.0013));
#5658=CARTESIAN_POINT('',(-0.03852,-0.0173,0.0011));
#5659=CARTESIAN_POINT('',(-0.00527,-0.0033,0.0013));
#5660=CARTESIAN_POINT('',(-0.00547,-0.0033,0.0011));
#5661=CARTESIAN_POINT('',(-0.00547,-0.0033,0.0011));
#5662=CARTESIAN_POINT('',(-0.00547,-0.0173,0.0011));
#5663=CARTESIAN_POINT('',(-0.00507,-0.0177,0.0015));
#5664=CARTESIAN_POINT('',(-0.00507,-0.0029,0.0015));
#5665=CARTESIAN_POINT('',(-0.01947,-0.0031,0.0013));
#5666=CARTESIAN_POINT('',(-0.01947,-0.0033,0.0011));
#5667=CARTESIAN_POINT('',(-0.01947,-0.0033,0.0011));
#5668=CARTESIAN_POINT('',(-0.01987,-0.0029,0.0015));
#5669=CARTESIAN_POINT('',(-0.00547,-0.0175,0.0013));
#5670=CARTESIAN_POINT('',(-0.00547,-0.0173,0.0011));
#5671=CARTESIAN_POINT('',(-0.01947,-0.0173,0.0011));
#5672=CARTESIAN_POINT('',(-0.01987,-0.0177,0.0015));
#5673=CARTESIAN_POINT('',(-0.01967,-0.0173,0.0013));
#5674=CARTESIAN_POINT('',(-0.01947,-0.0173,0.0011));
#5675=CARTESIAN_POINT('',(0.01378,-0.02235,0.0013));
#5676=CARTESIAN_POINT('',(0.01358,-0.02235,0.0011));
#5677=CARTESIAN_POINT('',(0.01358,-0.02235,0.0011));
#5678=CARTESIAN_POINT('',(0.01358,-0.03635,0.0011));
#5679=CARTESIAN_POINT('',(0.01398,-0.03675,0.0015));
#5680=CARTESIAN_POINT('',(0.01398,-0.02195,0.0015));
#5681=CARTESIAN_POINT('',(-0.00042,-0.02215,0.0013));
#5682=CARTESIAN_POINT('',(-0.00042,-0.02235,0.0011));
#5683=CARTESIAN_POINT('',(-0.00042,-0.02235,0.0011));
#5684=CARTESIAN_POINT('',(-0.00082,-0.02195,0.0015));
#5685=CARTESIAN_POINT('',(0.01358,-0.03655,0.0013));
#5686=CARTESIAN_POINT('',(0.01358,-0.03635,0.0011));
#5687=CARTESIAN_POINT('',(-0.00042,-0.03635,0.0011));
#5688=CARTESIAN_POINT('',(-0.00082,-0.03675,0.0015));
#5689=CARTESIAN_POINT('',(-0.00062,-0.03635,0.0013));
#5690=CARTESIAN_POINT('',(-0.00042,-0.03635,0.0011));
#5691=CARTESIAN_POINT('',(0.04411,-0.04137,0.0015));
#5692=CARTESIAN_POINT('',(0.01378,-0.0033,0.0013));
#5693=CARTESIAN_POINT('',(0.01358,-0.0033,0.0011));
#5694=CARTESIAN_POINT('',(0.01358,-0.0033,0.0011));
#5695=CARTESIAN_POINT('',(0.01358,-0.0173,0.0011));
#5696=CARTESIAN_POINT('',(0.01398,-0.0177,0.0015));
#5697=CARTESIAN_POINT('',(0.01398,-0.0029,0.0015));
#5698=CARTESIAN_POINT('',(-0.00042,-0.0031,0.0013));
#5699=CARTESIAN_POINT('',(-0.00042,-0.0033,0.0011));
#5700=CARTESIAN_POINT('',(-0.00042,-0.0033,0.0011));
#5701=CARTESIAN_POINT('',(-0.00082,-0.0029,0.0015));
#5702=CARTESIAN_POINT('',(0.01358,-0.0175,0.0013));
#5703=CARTESIAN_POINT('',(0.01358,-0.0173,0.0011));
#5704=CARTESIAN_POINT('',(-0.00042,-0.0173,0.0011));
#5705=CARTESIAN_POINT('',(-0.00082,-0.0177,0.0015));
#5706=CARTESIAN_POINT('',(-0.00062,-0.0173,0.0013));
#5707=CARTESIAN_POINT('',(-0.00042,-0.0173,0.0011));
#5708=CARTESIAN_POINT('',(-0.02432,0.01575,0.0013));
#5709=CARTESIAN_POINT('',(-0.02452,0.01575,0.0011));
#5710=CARTESIAN_POINT('',(-0.02452,0.01575,0.0011));
#5711=CARTESIAN_POINT('',(-0.02452,0.00175,0.0011));
#5712=CARTESIAN_POINT('',(-0.02412,0.00135,0.0015));
#5713=CARTESIAN_POINT('',(-0.02412,0.01615,0.0015));
#5714=CARTESIAN_POINT('',(-0.03852,0.01595,0.0013));
#5715=CARTESIAN_POINT('',(-0.03852,0.01575,0.0011));
#5716=CARTESIAN_POINT('',(-0.03852,0.01575,0.0011));
#5717=CARTESIAN_POINT('',(-0.03892,0.01615,0.0015));
#5718=CARTESIAN_POINT('',(-0.02452,0.00155,0.0013));
#5719=CARTESIAN_POINT('',(-0.02452,0.00175,0.0011));
#5720=CARTESIAN_POINT('',(-0.03852,0.00175,0.0011));
#5721=CARTESIAN_POINT('',(-0.03892,0.00135,0.0015));
#5722=CARTESIAN_POINT('',(-0.03872,0.00175,0.0013));
#5723=CARTESIAN_POINT('',(-0.03852,0.00175,0.0011));
#5724=CARTESIAN_POINT('',(-0.00527,0.01575,0.0013));
#5725=CARTESIAN_POINT('',(-0.00547,0.01575,0.0011));
#5726=CARTESIAN_POINT('',(-0.00547,0.01575,0.0011));
#5727=CARTESIAN_POINT('',(-0.00547,0.00175,0.0011));
#5728=CARTESIAN_POINT('',(-0.00507,0.00135,0.0015));
#5729=CARTESIAN_POINT('',(-0.00507,0.01615,0.0015));
#5730=CARTESIAN_POINT('',(-0.01947,0.01595,0.0013));
#5731=CARTESIAN_POINT('',(-0.01947,0.01575,0.0011));
#5732=CARTESIAN_POINT('',(-0.01947,0.01575,0.0011));
#5733=CARTESIAN_POINT('',(-0.01987,0.01615,0.0015));
#5734=CARTESIAN_POINT('',(-0.00547,0.00155,0.0013));
#5735=CARTESIAN_POINT('',(-0.00547,0.00175,0.0011));
#5736=CARTESIAN_POINT('',(-0.01947,0.00175,0.0011));
#5737=CARTESIAN_POINT('',(-0.01987,0.00135,0.0015));
#5738=CARTESIAN_POINT('',(-0.01967,0.00175,0.0013));
#5739=CARTESIAN_POINT('',(-0.01947,0.00175,0.0011));
#5740=CARTESIAN_POINT('',(-0.04411,0.04137,0.0015));
#5741=CARTESIAN_POINT('',(-0.00259,0.03677,0.0013));
#5742=CARTESIAN_POINT('',(-0.00279,0.03677,0.0011));
#5743=CARTESIAN_POINT('',(-0.00279,0.03677,0.0011));
#5744=CARTESIAN_POINT('',(-0.00279,0.02477,0.0011));
#5745=CARTESIAN_POINT('',(-0.00239,0.02437,0.0015));
#5746=CARTESIAN_POINT('',(-0.00239,0.03717,0.0015));
#5747=CARTESIAN_POINT('',(-0.04079,0.03697,0.0013));
#5748=CARTESIAN_POINT('',(-0.04079,0.03677,0.0011));
#5749=CARTESIAN_POINT('',(-0.04079,0.03677,0.0011));
#5750=CARTESIAN_POINT('',(-0.04119,0.03717,0.0015));
#5751=CARTESIAN_POINT('',(-0.00279,0.02457,0.0013));
#5752=CARTESIAN_POINT('',(-0.00279,0.02477,0.0011));
#5753=CARTESIAN_POINT('',(-0.04079,0.02477,0.0011));
#5754=CARTESIAN_POINT('',(-0.04119,0.02437,0.0015));
#5755=CARTESIAN_POINT('',(-0.04099,0.02477,0.0013));
#5756=CARTESIAN_POINT('',(-0.04079,0.02477,0.0011));
#5757=CARTESIAN_POINT('',(0.01378,0.01575,0.0013));
#5758=CARTESIAN_POINT('',(0.01358,0.01575,0.0011));
#5759=CARTESIAN_POINT('',(0.01358,0.01575,0.0011));
#5760=CARTESIAN_POINT('',(0.01358,0.00175,0.0011));
#5761=CARTESIAN_POINT('',(0.01398,0.00135,0.0015));
#5762=CARTESIAN_POINT('',(0.01398,0.01615,0.0015));
#5763=CARTESIAN_POINT('',(-0.00042,0.01595,0.0013));
#5764=CARTESIAN_POINT('',(-0.00042,0.01575,0.0011));
#5765=CARTESIAN_POINT('',(-0.00042,0.01575,0.0011));
#5766=CARTESIAN_POINT('',(-0.00082,0.01615,0.0015));
#5767=CARTESIAN_POINT('',(0.01358,0.00155,0.0013));
#5768=CARTESIAN_POINT('',(0.01358,0.00175,0.0011));
#5769=CARTESIAN_POINT('',(-0.00042,0.00175,0.0011));
#5770=CARTESIAN_POINT('',(-0.00082,0.00135,0.0015));
#5771=CARTESIAN_POINT('',(-0.00062,0.00175,0.0013));
#5772=CARTESIAN_POINT('',(-0.00042,0.00175,0.0011));
#5773=CARTESIAN_POINT('',(0.0206,0.03628,0.0013));
#5774=CARTESIAN_POINT('',(0.0204,0.03628,0.0011));
#5775=CARTESIAN_POINT('',(0.0204,0.03628,0.0011));
#5776=CARTESIAN_POINT('',(0.0204,0.02428,0.0011));
#5777=CARTESIAN_POINT('',(0.0208,0.02388,0.0015));
#5778=CARTESIAN_POINT('',(0.0208,0.03668,0.0015));
#5779=CARTESIAN_POINT('',(0.008,0.03648,0.0013));
#5780=CARTESIAN_POINT('',(0.008,0.03628,0.0011));
#5781=CARTESIAN_POINT('',(0.008,0.03628,0.0011));
#5782=CARTESIAN_POINT('',(0.0076,0.03668,0.0015));
#5783=CARTESIAN_POINT('',(0.0204,0.02408,0.0013));
#5784=CARTESIAN_POINT('',(0.0204,0.02428,0.0011));
#5785=CARTESIAN_POINT('',(0.008,0.02428,0.0011));
#5786=CARTESIAN_POINT('',(0.0076,0.02388,0.0015));
#5787=CARTESIAN_POINT('',(0.0078,0.02428,0.0013));
#5788=CARTESIAN_POINT('',(0.008,0.02428,0.0011));
#5789=CARTESIAN_POINT('',(0.04411,0.04137,0.0015));
#5790=CARTESIAN_POINT('',(0.04819,0.04545,0.));
#5791=CARTESIAN_POINT('',(0.04819,0.04845,0.));
#5792=CARTESIAN_POINT('',(0.05119,0.04845,0.));
#5793=CARTESIAN_POINT('',(-0.02452,-0.03635,-0.0005));
#5794=CARTESIAN_POINT('',(-0.02452,-0.02235,-0.0005));
#5795=CARTESIAN_POINT('',(-0.02452,-0.03635,-0.0005));
#5796=CARTESIAN_POINT('',(-0.02452,-0.02235,-0.0005));
#5797=CARTESIAN_POINT('',(-0.03852,-0.02235,-0.0005));
#5798=CARTESIAN_POINT('',(-0.03852,-0.03635,-0.0005));
#5799=CARTESIAN_POINT('',(-0.03852,-0.03635,-0.0005));
#5800=CARTESIAN_POINT('',(-0.03852,-0.02235,-0.0005));
#5801=CARTESIAN_POINT('',(-0.00547,-0.03635,-0.0005));
#5802=CARTESIAN_POINT('',(-0.00547,-0.02235,-0.0005));
#5803=CARTESIAN_POINT('',(-0.00547,-0.03635,-0.0005));
#5804=CARTESIAN_POINT('',(-0.00547,-0.02235,-0.0005));
#5805=CARTESIAN_POINT('',(-0.01947,-0.02235,-0.0005));
#5806=CARTESIAN_POINT('',(-0.01947,-0.03635,-0.0005));
#5807=CARTESIAN_POINT('',(-0.01947,-0.03635,-0.0005));
#5808=CARTESIAN_POINT('',(-0.01947,-0.02235,-0.0005));
#5809=CARTESIAN_POINT('',(-0.02452,-0.0173,-0.0005));
#5810=CARTESIAN_POINT('',(-0.02452,-0.0033,-0.0005));
#5811=CARTESIAN_POINT('',(-0.02452,-0.0173,-0.0005));
#5812=CARTESIAN_POINT('',(-0.02452,-0.0033,-0.0005));
#5813=CARTESIAN_POINT('',(-0.03852,-0.0033,-0.0005));
#5814=CARTESIAN_POINT('',(-0.03852,-0.0173,-0.0005));
#5815=CARTESIAN_POINT('',(-0.03852,-0.0173,-0.0005));
#5816=CARTESIAN_POINT('',(-0.03852,-0.0033,-0.0005));
#5817=CARTESIAN_POINT('',(-0.00547,-0.0173,-0.0005));
#5818=CARTESIAN_POINT('',(-0.00547,-0.0033,-0.0005));
#5819=CARTESIAN_POINT('',(-0.00547,-0.0173,-0.0005));
#5820=CARTESIAN_POINT('',(-0.00547,-0.0033,-0.0005));
#5821=CARTESIAN_POINT('',(-0.01947,-0.0033,-0.0005));
#5822=CARTESIAN_POINT('',(-0.01947,-0.0173,-0.0005));
#5823=CARTESIAN_POINT('',(-0.01947,-0.0173,-0.0005));
#5824=CARTESIAN_POINT('',(-0.01947,-0.0033,-0.0005));
#5825=CARTESIAN_POINT('',(0.01358,-0.03635,-0.0005));
#5826=CARTESIAN_POINT('',(0.01358,-0.02235,-0.0005));
#5827=CARTESIAN_POINT('',(0.01358,-0.03635,-0.0005));
#5828=CARTESIAN_POINT('',(0.01358,-0.02235,-0.0005));
#5829=CARTESIAN_POINT('',(-0.00042,-0.02235,-0.0005));
#5830=CARTESIAN_POINT('',(-0.00042,-0.03635,-0.0005));
#5831=CARTESIAN_POINT('',(-0.00042,-0.03635,-0.0005));
#5832=CARTESIAN_POINT('',(-0.00042,-0.02235,-0.0005));
#5833=CARTESIAN_POINT('',(0.01358,-0.0173,-0.0005));
#5834=CARTESIAN_POINT('',(0.01358,-0.0033,-0.0005));
#5835=CARTESIAN_POINT('',(0.01358,-0.0173,-0.0005));
#5836=CARTESIAN_POINT('',(0.01358,-0.0033,-0.0005));
#5837=CARTESIAN_POINT('',(-0.00042,-0.0033,-0.0005));
#5838=CARTESIAN_POINT('',(-0.00042,-0.0173,-0.0005));
#5839=CARTESIAN_POINT('',(-0.00042,-0.0173,-0.0005));
#5840=CARTESIAN_POINT('',(-0.00042,-0.0033,-0.0005));
#5841=CARTESIAN_POINT('',(-0.02452,0.00175,-0.0005));
#5842=CARTESIAN_POINT('',(-0.02452,0.01575,-0.0005));
#5843=CARTESIAN_POINT('',(-0.02452,0.00175,-0.0005));
#5844=CARTESIAN_POINT('',(-0.02452,0.01575,-0.0005));
#5845=CARTESIAN_POINT('',(-0.03852,0.01575,-0.0005));
#5846=CARTESIAN_POINT('',(-0.03852,0.00175,-0.0005));
#5847=CARTESIAN_POINT('',(-0.03852,0.00175,-0.0005));
#5848=CARTESIAN_POINT('',(-0.03852,0.01575,-0.0005));
#5849=CARTESIAN_POINT('',(-0.00547,0.00175,-0.0005));
#5850=CARTESIAN_POINT('',(-0.00547,0.01575,-0.0005));
#5851=CARTESIAN_POINT('',(-0.00547,0.00175,-0.0005));
#5852=CARTESIAN_POINT('',(-0.00547,0.01575,-0.0005));
#5853=CARTESIAN_POINT('',(-0.01947,0.01575,-0.0005));
#5854=CARTESIAN_POINT('',(-0.01947,0.00175,-0.0005));
#5855=CARTESIAN_POINT('',(-0.01947,0.00175,-0.0005));
#5856=CARTESIAN_POINT('',(-0.01947,0.01575,-0.0005));
#5857=CARTESIAN_POINT('',(-0.00279,0.02477,-0.0005));
#5858=CARTESIAN_POINT('',(-0.00279,0.03677,-0.0005));
#5859=CARTESIAN_POINT('',(-0.00279,0.02477,-0.0005));
#5860=CARTESIAN_POINT('',(-0.00279,0.03677,-0.0005));
#5861=CARTESIAN_POINT('',(-0.04079,0.03677,-0.0005));
#5862=CARTESIAN_POINT('',(-0.04079,0.02477,-0.0005));
#5863=CARTESIAN_POINT('',(-0.04079,0.02477,-0.0005));
#5864=CARTESIAN_POINT('',(-0.04079,0.03677,-0.0005));
#5865=CARTESIAN_POINT('',(0.01358,0.00175,-0.0005));
#5866=CARTESIAN_POINT('',(0.01358,0.01575,-0.0005));
#5867=CARTESIAN_POINT('',(0.01358,0.00175,-0.0005));
#5868=CARTESIAN_POINT('',(0.01358,0.01575,-0.0005));
#5869=CARTESIAN_POINT('',(-0.00042,0.01575,-0.0005));
#5870=CARTESIAN_POINT('',(-0.00042,0.00175,-0.0005));
#5871=CARTESIAN_POINT('',(-0.00042,0.00175,-0.0005));
#5872=CARTESIAN_POINT('',(-0.00042,0.01575,-0.0005));
#5873=CARTESIAN_POINT('',(0.0204,0.02428,-0.0005));
#5874=CARTESIAN_POINT('',(0.0204,0.03628,-0.0005));
#5875=CARTESIAN_POINT('',(0.0204,0.02428,-0.0005));
#5876=CARTESIAN_POINT('',(0.0204,0.03628,-0.0005));
#5877=CARTESIAN_POINT('',(0.008,0.03628,-0.0005));
#5878=CARTESIAN_POINT('',(0.008,0.02428,-0.0005));
#5879=CARTESIAN_POINT('',(0.008,0.02428,-0.0005));
#5880=CARTESIAN_POINT('',(0.008,0.03628,-0.0005));
#5881=CARTESIAN_POINT('',(-0.00423420668812174,0.00880621367832941,0.024650395634771));
#5882=CARTESIAN_POINT('',(-0.05119,-0.04845,0.));
#5883=CARTESIAN_POINT('',(-0.05119,-0.04845,0.0009));
#5884=CARTESIAN_POINT('',(-0.04819,-0.04845,0.0009));
#5885=CARTESIAN_POINT('',(0.04819,-0.04845,0.0009));
#5886=CARTESIAN_POINT('',(0.04819,-0.04845,0.));
#5887=CARTESIAN_POINT('',(0.04819,-0.04845,0.0142));
#5888=CARTESIAN_POINT('',(-0.04819,-0.04845,0.0142));
#5889=CARTESIAN_POINT('',(-0.04819,-0.04845,0.0142));
#5890=CARTESIAN_POINT('',(-0.04819,-0.04845,0.));
#5891=CARTESIAN_POINT('',(-0.04819,-0.04545,0.));
#5892=CARTESIAN_POINT('',(-0.04819,-0.04545,0.0142));
#5893=CARTESIAN_POINT('',(-0.05119,-0.04545,0.0142));
#5894=CARTESIAN_POINT('',(-0.05119,-0.04545,0.));
#5895=CARTESIAN_POINT('',(-0.05119,-0.04545,0.0009));
#5896=CARTESIAN_POINT('',(-0.04819,-0.04545,0.0009));
#5897=CARTESIAN_POINT('',(-0.04819,-0.048,0.01465));
#5898=CARTESIAN_POINT('',(-0.04819,-0.04845,0.0142));
#5899=CARTESIAN_POINT('',(-0.04819,-0.04755,0.0151000000000004));
#5900=CARTESIAN_POINT('',(0.04819,-0.048,0.01465));
#5901=CARTESIAN_POINT('',(0.04819,-0.04755,0.0151));
#5902=CARTESIAN_POINT('',(0.,-0.04755,0.0151));
#5903=CARTESIAN_POINT('',(-0.04819,-0.048,0.00045));
#5904=CARTESIAN_POINT('',(-0.04819,-0.04755,-1.0842021724855E-19));
#5905=CARTESIAN_POINT('',(-0.04819,-0.04755,-2.01065292887437E-16));
#5906=CARTESIAN_POINT('',(0.04819,-0.04755,-4.04082149685348E-16));
#5907=CARTESIAN_POINT('',(0.04819,-0.04845,0.0009));
#5908=CARTESIAN_POINT('',(-0.04819,-0.048,0.00045));
#5909=CARTESIAN_POINT('',(0.04819,-0.04545,0.));
#5910=CARTESIAN_POINT('',(0.04819,-0.04545,0.0009));
#5911=CARTESIAN_POINT('',(0.05119,-0.04545,0.0009));
#5912=CARTESIAN_POINT('',(0.05119,-0.04545,0.));
#5913=CARTESIAN_POINT('',(0.05119,-0.04545,0.0142));
#5914=CARTESIAN_POINT('',(0.04819,-0.04545,0.0142));
#5915=CARTESIAN_POINT('',(-0.04819,-0.04545,0.0142));
#5916=CARTESIAN_POINT('',(-0.05074,-0.04545,0.01465));
#5917=CARTESIAN_POINT('',(-0.05029,-0.04545,0.0151));
#5918=CARTESIAN_POINT('',(-0.04819,-0.04545,0.0151000000000004));
#5919=CARTESIAN_POINT('',(-0.04819,-0.04545,0.0009));
#5920=CARTESIAN_POINT('',(-0.04819,-0.04545,-4.02239005992122E-16));
#5921=CARTESIAN_POINT('',(-0.05029,-0.04545,-4.02293216100747E-16));
#5922=CARTESIAN_POINT('',(-0.05119,-0.04545,0.0009));
#5923=CARTESIAN_POINT('',(-0.05119,0.04845,0.));
#5924=CARTESIAN_POINT('',(-0.05119,0.04845,0.0009));
#5925=CARTESIAN_POINT('',(-0.05119,0.04545,0.0009));
#5926=CARTESIAN_POINT('',(-0.05119,0.04545,0.0142));
#5927=CARTESIAN_POINT('',(-0.05119,0.04545,0.0142));
#5928=CARTESIAN_POINT('',(-0.05119,0.04545,0.));
#5929=CARTESIAN_POINT('',(0.,0.,0.0151));
#5930=CARTESIAN_POINT('',(0.04819,-0.04545,0.0151000000000004));
#5931=CARTESIAN_POINT('',(0.05029,-0.04545,0.0151000000000004));
#5932=CARTESIAN_POINT('',(0.05029,0.,0.0151));
#5933=CARTESIAN_POINT('',(0.05029,0.04545,0.0151));
#5934=CARTESIAN_POINT('',(0.04819,0.04545,0.0151000000000004));
#5935=CARTESIAN_POINT('',(0.04819,0.04755,0.0151000000000004));
#5936=CARTESIAN_POINT('',(0.,0.04755,0.0151));
#5937=CARTESIAN_POINT('',(-0.04819,0.04755,0.0151));
#5938=CARTESIAN_POINT('',(-0.04819,0.04545,0.0151000000000004));
#5939=CARTESIAN_POINT('',(-0.05029,0.04545,0.0151000000000004));
#5940=CARTESIAN_POINT('',(-0.05029,0.,0.0151));
#5941=CARTESIAN_POINT('',(0.04739,-0.04465,0.0151));
#5942=CARTESIAN_POINT('',(0.04739,-0.04565,0.0151));
#5943=CARTESIAN_POINT('',(0.04839,-0.04465,0.0151));
#5944=CARTESIAN_POINT('',(0.,-0.04565,0.0151));
#5945=CARTESIAN_POINT('',(-0.04739,-0.04565,0.0151));
#5946=CARTESIAN_POINT('',(-0.04739,-0.04465,0.0151));
#5947=CARTESIAN_POINT('',(-0.04839,-0.04465,0.0151));
#5948=CARTESIAN_POINT('',(-0.04839,0.,0.0151));
#5949=CARTESIAN_POINT('',(-0.04839,0.04465,0.0151));
#5950=CARTESIAN_POINT('',(-0.04739,0.04465,0.0151));
#5951=CARTESIAN_POINT('',(-0.04739,0.04565,0.0151));
#5952=CARTESIAN_POINT('',(0.,0.04565,0.0151));
#5953=CARTESIAN_POINT('',(0.04739,0.04565,0.0151));
#5954=CARTESIAN_POINT('',(0.04739,0.04465,0.0151));
#5955=CARTESIAN_POINT('',(0.04839,0.04465,0.0151));
#5956=CARTESIAN_POINT('',(0.04839,0.,0.0151));
#5957=CARTESIAN_POINT('',(0.04819,-0.04545,0.0142));
#5958=CARTESIAN_POINT('',(0.05119,-0.04545,0.0142));
#5959=CARTESIAN_POINT('',(0.,0.,0.));
#5960=CARTESIAN_POINT('',(-0.05029,0.04545,-1.95156391047391E-18));
#5961=CARTESIAN_POINT('',(-0.05029,0.04545,-2.02650938564697E-16));
#5962=CARTESIAN_POINT('',(-0.04819,0.04545,-4.04082149685348E-16));
#5963=CARTESIAN_POINT('',(-0.04819,0.04755,-4.04082149685348E-16));
#5964=CARTESIAN_POINT('',(0.04819,0.04755,-1.95156391047391E-18));
#5965=CARTESIAN_POINT('',(0.04819,0.04755,-2.01729366718084E-16));
#5966=CARTESIAN_POINT('',(0.04819,0.04545,-4.02239005992122E-16));
#5967=CARTESIAN_POINT('',(0.05029,0.04545,-4.02293216100747E-16));
#5968=CARTESIAN_POINT('',(0.05029,-0.04545,-1.95156391047391E-18));
#5969=CARTESIAN_POINT('',(0.05029,-0.04545,-2.02650938564697E-16));
#5970=CARTESIAN_POINT('',(0.04819,-0.04545,-4.04082149685348E-16));
#5971=CARTESIAN_POINT('',(0.04819,-0.04545,0.0009));
#5972=CARTESIAN_POINT('',(0.05074,-0.04545,0.00045));
#5973=CARTESIAN_POINT('',(0.05119,-0.04845,0.));
#5974=CARTESIAN_POINT('',(0.05119,-0.04845,0.0009));
#5975=CARTESIAN_POINT('',(0.05119,0.04545,0.0009));
#5976=CARTESIAN_POINT('',(0.05119,0.04545,0.));
#5977=CARTESIAN_POINT('',(0.05119,0.04545,0.0142));
#5978=CARTESIAN_POINT('',(0.05119,-0.04545,0.0142));
#5979=CARTESIAN_POINT('',(0.05119,-0.02195,0.01));
#5980=CARTESIAN_POINT('',(0.05119,-0.02195,0.01));
#5981=CARTESIAN_POINT('',(0.05119,-0.03495,0.01));
#5982=CARTESIAN_POINT('',(0.05119,-0.02195,0.003));
#5983=CARTESIAN_POINT('',(0.05119,-0.02195,0.003));
#5984=CARTESIAN_POINT('',(0.05119,-0.03495,0.003));
#5985=CARTESIAN_POINT('',(0.05119,-0.03495,0.003));
#5986=CARTESIAN_POINT('',(0.05119,-0.03495,0.01));
#5987=CARTESIAN_POINT('',(-0.05074,0.04545,0.01465));
#5988=CARTESIAN_POINT('',(-0.05119,0.04545,0.0142));
#5989=CARTESIAN_POINT('',(-0.05074,0.04545,0.00045));
#5990=CARTESIAN_POINT('',(-0.05074,0.04545,0.00045));
#5991=CARTESIAN_POINT('',(-0.04819,0.04545,0.));
#5992=CARTESIAN_POINT('',(-0.04819,0.04845,0.));
#5993=CARTESIAN_POINT('',(-0.04819,0.04845,0.0009));
#5994=CARTESIAN_POINT('',(-0.04819,0.04845,0.0142));
#5995=CARTESIAN_POINT('',(-0.04819,0.04545,0.0009));
#5996=CARTESIAN_POINT('',(-0.04819,0.04545,0.0142));
#5997=CARTESIAN_POINT('',(0.05074,-0.04545,0.01465));
#5998=CARTESIAN_POINT('',(0.05074,0.04545,0.01465));
#5999=CARTESIAN_POINT('',(-0.04819,0.04545,0.0142));
#6000=CARTESIAN_POINT('',(-0.04819,0.048,0.01465));
#6001=CARTESIAN_POINT('',(0.04819,0.04545,0.0142));
#6002=CARTESIAN_POINT('',(0.04819,0.04545,0.0142));
#6003=CARTESIAN_POINT('',(0.04819,0.04845,0.0142));
#6004=CARTESIAN_POINT('',(0.04819,0.04845,0.0142));
#6005=CARTESIAN_POINT('',(0.04819,0.048,0.01465));
#6006=CARTESIAN_POINT('',(0.04819,0.04845,0.0142));
#6007=CARTESIAN_POINT('',(0.04739,-0.04465,0.01));
#6008=CARTESIAN_POINT('',(0.04839,-0.04465,0.01));
#6009=CARTESIAN_POINT('',(0.04839,-0.04465,0.0025));
#6010=CARTESIAN_POINT('',(0.04739,-0.04465,0.0025));
#6011=CARTESIAN_POINT('',(0.04739,-0.04565,0.0025));
#6012=CARTESIAN_POINT('',(0.04739,-0.04565,0.01));
#6013=CARTESIAN_POINT('',(0.04839,-0.04565,0.01));
#6014=CARTESIAN_POINT('',(0.04839,0.04465,0.01));
#6015=CARTESIAN_POINT('',(0.04839,0.04465,0.0025));
#6016=CARTESIAN_POINT('',(0.04839,0.,0.0025));
#6017=CARTESIAN_POINT('',(0.04839,-0.03495,0.01));
#6018=CARTESIAN_POINT('',(0.04839,-0.03495,0.01));
#6019=CARTESIAN_POINT('',(0.04839,-0.03495,0.003));
#6020=CARTESIAN_POINT('',(0.04839,-0.04565,0.003));
#6021=CARTESIAN_POINT('',(0.04839,-0.02195,0.003));
#6022=CARTESIAN_POINT('',(0.04839,-0.02195,0.01));
#6023=CARTESIAN_POINT('',(0.04839,-0.02195,0.01));
#6024=CARTESIAN_POINT('',(0.04839,-0.04565,0.01));
#6025=CARTESIAN_POINT('',(0.04739,0.04465,0.01));
#6026=CARTESIAN_POINT('',(0.04739,0.04565,0.01));
#6027=CARTESIAN_POINT('',(0.04739,0.04565,0.0025));
#6028=CARTESIAN_POINT('',(0.04739,0.04465,0.0025));
#6029=CARTESIAN_POINT('',(0.04839,0.04565,0.01));
#6030=CARTESIAN_POINT('',(-0.04739,0.04565,0.01));
#6031=CARTESIAN_POINT('',(-0.04739,0.04565,0.0025));
#6032=CARTESIAN_POINT('',(0.,0.04565,0.0025));
#6033=CARTESIAN_POINT('',(-0.04739,0.04465,0.01));
#6034=CARTESIAN_POINT('',(-0.04839,0.04465,0.01));
#6035=CARTESIAN_POINT('',(-0.04839,0.04465,0.0025));
#6036=CARTESIAN_POINT('',(-0.04739,0.04465,0.0025));
#6037=CARTESIAN_POINT('',(-0.04839,0.04565,0.01));
#6038=CARTESIAN_POINT('',(-0.04839,-0.04465,0.01));
#6039=CARTESIAN_POINT('',(-0.04839,-0.04465,0.0025));
#6040=CARTESIAN_POINT('',(-0.04839,0.,0.0025));
#6041=CARTESIAN_POINT('',(-0.04739,-0.04465,0.01));
#6042=CARTESIAN_POINT('',(-0.04739,-0.04565,0.01));
#6043=CARTESIAN_POINT('',(-0.04739,-0.04565,0.0025));
#6044=CARTESIAN_POINT('',(-0.04739,-0.04465,0.0025));
#6045=CARTESIAN_POINT('',(-0.04839,-0.04565,0.01));
#6046=CARTESIAN_POINT('',(0.,-0.04565,0.0025));
#6047=CARTESIAN_POINT('',(0.05074,-0.04545,0.00045));
#6048=CARTESIAN_POINT('',(0.05119,0.04545,0.0009));
#6049=CARTESIAN_POINT('',(-0.04819,0.04545,0.0009));
#6050=CARTESIAN_POINT('',(-0.04819,0.04845,0.0009));
#6051=CARTESIAN_POINT('',(0.04819,0.04545,0.0009));
#6052=CARTESIAN_POINT('',(0.04819,0.048,0.00045));
#6053=CARTESIAN_POINT('',(0.04819,0.04845,0.0009));
#6054=CARTESIAN_POINT('',(0.04819,0.04545,0.0009));
#6055=CARTESIAN_POINT('',(0.04819,0.048,0.00045));
#6056=CARTESIAN_POINT('',(0.05119,0.04845,0.0009));
#6057=CARTESIAN_POINT('',(0.04819,0.04545,0.));
#6058=CARTESIAN_POINT('',(0.04819,0.04845,0.));
#6059=CARTESIAN_POINT('',(0.04419,-0.03495,0.01));
#6060=CARTESIAN_POINT('',(0.04419,-0.03495,0.01));
#6061=CARTESIAN_POINT('',(0.04419,-0.03495,0.003));
#6062=CARTESIAN_POINT('',(0.04419,-0.02195,0.01));
#6063=CARTESIAN_POINT('',(0.04419,-0.02195,0.01));
#6064=CARTESIAN_POINT('',(0.04419,-0.02195,0.003));
#6065=CARTESIAN_POINT('',(0.04419,-0.02195,0.003));
#6066=CARTESIAN_POINT('',(0.04419,-0.03495,0.003));
#6067=CARTESIAN_POINT('',(0.05119,0.04845,0.));
#6068=CARTESIAN_POINT('',(0.,0.,0.0025));
#6069=CARTESIAN_POINT('',(-0.04411,-0.04137,0.0025));
#6070=CARTESIAN_POINT('',(-0.04761,-0.04137,0.0025));
#6071=CARTESIAN_POINT('',(0.04411,-0.04137,0.0025));
#6072=CARTESIAN_POINT('',(0.04061,-0.04137,0.0025));
#6073=CARTESIAN_POINT('',(-0.04411,0.04137,0.0025));
#6074=CARTESIAN_POINT('',(-0.04761,0.04137,0.0025));
#6075=CARTESIAN_POINT('',(0.04411,0.04137,0.0025));
#6076=CARTESIAN_POINT('',(0.04061,0.04137,0.0025));
#6077=CARTESIAN_POINT('',(-0.04411,-0.04137,0.0025));
#6078=CARTESIAN_POINT('',(-0.04411,-0.04137,0.01));
#6079=CARTESIAN_POINT('',(-0.04761,-0.04137,0.01));
#6080=CARTESIAN_POINT('',(0.04411,-0.04137,0.0025));
#6081=CARTESIAN_POINT('',(0.04411,-0.04137,0.01));
#6082=CARTESIAN_POINT('',(0.04061,-0.04137,0.01));
#6083=CARTESIAN_POINT('',(-0.04411,0.04137,0.0025));
#6084=CARTESIAN_POINT('',(-0.04411,0.04137,0.01));
#6085=CARTESIAN_POINT('',(-0.04761,0.04137,0.01));
#6086=CARTESIAN_POINT('',(0.04411,0.04137,0.0025));
#6087=CARTESIAN_POINT('',(0.04411,0.04137,0.01));
#6088=CARTESIAN_POINT('',(0.04061,0.04137,0.01));
#6089=CARTESIAN_POINT('',(-0.04411,-0.04137,0.01));
#6090=CARTESIAN_POINT('',(-0.04411,-0.04137,0.01));
#6091=CARTESIAN_POINT('',(-0.04646,-0.04137,0.01));
#6092=CARTESIAN_POINT('',(0.04411,-0.04137,0.01));
#6093=CARTESIAN_POINT('',(0.04411,-0.04137,0.01));
#6094=CARTESIAN_POINT('',(0.04176,-0.04137,0.01));
#6095=CARTESIAN_POINT('',(-0.04411,0.04137,0.01));
#6096=CARTESIAN_POINT('',(-0.04411,0.04137,0.01));
#6097=CARTESIAN_POINT('',(-0.04646,0.04137,0.01));
#6098=CARTESIAN_POINT('',(0.04411,0.04137,0.01));
#6099=CARTESIAN_POINT('',(0.04411,0.04137,0.01));
#6100=CARTESIAN_POINT('',(0.04176,0.04137,0.01));
#6101=CARTESIAN_POINT('',(-0.04411,-0.04137,0.006));
#6102=CARTESIAN_POINT('',(-0.04411,-0.04137,0.006));
#6103=CARTESIAN_POINT('',(-0.04646,-0.04137,0.006));
#6104=CARTESIAN_POINT('',(0.04411,-0.04137,0.006));
#6105=CARTESIAN_POINT('',(0.04411,-0.04137,0.006));
#6106=CARTESIAN_POINT('',(0.04176,-0.04137,0.006));
#6107=CARTESIAN_POINT('',(-0.04411,0.04137,0.006));
#6108=CARTESIAN_POINT('',(-0.04411,0.04137,0.006));
#6109=CARTESIAN_POINT('',(-0.04646,0.04137,0.006));
#6110=CARTESIAN_POINT('',(0.04411,0.04137,0.006));
#6111=CARTESIAN_POINT('',(0.04411,0.04137,0.006));
#6112=CARTESIAN_POINT('',(0.04176,0.04137,0.006));
#6113=CARTESIAN_POINT('',(-0.04411,-0.04137,0.006));
#6114=CARTESIAN_POINT('',(-0.04411,-0.04137,0.006));
#6115=CARTESIAN_POINT('',(-0.04581,-0.04137,0.006));
#6116=CARTESIAN_POINT('',(0.04411,-0.04137,0.006));
#6117=CARTESIAN_POINT('',(0.04411,-0.04137,0.006));
#6118=CARTESIAN_POINT('',(0.04241,-0.04137,0.006));
#6119=CARTESIAN_POINT('',(-0.04411,0.04137,0.006));
#6120=CARTESIAN_POINT('',(-0.04411,0.04137,0.006));
#6121=CARTESIAN_POINT('',(-0.04581,0.04137,0.006));
#6122=CARTESIAN_POINT('',(0.04411,0.04137,0.006));
#6123=CARTESIAN_POINT('',(0.04411,0.04137,0.006));
#6124=CARTESIAN_POINT('',(0.04241,0.04137,0.006));
#6125=CARTESIAN_POINT('',(-0.04411,-0.04137,0.0006));
#6126=CARTESIAN_POINT('',(-0.04411,-0.04137,0.0006));
#6127=CARTESIAN_POINT('',(-0.04581,-0.04137,0.0006));
#6128=CARTESIAN_POINT('',(0.04411,-0.04137,0.0006));
#6129=CARTESIAN_POINT('',(0.04411,-0.04137,0.0006));
#6130=CARTESIAN_POINT('',(0.04241,-0.04137,0.0006));
#6131=CARTESIAN_POINT('',(-0.04411,0.04137,0.0006));
#6132=CARTESIAN_POINT('',(-0.04411,0.04137,0.0006));
#6133=CARTESIAN_POINT('',(-0.04581,0.04137,0.0006));
#6134=CARTESIAN_POINT('',(0.04411,0.04137,0.0006));
#6135=CARTESIAN_POINT('',(0.04411,0.04137,0.0006));
#6136=CARTESIAN_POINT('',(0.04241,0.04137,0.0006));
#6137=CARTESIAN_POINT('',(-0.04411,-0.04137,0.0006));
#6138=CARTESIAN_POINT('',(0.04411,-0.04137,0.0006));
#6139=CARTESIAN_POINT('',(-0.04411,0.04137,0.0006));
#6140=CARTESIAN_POINT('',(0.04411,0.04137,0.0006));
#6141=CARTESIAN_POINT('',(-0.00388065329752862,0.00915976706892252,0.0095503956347704));
#6142=MECHANICAL_DESIGN_GEOMETRIC_PRESENTATION_REPRESENTATION('',(#3755,
#3756),#6143);
#6143=(
GEOMETRIC_REPRESENTATION_CONTEXT(3)
GLOBAL_UNCERTAINTY_ASSIGNED_CONTEXT((#6146))
GLOBAL_UNIT_ASSIGNED_CONTEXT((#6151,#6150,#6149))
REPRESENTATION_CONTEXT('Assembly 1','TOP_LEVEL_ASSEMBLY_PART')
);
#6144=(
GEOMETRIC_REPRESENTATION_CONTEXT(3)
GLOBAL_UNCERTAINTY_ASSIGNED_CONTEXT((#6147))
GLOBAL_UNIT_ASSIGNED_CONTEXT((#6151,#6150,#6149))
REPRESENTATION_CONTEXT('Part 1','COMPONENT_PART')
);
#6145=(
GEOMETRIC_REPRESENTATION_CONTEXT(3)
GLOBAL_UNCERTAINTY_ASSIGNED_CONTEXT((#6148))
GLOBAL_UNIT_ASSIGNED_CONTEXT((#6151,#6150,#6149))
REPRESENTATION_CONTEXT('Part 1','COMPONENT_PART')
);
#6146=UNCERTAINTY_MEASURE_WITH_UNIT(LENGTH_MEASURE(1.E-8),#6151,
'DISTANCE_ACCURACY_VALUE','Maximum Tolerance applied to model');
#6147=UNCERTAINTY_MEASURE_WITH_UNIT(LENGTH_MEASURE(1.E-8),#6151,
'DISTANCE_ACCURACY_VALUE','Maximum Tolerance applied to model');
#6148=UNCERTAINTY_MEASURE_WITH_UNIT(LENGTH_MEASURE(1.E-8),#6151,
'DISTANCE_ACCURACY_VALUE','Maximum Tolerance applied to model');
#6149=(
NAMED_UNIT(*)
SI_UNIT($,.STERADIAN.)
SOLID_ANGLE_UNIT()
);
#6150=(
NAMED_UNIT(*)
PLANE_ANGLE_UNIT()
SI_UNIT($,.RADIAN.)
);
#6151=(
LENGTH_UNIT()
NAMED_UNIT(*)
SI_UNIT($,.METRE.)
);
#6152=PRODUCT_DEFINITION_SHAPE('','',#6157);
#6153=PRODUCT_DEFINITION_SHAPE('','',#6158);
#6154=PRODUCT_DEFINITION_SHAPE(' ','NAUO PRDDFN',#13);
#6155=PRODUCT_DEFINITION_SHAPE('','',#6159);
#6156=PRODUCT_DEFINITION_SHAPE(' ','NAUO PRDDFN',#14);
#6157=PRODUCT_DEFINITION('','',#6163,#6160);
#6158=PRODUCT_DEFINITION('','',#6164,#6161);
#6159=PRODUCT_DEFINITION('','',#6165,#6162);
#6160=PRODUCT_DEFINITION_CONTEXT('',#6179,'design');
#6161=PRODUCT_DEFINITION_CONTEXT('',#6179,'design');
#6162=PRODUCT_DEFINITION_CONTEXT('',#6179,'design');
#6163=PRODUCT_DEFINITION_FORMATION_WITH_SPECIFIED_SOURCE('','',#6169,
 .NOT_KNOWN.);
#6164=PRODUCT_DEFINITION_FORMATION_WITH_SPECIFIED_SOURCE('','',#6170,
 .NOT_KNOWN.);
#6165=PRODUCT_DEFINITION_FORMATION_WITH_SPECIFIED_SOURCE('','',#6171,
 .NOT_KNOWN.);
#6166=PRODUCT_RELATED_PRODUCT_CATEGORY('','',(#6169));
#6167=PRODUCT_RELATED_PRODUCT_CATEGORY('','',(#6170));
#6168=PRODUCT_RELATED_PRODUCT_CATEGORY('','',(#6171));
#6169=PRODUCT('Assembly 1','Assembly 1','Assembly 1',(#6175));
#6170=PRODUCT('Part 1','Part 1','Part 1',(#6176));
#6171=PRODUCT('Part 1','Part 1','Part 1',(#6177));
#6172=PRODUCT_CATEGORY('','');
#6173=PRODUCT_CATEGORY('','');
#6174=PRODUCT_CATEGORY('','');
#6175=PRODUCT_CONTEXT('',#6179,'mechanical');
#6176=PRODUCT_CONTEXT('',#6179,'mechanical');
#6177=PRODUCT_CONTEXT('',#6179,'mechanical');
#6178=APPLICATION_PROTOCOL_DEFINITION('international standard',
'ap242_managed_model_based_3d_engineering',2020,#6179);
#6179=APPLICATION_CONTEXT('managed model based 3d engineering');
ENDSEC;
END-ISO-10303-21;
